{
    "0": {
        "clone_proportion": {
            "4": 1.0
        },
        "mrca": 4,
        "size": 6340
    },
    "1": {
        "clone_proportion": {
            "4": 1.0
        },
        "mrca": 4,
        "size": 8031
    },
    "2": {
        "clone_proportion": {
            "4": 0.9545114966381671,
            "6": 0.04548850336183282
        },
        "mrca": 4,
        "size": 12047
    },
    "3": {
        "clone_proportion": {
            "0": 0.975995218964773,
            "1": 0.024004781035226932
        },
        "mrca": 0,
        "size": 30119
    },
    "4": {
        "clone_proportion": {
            "4": 1.0
        },
        "mrca": 4,
        "size": 15059
    },
    "5": {
        "clone_proportion": {
            "3": 0.9512583836908162,
            "4": 0.048741616309183874
        },
        "mrca": 3,
        "size": 15059
    },
    "6": {
        "clone_proportion": {
            "4": 1.0
        },
        "mrca": 4,
        "size": 6693
    },
    "7": {
        "clone_proportion": {
            "3": 1.0
        },
        "mrca": 3,
        "size": 13386
    },
    "8": {
        "clone_proportion": {
            "3": 0.10116873630387144,
            "4": 0.8988312636961285
        },
        "mrca": 3,
        "size": 10952
    },
    "9": {
        "clone_proportion": {
            "4": 1.0
        },
        "mrca": 4,
        "size": 30119
    }
}