{
    "0": {
        "clone_proportion": {
            "3": 0.18087221178760918,
            "4": 0.8191277882123909
        },
        "mrca": 2,
        "size": 72941
    },
    "1": {
        "clone_proportion": {
            "4": 1.0
        },
        "mrca": 4,
        "size": 81045
    },
    "2": {
        "clone_proportion": {
            "2": 1.0
        },
        "mrca": 2,
        "size": 45588
    },
    "3": {
        "clone_proportion": {
            "2": 1.0
        },
        "mrca": 2,
        "size": 243137
    },
    "4": {
        "clone_proportion": {
            "4": 1.0
        },
        "mrca": 4,
        "size": 91176
    },
    "5": {
        "clone_proportion": {
            "2": 1.0
        },
        "mrca": 2,
        "size": 91176
    },
    "6": {
        "clone_proportion": {
            "4": 1.0
        },
        "mrca": 4,
        "size": 60784
    },
    "7": {
        "clone_proportion": {
            "9": 0.10110557228172351,
            "10": 0.00022210157445338335,
            "11": 0.00779823305858546,
            "12": 0.005404471645032328,
            "13": 0.8854696214402054
        },
        "mrca": 2,
        "size": 40522
    },
    "8": {
        "clone_proportion": {
            "0": 1.0
        },
        "mrca": 0,
        "size": 66310
    },
    "9": {
        "clone_proportion": {
            "5": 1.0
        },
        "mrca": 5,
        "size": 104201
    }
}