{
    "0": {
        "clone_proportion": {
            "0": 0.20813974565679885,
            "1": 0.011534168423663648,
            "2": 0.7803260859195374
        },
        "mrca": 0,
        "size": 104819
    },
    "1": {
        "clone_proportion": {
            "2": 1.0
        },
        "mrca": 2,
        "size": 49651
    },
    "2": {
        "clone_proportion": {
            "2": 1.0
        },
        "mrca": 2,
        "size": 47168
    },
    "3": {
        "clone_proportion": {
            "4": 0.08381034760560035,
            "5": 0.9161896523943996
        },
        "mrca": 4,
        "size": 117921
    },
    "4": {
        "clone_proportion": {
            "2": 1.0
        },
        "mrca": 2,
        "size": 52409
    },
    "5": {
        "clone_proportion": {
            "2": 1.0
        },
        "mrca": 2,
        "size": 58960
    },
    "6": {
        "clone_proportion": {
            "2": 1.0
        },
        "mrca": 2,
        "size": 188674
    },
    "7": {
        "clone_proportion": {
            "2": 1.0
        },
        "mrca": 2,
        "size": 72567
    },
    "8": {
        "clone_proportion": {
            "2": 1.0
        },
        "mrca": 2,
        "size": 78614
    },
    "9": {
        "clone_proportion": {
            "2": 1.0
        },
        "mrca": 2,
        "size": 49651
    }
}