{
    "0": {
        "clone_proportion": {
            "0": 1.0
        },
        "mrca": 0,
        "size": 27440
    },
    "1": {
        "clone_proportion": {
            "4": 0.6050509743898106,
            "6": 0.09670101402137371,
            "7": 0.2982480115888157
        },
        "mrca": 0,
        "size": 36587
    },
    "2": {
        "clone_proportion": {
            "2": 1.0
        },
        "mrca": 2,
        "size": 31360
    },
    "3": {
        "clone_proportion": {
            "1": 0.1587495729415784,
            "2": 0.8412504270584216
        },
        "mrca": 0,
        "size": 146350
    },
    "4": {
        "clone_proportion": {
            "0": 1.0
        },
        "mrca": 0,
        "size": 36587
    },
    "5": {
        "clone_proportion": {
            "0": 1.0
        },
        "mrca": 0,
        "size": 62721
    },
    "6": {
        "clone_proportion": {
            "0": 1.0
        },
        "mrca": 0,
        "size": 87810
    },
    "7": {
        "clone_proportion": {
            "2": 1.0
        },
        "mrca": 2,
        "size": 48783
    },
    "8": {
        "clone_proportion": {
            "0": 1.0
        },
        "mrca": 0,
        "size": 24391
    },
    "9": {
        "clone_proportion": {
            "2": 1.0
        },
        "mrca": 2,
        "size": 24391
    }
}