{
    "0": {
        "clone_proportion": {
            "3": 1.0
        },
        "mrca": 3,
        "size": 16783
    },
    "1": {
        "clone_proportion": {
            "3": 1.0
        },
        "mrca": 3,
        "size": 15850
    },
    "2": {
        "clone_proportion": {
            "1": 1.0
        },
        "mrca": 1,
        "size": 19020
    },
    "3": {
        "clone_proportion": {
            "3": 1.0
        },
        "mrca": 3,
        "size": 23776
    },
    "4": {
        "clone_proportion": {
            "3": 0.7197794687200985,
            "4": 0.2576661958354217,
            "5": 0.02255433544447988
        },
        "mrca": 1,
        "size": 21947
    },
    "5": {
        "clone_proportion": {
            "1": 0.05770524899057874,
            "3": 0.9422947510094213
        },
        "mrca": 1,
        "size": 23776
    },
    "6": {
        "clone_proportion": {
            "3": 1.0
        },
        "mrca": 3,
        "size": 21947
    },
    "7": {
        "clone_proportion": {
            "3": 1.0
        },
        "mrca": 3,
        "size": 95104
    },
    "8": {
        "clone_proportion": {
            "1": 0.3365299684542587,
            "3": 0.6634700315457414
        },
        "mrca": 1,
        "size": 15850
    },
    "9": {
        "clone_proportion": {
            "3": 1.0
        },
        "mrca": 3,
        "size": 23776
    }
}