{
    "0": {
        "clone_proportion": {
            "3": 1.0
        },
        "mrca": 3,
        "size": 23419
    },
    "1": {
        "clone_proportion": {
            "3": 1.0
        },
        "mrca": 3,
        "size": 20296
    },
    "2": {
        "clone_proportion": {
            "3": 1.0
        },
        "mrca": 3,
        "size": 43493
    },
    "3": {
        "clone_proportion": {
            "3": 1.0
        },
        "mrca": 3,
        "size": 27677
    },
    "4": {
        "clone_proportion": {
            "3": 0.07697765164952111,
            "4": 0.0031926214969847464,
            "5": 0.052343226518465964,
            "6": 0.00311379133656537,
            "7": 0.6321390564029797,
            "8": 0.23223365259548304
        },
        "mrca": 0,
        "size": 25371
    },
    "5": {
        "clone_proportion": {
            "3": 1.0
        },
        "mrca": 3,
        "size": 101484
    },
    "6": {
        "clone_proportion": {
            "3": 1.0
        },
        "mrca": 3,
        "size": 21746
    },
    "7": {
        "clone_proportion": {
            "3": 1.0
        },
        "mrca": 3,
        "size": 43493
    },
    "8": {
        "clone_proportion": {
            "0": 0.23534242075874529,
            "1": 0.04036787649860404,
            "2": 0.07232714731483002,
            "3": 0.6519625554278207
        },
        "mrca": 0,
        "size": 30445
    },
    "9": {
        "clone_proportion": {
            "3": 1.0
        },
        "mrca": 3,
        "size": 19028
    }
}