{
    "0": {
        "clone_proportion": {
            "0": 0.2971373606841896,
            "1": 0.7028626393158104
        },
        "mrca": 0,
        "size": 47823
    },
    "1": {
        "clone_proportion": {
            "0": 1.0
        },
        "mrca": 0,
        "size": 47823
    },
    "2": {
        "clone_proportion": {
            "3": 0.20538745387453874,
            "4": 0.002865928659286593,
            "5": 0.7917466174661747
        },
        "mrca": 2,
        "size": 81300
    },
    "3": {
        "clone_proportion": {
            "5": 1.0
        },
        "mrca": 5,
        "size": 47823
    },
    "4": {
        "clone_proportion": {
            "3": 1.0
        },
        "mrca": 3,
        "size": 73909
    },
    "5": {
        "clone_proportion": {
            "0": 1.0
        },
        "mrca": 0,
        "size": 67750
    },
    "6": {
        "clone_proportion": {
            "0": 1.0
        },
        "mrca": 0,
        "size": 135501
    },
    "7": {
        "clone_proportion": {
            "5": 0.2610755640179777,
            "6": 0.2327362897690792,
            "7": 0.07669316093608165,
            "8": 0.4294949852768614
        },
        "mrca": 0,
        "size": 45167
    },
    "8": {
        "clone_proportion": {
            "0": 1.0
        },
        "mrca": 0,
        "size": 50812
    },
    "9": {
        "clone_proportion": {
            "0": 0.4380705677448875,
            "1": 0.17881417849314765,
            "2": 0.362683670231216,
            "3": 0.02043158353074885
        },
        "mrca": 0,
        "size": 271002
    }
}