{
    "0": {
        "clone_proportion": {
            "2": 1.0
        },
        "mrca": 2,
        "size": 47541
    },
    "1": {
        "clone_proportion": {
            "2": 1.0
        },
        "mrca": 2,
        "size": 66558
    },
    "2": {
        "clone_proportion": {
            "2": 1.0
        },
        "mrca": 2,
        "size": 66558
    },
    "3": {
        "clone_proportion": {
            "2": 1.0
        },
        "mrca": 2,
        "size": 55465
    },
    "4": {
        "clone_proportion": {
            "0": 0.3822779941343334,
            "1": 0.01274099716332516,
            "2": 0.6049810087023415
        },
        "mrca": 0,
        "size": 20799
    },
    "5": {
        "clone_proportion": {
            "2": 1.0
        },
        "mrca": 2,
        "size": 25599
    },
    "6": {
        "clone_proportion": {
            "2": 1.0
        },
        "mrca": 2,
        "size": 27732
    },
    "7": {
        "clone_proportion": {
            "0": 0.5900801413516754,
            "1": 0.005574136008918618,
            "2": 0.404345722639406
        },
        "mrca": 0,
        "size": 47541
    },
    "8": {
        "clone_proportion": {
            "0": 0.6144526179143228,
            "1": 0.00637049858166258,
            "2": 0.37917688350401463
        },
        "mrca": 0,
        "size": 41598
    },
    "9": {
        "clone_proportion": {
            "2": 1.0
        },
        "mrca": 2,
        "size": 66558
    }
}