{
    "0": {
        "clone_proportion": {
            "3": 1.0
        },
        "mrca": 3,
        "size": 44089
    },
    "1": {
        "clone_proportion": {
            "0": 0.2024935145939356,
            "1": 0.0030336107055271254,
            "2": 0.7944728747005373
        },
        "mrca": 0,
        "size": 141086
    },
    "2": {
        "clone_proportion": {
            "2": 1.0
        },
        "mrca": 2,
        "size": 50387
    },
    "3": {
        "clone_proportion": {
            "4": 1.0
        },
        "mrca": 4,
        "size": 117571
    },
    "4": {
        "clone_proportion": {
            "2": 1.0
        },
        "mrca": 2,
        "size": 141086
    },
    "5": {
        "clone_proportion": {
            "4": 1.0
        },
        "mrca": 4,
        "size": 78381
    },
    "6": {
        "clone_proportion": {
            "3": 0.9824672820885028,
            "4": 0.0175327179114972
        },
        "mrca": 3,
        "size": 44089
    },
    "7": {
        "clone_proportion": {
            "2": 1.0
        },
        "mrca": 2,
        "size": 47028
    },
    "8": {
        "clone_proportion": {
            "3": 1.0
        },
        "mrca": 3,
        "size": 44089
    },
    "9": {
        "clone_proportion": {
            "2": 1.0
        },
        "mrca": 2,
        "size": 47028
    }
}