{
    "0": {
        "clone_proportion": {
            "0": 0.8669369960622539,
            "1": 0.13306300393774612
        },
        "mrca": 0,
        "size": 42664
    },
    "1": {
        "clone_proportion": {
            "4": 1.0
        },
        "mrca": 4,
        "size": 63996
    },
    "2": {
        "clone_proportion": {
            "1": 0.11887895156291509,
            "2": 0.8811210484370849
        },
        "mrca": 0,
        "size": 22586
    },
    "3": {
        "clone_proportion": {
            "2": 1.0
        },
        "mrca": 2,
        "size": 22586
    },
    "4": {
        "clone_proportion": {
            "2": 1.0
        },
        "mrca": 2,
        "size": 127992
    },
    "5": {
        "clone_proportion": {
            "0": 1.0
        },
        "mrca": 0,
        "size": 42664
    },
    "6": {
        "clone_proportion": {
            "2": 1.0
        },
        "mrca": 2,
        "size": 63996
    },
    "7": {
        "clone_proportion": {
            "2": 1.0
        },
        "mrca": 2,
        "size": 127992
    },
    "8": {
        "clone_proportion": {
            "2": 1.0
        },
        "mrca": 2,
        "size": 42664
    },
    "9": {
        "clone_proportion": {
            "0": 0.5827028603722677,
            "1": 0.1713488779100505,
            "2": 0.2459482617176818
        },
        "mrca": 0,
        "size": 54853
    }
}