{
    "0": {
        "clone_proportion": {
            "5": 1.0
        },
        "mrca": 5,
        "size": 35313
    },
    "1": {
        "clone_proportion": {
            "5": 1.0
        },
        "mrca": 5,
        "size": 20444
    },
    "2": {
        "clone_proportion": {
            "5": 1.0
        },
        "mrca": 5,
        "size": 43160
    },
    "3": {
        "clone_proportion": {
            "5": 1.0
        },
        "mrca": 5,
        "size": 25896
    },
    "4": {
        "clone_proportion": {
            "5": 1.0
        },
        "mrca": 5,
        "size": 43160
    },
    "5": {
        "clone_proportion": {
            "0": 0.30061270723921324,
            "1": 0.17722170734218928,
            "2": 5.148800329523221e-05,
            "3": 0.0011456080733189167,
            "4": 0.03757337040469571,
            "5": 0.4833951189372876
        },
        "mrca": 0,
        "size": 77688
    },
    "6": {
        "clone_proportion": {
            "5": 1.0
        },
        "mrca": 5,
        "size": 38844
    },
    "7": {
        "clone_proportion": {
            "5": 1.0
        },
        "mrca": 5,
        "size": 27746
    },
    "8": {
        "clone_proportion": {
            "5": 1.0
        },
        "mrca": 5,
        "size": 55492
    },
    "9": {
        "clone_proportion": {
            "5": 1.0
        },
        "mrca": 5,
        "size": 27746
    }
}