{
    "0": {
        "clone_proportion": {
            "0": 1.0
        },
        "mrca": 0,
        "size": 12500
    },
    "1": {
        "clone_proportion": {
            "0": 1.0
        },
        "mrca": 0,
        "size": 33333
    },
    "2": {
        "clone_proportion": {
            "0": 0.010890108901089011,
            "1": 0.05553055530555306,
            "2": 0.02043020430204302,
            "3": 0.0011700117001170011,
            "4": 0.0017100171001710018,
            "5": 0.34830348303483033,
            "6": 0.0006300063000630006,
            "7": 0.03582035820358204,
            "8": 0.043830438304383046,
            "9": 0.0074700747007470075,
            "10": 0.09819098190981909,
            "11": 0.026820268202682025,
            "12": 9.000090000900009e-05,
            "13": 0.0015300153001530014,
            "14": 0.006390063900639007,
            "15": 0.00027000270002700027,
            "16": 0.008910089100891009,
            "17": 0.14427144271442716,
            "18": 0.00045000450004500047,
            "19": 0.0015300153001530014,
            "20": 0.010890108901089011,
            "21": 0.0054900549005490054,
            "22": 0.0022500225002250024,
            "23": 0.0008100081000810009,
            "24": 0.004590045900459004,
            "25": 0.00927009270092701,
            "26": 0.00027000270002700027,
            "27": 0.00045000450004500047,
            "28": 9.000090000900009e-05,
            "29": 0.006390063900639007,
            "30": 0.002790027900279003,
            "31": 0.0011700117001170011,
            "32": 9.000090000900009e-05,
            "33": 0.0015300153001530014,
            "34": 9.000090000900009e-05,
            "35": 9.000090000900009e-05,
            "36": 9.000090000900009e-05,
            "37": 0.0006300063000630006,
            "38": 0.0006300063000630006,
            "39": 0.0008100081000810009,
            "40": 0.000990009900099001,
            "41": 0.0008100081000810009,
            "42": 0.002790027900279003,
            "43": 9.000090000900009e-05,
            "44": 9.000090000900009e-05,
            "45": 9.000090000900009e-05,
            "46": 9.000090000900009e-05,
            "47": 0.001890018900189002,
            "48": 0.002970029700297003,
            "49": 0.005130051300513005,
            "50": 0.00027000270002700027,
            "51": 0.0017100171001710018,
            "52": 9.000090000900009e-05,
            "53": 0.0008100081000810009,
            "54": 0.00027000270002700027,
            "55": 0.0017100171001710018,
            "56": 0.001890018900189002,
            "57": 0.00045000450004500047,
            "58": 0.00855008550085501,
            "59": 0.00027000270002700027,
            "60": 0.001890018900189002,
            "61": 9.000090000900009e-05,
            "62": 0.0015300153001530014,
            "63": 0.000990009900099001,
            "64": 0.003150031500315003,
            "65": 0.0015300153001530014,
            "66": 9.000090000900009e-05,
            "67": 0.002070020700207002,
            "68": 0.000990009900099001,
            "69": 9.000090000900009e-05,
            "70": 0.001890018900189002,
            "71": 0.00027000270002700027,
            "72": 0.000990009900099001,
            "73": 0.017730177301773016,
            "74": 0.00027000270002700027,
            "75": 9.000090000900009e-05,
            "76": 0.00045000450004500047,
            "77": 0.00045000450004500047,
            "78": 9.000090000900009e-05,
            "79": 0.0015300153001530014,
            "80": 9.000090000900009e-05,
            "81": 9.000090000900009e-05,
            "82": 0.00027000270002700027,
            "83": 0.0008100081000810009,
            "84": 0.00045000450004500047,
            "85": 0.0026100261002610027,
            "86": 0.000990009900099001,
            "87": 0.00027000270002700027,
            "88": 0.00045000450004500047,
            "89": 0.00027000270002700027,
            "90": 0.000990009900099001,
            "91": 0.00027000270002700027,
            "92": 9.000090000900009e-05,
            "93": 9.000090000900009e-05,
            "94": 0.00027000270002700027,
            "95": 9.000090000900009e-05,
            "96": 0.0008100081000810009,
            "97": 0.0022500225002250024,
            "98": 9.000090000900009e-05,
            "99": 0.00027000270002700027,
            "100": 9.000090000900009e-05,
            "101": 9.000090000900009e-05,
            "102": 0.00027000270002700027,
            "103": 0.000990009900099001,
            "104": 0.0013500135001350013,
            "105": 0.00027000270002700027,
            "106": 0.0008100081000810009,
            "107": 0.00027000270002700027,
            "108": 9.000090000900009e-05,
            "109": 9.000090000900009e-05,
            "110": 0.0008100081000810009,
            "111": 9.000090000900009e-05,
            "112": 9.000090000900009e-05,
            "113": 0.002070020700207002,
            "114": 0.0013500135001350013,
            "115": 0.00027000270002700027,
            "116": 9.000090000900009e-05,
            "117": 0.00027000270002700027,
            "118": 9.000090000900009e-05,
            "119": 9.000090000900009e-05,
            "120": 9.000090000900009e-05,
            "121": 9.000090000900009e-05,
            "122": 0.00027000270002700027,
            "123": 9.000090000900009e-05,
            "124": 0.00045000450004500047,
            "125": 0.000990009900099001,
            "126": 0.00045000450004500047,
            "127": 0.00045000450004500047,
            "128": 9.000090000900009e-05,
            "129": 0.0006300063000630006,
            "130": 0.00045000450004500047,
            "131": 0.00027000270002700027,
            "132": 0.000990009900099001,
            "133": 0.00027000270002700027,
            "134": 0.00045000450004500047,
            "135": 0.000990009900099001,
            "136": 9.000090000900009e-05,
            "137": 0.0006300063000630006,
            "138": 0.00027000270002700027,
            "139": 9.000090000900009e-05,
            "140": 0.004050040500405004,
            "141": 0.0006300063000630006,
            "142": 0.00027000270002700027,
            "143": 9.000090000900009e-05,
            "144": 9.000090000900009e-05,
            "145": 9.000090000900009e-05,
            "146": 0.00045000450004500047,
            "147": 9.000090000900009e-05,
            "148": 0.00027000270002700027,
            "149": 0.00027000270002700027,
            "150": 0.00045000450004500047,
            "151": 9.000090000900009e-05,
            "152": 0.0015300153001530014,
            "153": 9.000090000900009e-05,
            "154": 9.000090000900009e-05,
            "155": 0.0008100081000810009,
            "156": 9.000090000900009e-05,
            "157": 0.0008100081000810009,
            "158": 0.00045000450004500047,
            "159": 9.000090000900009e-05,
            "160": 9.000090000900009e-05,
            "161": 0.00045000450004500047,
            "162": 0.00027000270002700027,
            "163": 9.000090000900009e-05,
            "164": 0.00027000270002700027,
            "165": 9.000090000900009e-05,
            "166": 0.00045000450004500047,
            "167": 9.000090000900009e-05,
            "168": 0.00027000270002700027,
            "169": 0.000990009900099001,
            "170": 0.00045000450004500047,
            "171": 0.00027000270002700027,
            "172": 0.00045000450004500047,
            "173": 9.000090000900009e-05,
            "174": 0.00045000450004500047,
            "175": 9.000090000900009e-05,
            "176": 0.00045000450004500047,
            "177": 9.000090000900009e-05,
            "178": 0.00027000270002700027,
            "179": 9.000090000900009e-05,
            "180": 9.000090000900009e-05,
            "181": 9.000090000900009e-05,
            "182": 9.000090000900009e-05,
            "183": 9.000090000900009e-05,
            "184": 9.000090000900009e-05,
            "185": 0.00027000270002700027,