{
    "0": {
        "clone_proportion": {
            "1": 1.0
        },
        "mrca": 1,
        "size": 88561
    },
    "1": {
        "clone_proportion": {
            "1": 0.6286288546877293,
            "2": 0.18474271970732037,
            "3": 0.1680310746265286,
            "5": 0.01859735097842165
        },
        "mrca": 0,
        "size": 88561
    },
    "2": {
        "clone_proportion": {
            "2": 0.1422183579679543,
            "3": 0.6161139402972715,
            "5": 0.24166770173477414
        },
        "mrca": 0,
        "size": 24153
    },
    "3": {
        "clone_proportion": {
            "1": 1.0
        },
        "mrca": 1,
        "size": 18977
    },
    "4": {
        "clone_proportion": {
            "0": 1.0
        },
        "mrca": 0,
        "size": 33210
    },
    "5": {
        "clone_proportion": {
            "2": 0.11156278229448961,
            "3": 0.8401648599819331,
            "5": 0.048272357723577235
        },
        "mrca": 0,
        "size": 17712
    },
    "6": {
        "clone_proportion": {
            "0": 1.0
        },
        "mrca": 0,
        "size": 13983
    },
    "7": {
        "clone_proportion": {
            "1": 0.2977416440831075,
            "2": 0.7022583559168925
        },
        "mrca": 0,
        "size": 16605
    },
    "8": {
        "clone_proportion": {
            "1": 1.0
        },
        "mrca": 1,
        "size": 53136
    },
    "9": {
        "clone_proportion": {
            "1": 1.0
        },
        "mrca": 1,
        "size": 44280
    }
}