{
    "0": {
        "clone_proportion": {
            "0": 1.0
        },
        "mrca": 0,
        "size": 35714
    },
    "1": {
        "clone_proportion": {
            "0": 1.0
        },
        "mrca": 0,
        "size": 38461
    },
    "2": {
        "clone_proportion": {
            "1": 1.0
        },
        "mrca": 1,
        "size": 50000
    },
    "3": {
        "clone_proportion": {
            "33": 0.1206019296308741,
            "34": 0.0006480103681658906,
            "35": 0.003720059520952335,
            "36": 0.0011040176642826286,
            "37": 0.01264820237123794,
            "38": 0.0010320165122641963,
            "39": 0.06369701915230644,
            "40": 0.0013680218883502136,
            "41": 0.0030000480007680123,
            "42": 0.002616041856669707,
            "43": 0.0006480103681658906,
            "44": 0.02004032064513032,
            "45": 0.0020400326405222483,
            "46": 0.0025680410886574187,
            "47": 0.003696059136946191,
            "48": 0.005472087553400854,
            "49": 0.005016080257284117,
            "50": 0.0003120049920798733,
            "51": 0.0007920126722027553,
            "52": 0.0064801036816589065,
            "53": 0.0022560360965775453,
            "54": 0.00292804684874958,
            "55": 7.20011520184323e-05,
            "56": 0.0246003936062977,
            "57": 0.00199203187250996,
            "58": 0.0038640618249892,
            "59": 0.0004560072961167379,
            "60": 0.007416118657898527,
            "61": 7.20011520184323e-05,
            "62": 0.006168098689579033,
            "63": 0.010176162818605098,
            "64": 0.007944127106033696,
            "65": 0.0005520088321413143,
            "66": 0.027648442375078002,
            "67": 0.0004080065281044497,
            "68": 0.006432102913646619,
            "69": 0.031896510344165505,
            "70": 0.0062641002256036095,
            "71": 0.028368453895262324,
            "72": 0.015480247683962943,
            "73": 0.0004560072961167379,
            "74": 0.008952143234291748,
            "75": 0.012216195459127346,
            "76": 0.004296068737099794,
            "77": 0.00012000192003072049,
            "78": 0.0015360245763932222,
            "79": 0.0019680314885038163,
            "80": 0.006336101377622042,
            "81": 0.0005520088321413143,
            "82": 0.0010320165122641963,
            "83": 0.06460903374453991,
            "84": 0.0006480103681658906,
            "85": 0.003672058752940047,
            "86": 0.0002640042240675851,
            "87": 0.0012720203523256372,
            "88": 0.0006480103681658906,
            "89": 0.00439207027312437,
            "90": 0.001704027264436231,
            "91": 0.0018000288004608074,
            "92": 0.0012720203523256372,
            "93": 7.20011520184323e-05,
            "94": 0.0006480103681658906,
            "95": 0.004176066817069073,
            "96": 0.0027120433926942833,
            "97": 0.0013200211203379254,
            "98": 0.00012000192003072049,
            "99": 0.0004080065281044497,
            "100": 0.0035280564489031823,
            "101": 0.08508136130178083,
            "102": 0.0005520088321413143,
            "103": 0.0011280180482887727,
            "104": 0.00585609369749916,
            "105": 0.00033600537608601737,
            "106": 0.002160034560552969,
            "107": 0.0067681082897326356,
            "108": 0.0002160034560552969,
            "109": 0.002904046464743436,
            "110": 2.4000384006144097e-05,
            "111": 0.0013680218883502136,
            "112": 0.001704027264436231,
            "113": 7.20011520184323e-05,
            "114": 7.20011520184323e-05,
            "115": 0.037488599817597085,
            "116": 0.000744011904190467,
            "117": 0.003672058752940047,
            "118": 0.0014160226563625017,
            "119": 0.0010320165122641963,
            "120": 7.20011520184323e-05,
            "121": 0.014304228867661882,
            "122": 0.003912062593001488,
            "123": 0.00016800268804300868,
            "124": 0.023448375174002785,
            "125": 0.004512072193155091,
            "126": 0.000744011904190467,
            "127": 0.0003120049920798733,
            "128": 0.000744011904190467,
            "129": 0.00016800268804300868,
            "130": 0.0013200211203379254,
            "131": 0.0004080065281044497,
            "132": 2.4000384006144097e-05,
            "133": 0.00012000192003072049,
            "134": 0.004056064897038352,
            "135": 0.0028800460807372917,
            "136": 0.0023280372485959774,
            "137": 0.0012720203523256372,
            "138": 0.00036000576009216146,
            "139": 0.0026400422406758508,
            "140": 0.019464311428982865,
            "141": 2.4000384006144097e-05,
            "142": 0.0071281140498247976,
            "143": 0.008160130562088993,
            "144": 0.0069121105937695005,
            "145": 0.0037680602889646232,
            "146": 2.4000384006144097e-05,
            "147": 0.0005520088321413143,
            "148": 0.002952047232755724,
            "149": 0.0015840253444055106,
            "150": 0.0015840253444055106,
            "151": 0.053016848269572314,
            "152": 0.0028080449287188596,
            "153": 0.0004560072961167379,
            "154": 7.20011520184323e-05,
            "155": 0.0015600249603993663,
            "156": 2.4000384006144097e-05,
            "157": 0.0003120049920798733,
            "158": 0.0004080065281044497,
            "159": 0.0004080065281044497,
            "160": 0.061464983439735034,
            "161": 0.0215523448375174,
            "162": 0.0009840157442519081,
            "163": 0.0003120049920798733,
            "164": 2.4000384006144097e-05,
            "165": 0.0040080641290260646,
            "166": 2.4000384006144097e-05,
            "167": 0.0011760188163010608,
            "168": 0.0013680218883502136,
            "169": 0.00825613209811357
        },
        "mrca": 0,
        "size": 41666
    },
    "4": {
        "clone_proportion": {
            "0": 1.0
        },
        "mrca": 0,
        "size": 62500
    },
    "5": {
        "clone_proportion": {
            "0": 1.0
        },
        "mrca": 0,
        "size": 62500
    },
    "6": {
        "clone_proportion": {
            "1": 1.0
        },
        "mrca": 1,
        "size": 26315
    },
    "7": {
        "clone_proportion": {
            "1": 0.6627579530954372,
            "2": 0.13059356712280548,
            "3": 0.035376424517094204,
            "4": 0.1712720552646632
        },
        "mrca": 0,
        "size": 45454
    },
    "8": {
        "clone_proportion": {
            "0": 0.33340266763734694,
            "1": 0.6665973323626531
        },
        "mrca": 0,
        "size": 38461
    },
    "9": {
        "clone_proportion": {
            "4": 0.2776031104124416,
            "5": 0.052692210768843076,
            "6": 0.01582206328825315,
            "7": 0.036066144264577056,
            "8": 0.009162036648146592,
            "9": 0.000792003168012672,
            "10": 0.018498073992295968,
            "11": 0.03577214308857236,
            "12": 1.8000072000288002e-05,
            "13": 0.02193008772035088,
            "14": 0.0005340021360085441,
            "15": 0.0019980079920319683,
            "16": 0.0006180024720098881,
            "17": 3.0000120000480002e-05,
            "18": 0.000204000816003264,
            "19": 0.000342001368005472,
            "20": 0.0005460021840087361,
            "21": 0.0079500318001272,
            "22": 9.000036000144e-05,
            "23": 0.11098844395377581,
            "24": 0.008916035664142657,
            "25": 0.0006360025440101761,
            "26": 0.00027600110400441603,
            "27": 0.000696002784011136,
            "28": 0.000834003336013344,
            "29": 0.004728018912075648,
            "30": 0.02260809043236173,