{
    "N_max": 437907,
    "M": 437907,
    "picking": "adjacent",
    "mutation_rate": 48.311505556136986,
    "P_death": 0.035760159667409586,
    "D": 640,
    "new_clone_frequency": 0.0006663683688727315,
    "depth_sequencing": 100,
    "min_alt_reads": 2,
    "n_sequencing": 10,
    "max_horizontal": 2
}