{
    "0": {
        "clone_proportion": {
            "0": 0.43330813262771356,
            "1": 0.028800806422579834,
            "2": 0.27555171544803253,
            "3": 0.0522734636569824,
            "4": 0.21006588184469166
        },
        "mrca": 0,
        "size": 27777
    },
    "1": {
        "clone_proportion": {
            "0": 1.0
        },
        "mrca": 0,
        "size": 50000
    },
    "2": {
        "clone_proportion": {
            "0": 1.0
        },
        "mrca": 0,
        "size": 55555
    },
    "3": {
        "clone_proportion": {
            "0": 1.0
        },
        "mrca": 0,
        "size": 41666
    },
    "4": {
        "clone_proportion": {
            "0": 1.0
        },
        "mrca": 0,
        "size": 50000
    },
    "5": {
        "clone_proportion": {
            "0": 1.0
        },
        "mrca": 0,
        "size": 27777
    },
    "6": {
        "clone_proportion": {
            "0": 1.0
        },
        "mrca": 0,
        "size": 27777
    },
    "7": {
        "clone_proportion": {
            "4": 0.23637789102312817,
            "5": 0.0007840062720501764,
            "6": 0.012600100800806407,
            "7": 0.010668085344682757,
            "8": 0.007028056224449796,
            "9": 0.030772246177969424,
            "10": 0.17334938679509437,
            "11": 0.03340426723413787,
            "12": 0.005628045024360195,
            "13": 0.040628325026600215,
            "14": 0.27294618356946854,
            "15": 0.030212241697933583,
            "16": 0.0009800078400627205,
            "17": 0.13311306490451924,
            "18": 0.004508036064288515,
            "19": 8.400067200537604e-05,
            "20": 0.0031080248641989134,
            "21": 8.400067200537604e-05,
            "22": 2.8000224001792016e-05,
            "23": 0.002156017248137985,
            "24": 0.0015400123200985608
        },
        "mrca": 0,
        "size": 35714
    },
    "8": {
        "clone_proportion": {
            "0": 1.0
        },
        "mrca": 0,
        "size": 29411
    },
    "9": {
        "clone_proportion": {
            "0": 1.0
        },
        "mrca": 0,
        "size": 27777
    }
}