{
    "0": {
        "clone_proportion": {
            "0": 0.6995473908413206,
            "1": 0.010506266896043254,
            "2": 0.2899463422626362
        },
        "mrca": 0,
        "size": 97656
    },
    "1": {
        "clone_proportion": {
            "2": 0.8078466978877951,
            "3": 0.1921533021122049
        },
        "mrca": 2,
        "size": 41852
    },
    "2": {
        "clone_proportion": {
            "3": 1.0
        },
        "mrca": 3,
        "size": 36621
    },
    "3": {
        "clone_proportion": {
            "3": 1.0
        },
        "mrca": 3,
        "size": 97656
    },
    "4": {
        "clone_proportion": {
            "1": 0.007413778979274187,
            "2": 0.9925862210207258
        },
        "mrca": 0,
        "size": 48828
    },
    "5": {
        "clone_proportion": {
            "3": 1.0
        },
        "mrca": 3,
        "size": 146484
    },
    "6": {
        "clone_proportion": {
            "0": 1.0
        },
        "mrca": 0,
        "size": 53267
    },
    "7": {
        "clone_proportion": {
            "2": 1.0
        },
        "mrca": 2,
        "size": 41852
    },
    "8": {
        "clone_proportion": {
            "2": 1.0
        },
        "mrca": 2,
        "size": 34466
    },
    "9": {
        "clone_proportion": {
            "0": 1.0
        },
        "mrca": 0,
        "size": 83705
    }
}