{
    "0": {
        "clone_proportion": {
            "0": 0.8517017972835496,
            "1": 0.14829820271645042
        },
        "mrca": 0,
        "size": 56029
    },
    "1": {
        "clone_proportion": {
            "0": 1.0
        },
        "mrca": 0,
        "size": 17509
    },
    "2": {
        "clone_proportion": {
            "0": 1.0
        },
        "mrca": 0,
        "size": 20010
    },
    "3": {
        "clone_proportion": {
            "1": 0.20661098022417362,
            "4": 0.7933890197758263
        },
        "mrca": 1,
        "size": 28014
    },
    "4": {
        "clone_proportion": {
            "0": 0.5377154749283386,
            "1": 0.46228452507166135
        },
        "mrca": 0,
        "size": 25467
    },
    "5": {
        "clone_proportion": {
            "0": 1.0
        },
        "mrca": 0,
        "size": 17509
    },
    "6": {
        "clone_proportion": {
            "4": 1.0
        },
        "mrca": 4,
        "size": 46691
    },
    "7": {
        "clone_proportion": {
            "0": 1.0
        },
        "mrca": 0,
        "size": 15563
    },
    "8": {
        "clone_proportion": {
            "0": 1.0
        },
        "mrca": 0,
        "size": 40021
    },
    "9": {
        "clone_proportion": {
            "1": 0.5620189905047476,
            "4": 0.43798100949525237
        },
        "mrca": 1,
        "size": 20010
    }
}