{
    "0": {
        "clone_proportion": {
            "2": 0.6450007973210015,
            "3": 0.19645989475362782,
            "4": 0.016871312390368362,
            "5": 0.1416679955350024
        },
        "mrca": 0,
        "size": 31355
    },
    "1": {
        "clone_proportion": {
            "0": 1.0
        },
        "mrca": 0,
        "size": 26652
    },
    "2": {
        "clone_proportion": {
            "0": 1.0
        },
        "mrca": 0,
        "size": 35536
    },
    "3": {
        "clone_proportion": {
            "0": 1.0
        },
        "mrca": 0,
        "size": 29613
    },
    "4": {
        "clone_proportion": {
            "0": 1.0
        },
        "mrca": 0,
        "size": 133261
    },
    "5": {
        "clone_proportion": {
            "0": 1.0
        },
        "mrca": 0,
        "size": 35536
    },
    "6": {
        "clone_proportion": {
            "0": 1.0
        },
        "mrca": 0,
        "size": 76149
    },
    "7": {
        "clone_proportion": {
            "0": 1.0
        },
        "mrca": 0,
        "size": 38074
    },
    "8": {
        "clone_proportion": {
            "0": 0.5419183694909913,
            "1": 0.02629090718075327,
            "2": 0.4317907233282555
        },
        "mrca": 0,
        "size": 38074
    },
    "9": {
        "clone_proportion": {
            "0": 1.0
        },
        "mrca": 0,
        "size": 133261
    }
}