{
    "0": {
        "clone_proportion": {
            "1": 1.0
        },
        "mrca": 1,
        "size": 21947
    },
    "1": {
        "clone_proportion": {
            "1": 1.0
        },
        "mrca": 1,
        "size": 95104
    },
    "2": {
        "clone_proportion": {
            "1": 1.0
        },
        "mrca": 1,
        "size": 57062
    },
    "3": {
        "clone_proportion": {
            "1": 1.0
        },
        "mrca": 1,
        "size": 21947
    },
    "4": {
        "clone_proportion": {
            "1": 0.07861356363496164,
            "2": 0.005436249373481899,
            "4": 0.9159501869915565
        },
        "mrca": 0,
        "size": 25937
    },
    "5": {
        "clone_proportion": {
            "1": 1.0
        },
        "mrca": 1,
        "size": 57062
    },
    "6": {
        "clone_proportion": {
            "1": 0.8580921938088829,
            "2": 0.00197678331090175,
            "4": 0.13993102288021533
        },
        "mrca": 0,
        "size": 71328
    },
    "7": {
        "clone_proportion": {
            "0": 1.0
        },
        "mrca": 0,
        "size": 57062
    },
    "8": {
        "clone_proportion": {
            "1": 1.0
        },
        "mrca": 1,
        "size": 16783
    },
    "9": {
        "clone_proportion": {
            "0": 1.0
        },
        "mrca": 0,
        "size": 15016
    }
}