{
    "0": {
        "clone_proportion": {
            "2": 0.15170580084634686,
            "3": 0.8482941991536531
        },
        "mrca": 2,
        "size": 26703
    },
    "1": {
        "clone_proportion": {
            "2": 1.0
        },
        "mrca": 2,
        "size": 25132
    },
    "2": {
        "clone_proportion": {
            "2": 1.0
        },
        "mrca": 2,
        "size": 35604
    },
    "3": {
        "clone_proportion": {
            "2": 1.0
        },
        "mrca": 2,
        "size": 22487
    },
    "4": {
        "clone_proportion": {
            "1": 0.0034406085430076067,
            "2": 0.9965593914569923
        },
        "mrca": 0,
        "size": 42725
    },
    "5": {
        "clone_proportion": {
            "2": 1.0
        },
        "mrca": 2,
        "size": 142419
    },
    "6": {
        "clone_proportion": {
            "2": 1.0
        },
        "mrca": 2,
        "size": 35604
    },
    "7": {
        "clone_proportion": {
            "2": 1.0
        },
        "mrca": 2,
        "size": 85451
    },
    "8": {
        "clone_proportion": {
            "2": 1.0
        },
        "mrca": 2,
        "size": 42725
    },
    "9": {
        "clone_proportion": {
            "2": 1.0
        },
        "mrca": 2,
        "size": 53407
    }
}