{
    "0": {
        "clone_proportion": {
            "0": 0.769472406653816,
            "2": 0.23052759334618406
        },
        "mrca": 0,
        "size": 14007
    },
    "1": {
        "clone_proportion": {
            "0": 1.0
        },
        "mrca": 0,
        "size": 14007
    },
    "2": {
        "clone_proportion": {
            "0": 0.3555974398240861,
            "2": 0.130914516825696,
            "3": 0.5134880433502179
        },
        "mrca": 0,
        "size": 25467
    },
    "3": {
        "clone_proportion": {
            "0": 1.0
        },
        "mrca": 0,
        "size": 25467
    },
    "4": {
        "clone_proportion": {
            "0": 1.0
        },
        "mrca": 0,
        "size": 23345
    },
    "5": {
        "clone_proportion": {
            "0": 1.0
        },
        "mrca": 0,
        "size": 14007
    },
    "6": {
        "clone_proportion": {
            "0": 1.0
        },
        "mrca": 0,
        "size": 15563
    },
    "7": {
        "clone_proportion": {
            "0": 1.0
        },
        "mrca": 0,
        "size": 21549
    },
    "8": {
        "clone_proportion": {
            "0": 1.0
        },
        "mrca": 0,
        "size": 21549
    },
    "9": {
        "clone_proportion": {
            "0": 1.0
        },
        "mrca": 0,
        "size": 28014
    }
}