{
    "0": {
        "clone_proportion": {
            "7": 1.0
        },
        "mrca": 7,
        "size": 51733
    },
    "1": {
        "clone_proportion": {
            "5": 1.0
        },
        "mrca": 5,
        "size": 91969
    },
    "2": {
        "clone_proportion": {
            "2": 1.0
        },
        "mrca": 2,
        "size": 118247
    },
    "3": {
        "clone_proportion": {
            "5": 0.15725557519429667,
            "6": 0.0007526618011450607,
            "7": 0.8419917630045582
        },
        "mrca": 1,
        "size": 118247
    },
    "4": {
        "clone_proportion": {
            "4": 0.20465858019620162,
            "5": 0.7953414198037984
        },
        "mrca": 2,
        "size": 41386
    },
    "5": {
        "clone_proportion": {
            "7": 1.0
        },
        "mrca": 7,
        "size": 68977
    },
    "6": {
        "clone_proportion": {
            "2": 1.0
        },
        "mrca": 2,
        "size": 206932
    },
    "7": {
        "clone_proportion": {
            "7": 1.0
        },
        "mrca": 7,
        "size": 43564
    },
    "8": {
        "clone_proportion": {
            "0": 0.24250932370377262,
            "1": 0.025404450007188342,
            "2": 0.7320862262890391
        },
        "mrca": 0,
        "size": 118247
    },
    "9": {
        "clone_proportion": {
            "5": 1.0
        },
        "mrca": 5,
        "size": 82772
    }
}