{
    "0": {
        "clone_proportion": {
            "2": 0.17574905269737098,
            "3": 0.824250947302629
        },
        "mrca": 0,
        "size": 25599
    },
    "1": {
        "clone_proportion": {
            "0": 1.0
        },
        "mrca": 0,
        "size": 23770
    },
    "2": {
        "clone_proportion": {
            "7": 0.8383139966404938,
            "8": 0.0030469940232040315,
            "9": 3.906402593851322e-05,
            "10": 0.1585999453103637
        },
        "mrca": 0,
        "size": 25599
    },
    "3": {
        "clone_proportion": {
            "3": 0.9402855906533968,
            "5": 0.005216596951776528,
            "6": 0.05449781239482667
        },
        "mrca": 0,
        "size": 41598
    },
    "4": {
        "clone_proportion": {
            "3": 1.0
        },
        "mrca": 3,
        "size": 33279
    },
    "5": {
        "clone_proportion": {
            "1": 1.0
        },
        "mrca": 1,
        "size": 20799
    },
    "6": {
        "clone_proportion": {
            "3": 0.38907419093121787,
            "5": 0.003912377174794915,
            "6": 0.2962408726223745,
            "7": 0.31077255927161274
        },
        "mrca": 0,
        "size": 55465
    },
    "7": {
        "clone_proportion": {
            "3": 1.0
        },
        "mrca": 3,
        "size": 20799
    },
    "8": {
        "clone_proportion": {
            "6": 0.37013197749891824,
            "7": 0.6298680225010818
        },
        "mrca": 0,
        "size": 18488
    },
    "9": {
        "clone_proportion": {
            "1": 1.0
        },
        "mrca": 1,
        "size": 36976
    }
}