{
    "0": {
        "clone_proportion": {
            "3": 0.1948455675892499,
            "4": 0.028730445246690734,
            "5": 0.5353991175290814,
            "6": 0.24102486963497793
        },
        "mrca": 0,
        "size": 19944
    },
    "1": {
        "clone_proportion": {
            "0": 0.5632430444907465,
            "1": 0.4367569555092536
        },
        "mrca": 0,
        "size": 16318
    },
    "2": {
        "clone_proportion": {
            "0": 0.34472615446325605,
            "1": 0.655273845536744
        },
        "mrca": 0,
        "size": 59833
    },
    "3": {
        "clone_proportion": {
            "0": 1.0
        },
        "mrca": 0,
        "size": 10558
    },
    "4": {
        "clone_proportion": {
            "1": 0.006941736214023867,
            "2": 0.8130411044380313,
            "3": 0.18001715934794477
        },
        "mrca": 0,
        "size": 12821
    },
    "5": {
        "clone_proportion": {
            "1": 1.0
        },
        "mrca": 1,
        "size": 9972
    },
    "6": {
        "clone_proportion": {
            "6": 0.8915208913649025,
            "7": 0.022551532033426185,
            "9": 0.08592757660167132
        },
        "mrca": 0,
        "size": 44875
    },
    "7": {
        "clone_proportion": {
            "0": 1.0
        },
        "mrca": 0,
        "size": 29916
    },
    "8": {
        "clone_proportion": {
            "1": 1.0
        },
        "mrca": 1,
        "size": 44875
    },
    "9": {
        "clone_proportion": {
            "1": 1.0
        },
        "mrca": 1,
        "size": 11966
    }
}