{
    "0": {
        "clone_proportion": {
            "1": 0.4914137595852684,
            "2": 0.5085862404147317
        },
        "mrca": 0,
        "size": 27777
    },
    "1": {
        "clone_proportion": {
            "0": 1.0
        },
        "mrca": 0,
        "size": 71428
    },
    "2": {
        "clone_proportion": {
            "9": 0.22080976647813183,
            "10": 0.0010640085120680964,
            "11": 7.000056000448004e-05,
            "12": 0.002030016240129921,
            "13": 7.000056000448004e-05,
            "14": 0.023338186705493643,
            "15": 1.4000112000896008e-05,
            "16": 0.055034440275522206,
            "17": 0.00410203281626253,
            "18": 0.014140113120904968,
            "19": 0.006622052976423811,
            "20": 0.005446043568348546,
            "21": 9.800078400627205e-05,
            "22": 0.6671613372906984
        },
        "mrca": 0,
        "size": 71428
    },
    "3": {
        "clone_proportion": {
            "0": 1.0
        },
        "mrca": 0,
        "size": 33333
    },
    "4": {
        "clone_proportion": {
            "0": 1.0
        },
        "mrca": 0,
        "size": 31250
    },
    "5": {
        "clone_proportion": {
            "0": 1.0
        },
        "mrca": 0,
        "size": 35714
    },
    "6": {
        "clone_proportion": {
            "2": 1.0
        },
        "mrca": 2,
        "size": 125000
    },
    "7": {
        "clone_proportion": {
            "2": 1.0
        },
        "mrca": 2,
        "size": 45454
    },
    "8": {
        "clone_proportion": {
            "0": 1.0
        },
        "mrca": 0,
        "size": 25000
    },
    "9": {
        "clone_proportion": {
            "0": 1.0
        },
        "mrca": 0,
        "size": 45454
    }
}