{
    "0": {
        "clone_proportion": {
            "3": 0.1014010140101401,
            "4": 0.8023280232802328,
            "5": 0.0962709627096271
        },
        "mrca": 0,
        "size": 33333
    },
    "1": {
        "clone_proportion": {
            "6": 1.0
        },
        "mrca": 6,
        "size": 62500
    },
    "2": {
        "clone_proportion": {
            "6": 0.1555861782064949,
            "7": 0.8444138217935051
        },
        "mrca": 0,
        "size": 38461
    },
    "3": {
        "clone_proportion": {
            "6": 0.9695256952569525,
            "7": 0.03047430474304743
        },
        "mrca": 0,
        "size": 55555
    },
    "4": {
        "clone_proportion": {
            "6": 1.0
        },
        "mrca": 6,
        "size": 55555
    },
    "5": {
        "clone_proportion": {
            "1": 0.289248,
            "2": 0.028096,
            "3": 0.682656
        },
        "mrca": 0,
        "size": 31250
    },
    "6": {
        "clone_proportion": {
            "0": 1.0
        },
        "mrca": 0,
        "size": 38461
    },
    "7": {
        "clone_proportion": {
            "1": 1.0
        },
        "mrca": 1,
        "size": 33333
    },
    "8": {
        "clone_proportion": {
            "9": 0.5324273242732427,
            "10": 0.0053820538205382054,
            "11": 0.0003060030600306003,
            "12": 0.0014940149401494016,
            "13": 0.0026640266402664027,
            "14": 0.03729637296372964,
            "15": 0.1089370893708937,
            "16": 0.00023400234002340022,
            "17": 0.0013140131401314012,
            "18": 5.4000540005400054e-05,
            "19": 0.052434524345243455,
            "20": 0.0016380163801638016,
            "21": 1.800018000180002e-05,
            "22": 0.12398523985239852,
            "23": 0.006282062820628207,
            "24": 9.000090000900009e-05,
            "25": 0.12544325443254434
        },
        "mrca": 0,
        "size": 55555
    },
    "9": {
        "clone_proportion": {
            "1": 1.0
        },
        "mrca": 1,
        "size": 26315
    }
}