{
    "N_max": 168074,
    "M": 168074,
    "picking": "adjacent",
    "mutation_rate": 25.47600604453227,
    "P_death": 0.03682141835233619,
    "D": 640,
    "new_clone_frequency": 0.003563719157990246,
    "depth_sequencing": 100,
    "min_alt_reads": 2,
    "n_sequencing": 10,
    "max_horizontal": 2
}