{
    "0": {
        "clone_proportion": {
            "5": 1.0
        },
        "mrca": 5,
        "size": 58947
    },
    "1": {
        "clone_proportion": {
            "2": 0.6084642620853115,
            "3": 0.0619079124346568,
            "4": 0.3296278254800317
        },
        "mrca": 2,
        "size": 137543
    },
    "2": {
        "clone_proportion": {
            "4": 0.16618318150202724,
            "5": 0.8338168184979727
        },
        "mrca": 0,
        "size": 58947
    },
    "3": {
        "clone_proportion": {
            "0": 1.0
        },
        "mrca": 0,
        "size": 275086
    },
    "4": {
        "clone_proportion": {
            "5": 1.0
        },
        "mrca": 5,
        "size": 48544
    },
    "5": {
        "clone_proportion": {
            "0": 0.7566125256285353,
            "1": 0.2433874743714647
        },
        "mrca": 0,
        "size": 68771
    },
    "6": {
        "clone_proportion": {
            "4": 0.20818751999379587,
            "5": 0.7918124800062042
        },
        "mrca": 0,
        "size": 103157
    },
    "7": {
        "clone_proportion": {
            "0": 1.0
        },
        "mrca": 0,
        "size": 41262
    },
    "8": {
        "clone_proportion": {
            "0": 1.0
        },
        "mrca": 0,
        "size": 275086
    },
    "9": {
        "clone_proportion": {
            "1": 1.0
        },
        "mrca": 1,
        "size": 48544
    }
}