{
    "0": {
        "clone_proportion": {
            "1": 1.0
        },
        "mrca": 1,
        "size": 38841
    },
    "1": {
        "clone_proportion": {
            "0": 1.0
        },
        "mrca": 0,
        "size": 35604
    },
    "2": {
        "clone_proportion": {
            "0": 1.0
        },
        "mrca": 0,
        "size": 26703
    },
    "3": {
        "clone_proportion": {
            "3": 0.43193573906164423,
            "4": 0.44051603480800827,
            "5": 0.012231485425667864,
            "6": 0.11531674070467961
        },
        "mrca": 1,
        "size": 32866
    },
    "4": {
        "clone_proportion": {
            "3": 1.0
        },
        "mrca": 3,
        "size": 142419
    },
    "5": {
        "clone_proportion": {
            "0": 0.3597834558591199,
            "1": 0.64021654414088
        },
        "mrca": 0,
        "size": 47473
    },
    "6": {
        "clone_proportion": {
            "0": 1.0
        },
        "mrca": 0,
        "size": 23736
    },
    "7": {
        "clone_proportion": {
            "0": 1.0
        },
        "mrca": 0,
        "size": 25132
    },
    "8": {
        "clone_proportion": {
            "3": 1.0
        },
        "mrca": 3,
        "size": 25132
    },
    "9": {
        "clone_proportion": {
            "0": 1.0
        },
        "mrca": 0,
        "size": 42725
    }
}