{
    "N_max": 703657,
    "M": 703657,
    "picking": "adjacent",
    "mutation_rate": 26.638879141277336,
    "P_death": 0.11761279598283292,
    "D": 640,
    "new_clone_frequency": 0.017048851160730478,
    "depth_sequencing": 100,
    "min_alt_reads": 2,
    "n_sequencing": 10,
    "max_horizontal": 2
}