{
    "0": {
        "clone_proportion": {
            "0": 1.0
        },
        "mrca": 0,
        "size": 35070
    },
    "1": {
        "clone_proportion": {
            "0": 1.0
        },
        "mrca": 0,
        "size": 43163
    },
    "2": {
        "clone_proportion": {
            "4": 0.11534074707727403,
            "5": 0.026803535785571715,
            "6": 0.005816937553464499,
            "7": 0.05238095238095238,
            "8": 0.7996578272027374
        },
        "mrca": 0,
        "size": 35070
    },
    "3": {
        "clone_proportion": {
            "2": 1.0
        },
        "mrca": 2,
        "size": 43163
    },
    "4": {
        "clone_proportion": {
            "0": 1.0
        },
        "mrca": 0,
        "size": 93520
    },
    "5": {
        "clone_proportion": {
            "2": 1.0
        },
        "mrca": 2,
        "size": 43163
    },
    "6": {
        "clone_proportion": {
            "0": 1.0
        },
        "mrca": 0,
        "size": 40080
    },
    "7": {
        "clone_proportion": {
            "2": 1.0
        },
        "mrca": 2,
        "size": 46760
    },
    "8": {
        "clone_proportion": {
            "2": 0.6891645280866838,
            "3": 0.31083547191331623
        },
        "mrca": 2,
        "size": 70140
    },
    "9": {
        "clone_proportion": {
            "0": 0.8533575705731394,
            "1": 0.14664242942686057
        },
        "mrca": 0,
        "size": 46760
    }
}