{
    "0": {
        "clone_proportion": {
            "0": 1.0
        },
        "mrca": 0,
        "size": 16666
    },
    "1": {
        "clone_proportion": {
            "3": 0.8521585215852159,
            "4": 0.013350133501335014,
            "5": 0.001110011100111001,
            "6": 0.027480274802748027,
            "7": 0.016530165301653018,
            "8": 0.08937089370893708
        },
        "mrca": 0,
        "size": 33333
    },
    "2": {
        "clone_proportion": {
            "3": 0.50952,
            "4": 0.0178,
            "5": 0.00148,
            "6": 0.03664,
            "7": 0.02204,
            "8": 0.41252
        },
        "mrca": 0,
        "size": 25000
    },
    "3": {
        "clone_proportion": {
            "0": 1.0
        },
        "mrca": 0,
        "size": 12500
    },
    "4": {
        "clone_proportion": {
            "0": 1.0
        },
        "mrca": 0,
        "size": 16666
    },
    "5": {
        "clone_proportion": {
            "0": 1.0
        },
        "mrca": 0,
        "size": 33333
    },
    "6": {
        "clone_proportion": {
            "0": 1.0
        },
        "mrca": 0,
        "size": 5263
    },
    "7": {
        "clone_proportion": {
            "0": 1.0
        },
        "mrca": 0,
        "size": 12500
    },
    "8": {
        "clone_proportion": {
            "0": 1.0
        },
        "mrca": 0,
        "size": 33333
    },
    "9": {
        "clone_proportion": {
            "3": 0.3702148085923437,
            "4": 0.02670106804272171,
            "5": 0.002220088803552142,
            "6": 0.05496219848793952,
            "7": 0.03306132245289812,
            "8": 0.5128405136205448
        },
        "mrca": 0,
        "size": 16666
    }
}