{
    "0": {
        "clone_proportion": {
            "0": 1.0
        },
        "mrca": 0,
        "size": 74061
    },
    "1": {
        "clone_proportion": {
            "0": 1.0
        },
        "mrca": 0,
        "size": 83319
    },
    "2": {
        "clone_proportion": {
            "4": 1.0
        },
        "mrca": 4,
        "size": 66655
    },
    "3": {
        "clone_proportion": {
            "5": 0.8517146033465408,
            "7": 0.027251218608363503,
            "8": 0.0017958439041076365,
            "9": 0.0123998745759813,
            "10": 0.1068384595650067
        },
        "mrca": 0,
        "size": 35081
    },
    "4": {
        "clone_proportion": {
            "0": 1.0
        },
        "mrca": 0,
        "size": 60595
    },
    "5": {
        "clone_proportion": {
            "1": 1.0
        },
        "mrca": 1,
        "size": 41659
    },
    "6": {
        "clone_proportion": {
            "1": 1.0
        },
        "mrca": 1,
        "size": 51273
    },
    "7": {
        "clone_proportion": {
            "1": 1.0
        },
        "mrca": 1,
        "size": 33327
    },
    "8": {
        "clone_proportion": {
            "5": 0.8294625978935998,
            "7": 0.025816905211990277,
            "8": 0.0017013232514177694,
            "9": 0.011747231974075074,
            "10": 0.1312719416689171
        },
        "mrca": 0,
        "size": 37030
    },
    "9": {
        "clone_proportion": {
            "1": 1.0
        },
        "mrca": 1,
        "size": 166638
    }
}