{
    "N_max": 555544,
    "M": 555544,
    "picking": "adjacent",
    "mutation_rate": 47.31957730445312,
    "P_death": 0.1730968286430805,
    "D": 640,
    "new_clone_frequency": 0.034062063066093495,
    "depth_sequencing": 100,
    "min_alt_reads": 2,
    "n_sequencing": 10,
    "max_horizontal": 2
}