{
    "0": {
        "clone_proportion": {
            "3": 1.0
        },
        "mrca": 3,
        "size": 70543
    },
    "1": {
        "clone_proportion": {
            "3": 1.0
        },
        "mrca": 3,
        "size": 35271
    },
    "2": {
        "clone_proportion": {
            "3": 1.0
        },
        "mrca": 3,
        "size": 64130
    },
    "3": {
        "clone_proportion": {
            "3": 0.29883134777751946,
            "4": 0.019970854573393742,
            "5": 0.012202521022698276,
            "7": 0.058132084351627665,
            "8": 0.6108631922747608
        },
        "mrca": 0,
        "size": 176357
    },
    "4": {
        "clone_proportion": {
            "3": 1.0
        },
        "mrca": 3,
        "size": 100775
    },
    "5": {
        "clone_proportion": {
            "3": 1.0
        },
        "mrca": 3,
        "size": 141086
    },
    "6": {
        "clone_proportion": {
            "0": 0.5354110258990971,
            "1": 0.042392583247097514,
            "2": 0.23165303431949308,
            "3": 0.1905433565343124
        },
        "mrca": 0,
        "size": 141086
    },
    "7": {
        "clone_proportion": {
            "3": 1.0
        },
        "mrca": 3,
        "size": 37127
    },
    "8": {
        "clone_proportion": {
            "8": 1.0
        },
        "mrca": 8,
        "size": 88178
    },
    "9": {
        "clone_proportion": {
            "3": 1.0
        },
        "mrca": 3,
        "size": 117571
    }
}