{
    "0": {
        "clone_proportion": {
            "3": 1.0
        },
        "mrca": 3,
        "size": 115369
    },
    "1": {
        "clone_proportion": {
            "8": 0.25447043833265437,
            "9": 0.39765448257330827,
            "10": 0.004576619369154626,
            "11": 0.0012655045982889685,
            "12": 0.06551153256073988,
            "14": 0.27652142256585394
        },
        "mrca": 0,
        "size": 115369
    },
    "2": {
        "clone_proportion": {
            "0": 1.0
        },
        "mrca": 0,
        "size": 61530
    },
    "3": {
        "clone_proportion": {
            "3": 1.0
        },
        "mrca": 3,
        "size": 230738
    },
    "4": {
        "clone_proportion": {
            "3": 1.0
        },
        "mrca": 3,
        "size": 54291
    },
    "5": {
        "clone_proportion": {
            "3": 1.0
        },
        "mrca": 3,
        "size": 70996
    },
    "6": {
        "clone_proportion": {
            "3": 0.0748187875832927,
            "4": 0.056687794571753616,
            "5": 0.11901836502519096,
            "6": 0.0009231269299528685,
            "7": 0.7485519258898099
        },
        "mrca": 0,
        "size": 153825
    },
    "7": {
        "clone_proportion": {
            "0": 0.7138712040114936,
            "1": 0.2861287959885064
        },
        "mrca": 0,
        "size": 70996
    },
    "8": {
        "clone_proportion": {
            "1": 0.007476027953843654,
            "2": 0.3607996099463676,
            "3": 0.6317243620997888
        },
        "mrca": 0,
        "size": 153825
    },
    "9": {
        "clone_proportion": {
            "3": 1.0
        },
        "mrca": 3,
        "size": 65925
    }
}