{
    "n_event": 922953,
    "config": {
        "N_max": 922953,
        "M": 922953,
        "picking": "adjacent",
        "mutation_rate": 32.11466694367651,
        "P_death": 0.013656690413196048,
        "D": 640,
        "new_clone_frequency": 0.028654711784553553,
        "depth_sequencing": 100,
        "min_alt_reads": 2,
        "n_sequencing": 10,
        "max_horizontal": 2
    },
    "clone_proportion": {
        "0": 0.09027166774965091,
        "1": 0.03009663906208956,
        "2": 0.030692234311705906,
        "3": 0.6113522556027153,
        "4": 0.004822275372938297,
        "5": 0.010124566230247059,
        "6": 7.85278787794998e-05,
        "7": 0.1149592844008793,
        "8": 0.03073979344955828,
        "9": 0.02537058799131769,
        "10": 0.0002919909858843373,
        "11": 8.0739931702866e-05,
        "12": 0.004179673998700419,
        "14": 0.026500394021926974,
        "15": 0.007792509435788251,
        "16": 0.004379311775034218,
        "17": 0.000103966487398211,
        "18": 0.00010064840801316171,
        "20": 0.0005347637942237768,
        "21": 0.004922370767720618,
        "22": 0.00011336771232251731,
        "23": 0.0002687644301889923,
        "24": 0.0007244473324024278,
        "25": 0.00024221979510859797,
        "26": 0.001068974575216712,
        "27": 2.875668800376049e-05,
        "28": 3.5945860004700614e-05,
        "29": 1.6590396925246436e-06,
        "30": 2.599162184955275e-05,
        "31": 5.530132308415478e-07,
        "32": 1.824943661777108e-05,
        "33": 9.954238155147861e-06,
        "34": 2.2673542464503463e-05,
        "35": 4.977119077573931e-06,
        "36": 2.1567516002820366e-05,
        "37": 5.530132308415478e-07,
        "38": 5.530132308415478e-07,
        "39": 5.530132308415478e-07,
        "40": 5.530132308415478e-07,
        "41": 7.1891720009401225e-06,
        "42": 1.6590396925246436e-06,
        "43": 1.6590396925246436e-06,
        "44": 5.530132308415478e-07,
        "45": 1.6590396925246436e-06,
        "46": 5.530132308415478e-07,
        "47": 5.530132308415478e-07,
        "48": 5.530132308415478e-07,
        "49": 5.530132308415478e-07,
        "50": 5.530132308415478e-07
    },
    "clones": [
        {
            "id": 0,
            "fitness": 0,
            "ancestor": null,
            "dead_lineage": false,
            "size": 164355,
            "tmb": 100
        },
        {
            "id": 1,
            "fitness": 1.519871147462788,
            "ancestor": 0,
            "dead_lineage": false,
            "size": 54807,
            "tmb": 364
        },
        {
            "id": 2,
            "fitness": 1.119769847852422,
            "ancestor": 0,
            "dead_lineage": false,
            "size": 55861,
            "tmb": 403
        },
        {
            "id": 3,
            "fitness": 2.8009231190024737,
            "ancestor": 2,
            "dead_lineage": false,
            "size": 1113175,
            "tmb": 548
        },
        {
            "id": 4,
            "fitness": 2.0569534133946816,
            "ancestor": 1,
            "dead_lineage": false,
            "size": 8783,
            "tmb": 505
        },
        {
            "id": 5,
            "fitness": 2.116362566218754,
            "ancestor": 1,
            "dead_lineage": false,
            "size": 18429,
            "tmb": 455
        },
        {
            "id": 6,
            "fitness": 2.0770715474008155,
            "ancestor": 2,
            "dead_lineage": false,
            "size": 143,
            "tmb": 603
        },
        {
            "id": 7,
            "fitness": 3.509426611758032,
            "ancestor": 5,
            "dead_lineage": false,
            "size": 209271,
            "tmb": 578
        },
        {
            "id": 8,
            "fitness": 4.164291280122523,
            "ancestor": 3,
            "dead_lineage": false,
            "size": 55947,
            "tmb": 756
        },
        {
            "id": 9,
            "fitness": 3.491163668000569,
            "ancestor": 3,
            "dead_lineage": false,
            "size": 46217,
            "tmb": 672
        },
        {
            "id": 10,
            "fitness": 3.2772841146737846,
            "ancestor": 4,
            "dead_lineage": false,
            "size": 533,
            "tmb": 735
        },
        {
            "id": 11,
            "fitness": 2.683231893596167,
            "ancestor": 4,
            "dead_lineage": false,
            "size": 146,
            "tmb": 718
        },
        {
            "id": 12,
            "fitness": 4.74061606864244,
            "ancestor": 7,
            "dead_lineage": false,
            "size": 7617,
            "tmb": 721
        },
        {
            "id": 13,
            "fitness": 4.942013648607142,
            "ancestor": 9,
            "dead_lineage": true,
            "size": 1,
            "tmb": 800
        },
        {
            "id": 14,
            "fitness": 5.732739350988931,
            "ancestor": 9,
            "dead_lineage": false,
            "size": 48287,
            "tmb": 769
        },
        {
            "id": 15,
            "fitness": 5.221606954141279,
            "ancestor": 7,
            "dead_lineage": false,
            "size": 14199,
            "tmb": 763
        },
        {
            "id": 16,
            "fitness": 5.52818476326919,
            "ancestor": 8,
            "dead_lineage": false,
            "size": 7979,
            "tmb": 815
        },
        {
            "id": 17,
            "fitness": 3.4120065871177747,
            "ancestor": 5,
            "dead_lineage": false,
            "size": 189,
            "tmb": 733
        },
        {
            "id": 18,
            "fitness": 4.985845793514216,
            "ancestor": 8,
            "dead_lineage": false,
            "size": 183,
            "tmb": 941
        },
        {
            "id": 19,
            "fitness": 6.771101539840141,
            "ancestor": 15,
            "dead_lineage": true,
            "size": 1,
            "tmb": 846
        },
        {
            "id": 20,
            "fitness": 5.742450091957335,
            "ancestor": 15,
            "dead_lineage": false,
            "size": 975,
            "tmb": 828
        },
        {
            "id": 21,
            "fitness": 7.103659614250481,
            "ancestor": 14,
            "dead_lineage": false,
            "size": 8975,
            "tmb": 834
        },
        {
            "id": 22,
            "fitness": 5.7987618796524485,
            "ancestor": 14,
            "dead_lineage": false,
            "size": 207,
            "tmb": 886
        },
        {
            "id": 23,
            "fitness": 6.381040450276289,
            "ancestor": 16,
            "dead_lineage": false,
            "size": 487,
            "tmb": 849
        },
        {
            "id": 24,
            "fitness": 7.142282569015124,
            "ancestor": 16,
            "dead_lineage": false,
            "size": 1321,
            "tmb": 911
        },
        {
            "id": 25,
            "fitness": 5.490782959590735,
            "ancestor": 12,
            "dead_lineage": false,
            "size": 441,
            "tmb": 889
        },
        {
            "id": 26,
            "fitness": 7.141555517271536,
            "ancestor": 22,
            "dead_lineage": false,
            "size": 1947,
            "tmb": 901
        },
        {
            "id": 27,
            "fitness": 7.675169548933905,
            "ancestor": 21,
            "dead_lineage": false,
            "size": 53,
            "tmb": 871
        },
        {
            "id": 28,
            "fitness": 7.771408239084744,
            "ancestor": 21,
            "dead_lineage": false,
            "size": 65,
            "tmb": 936
        },
        {
            "id": 29,
            "fitness": 6.303814745339335,