{
    "0": {
        "clone_proportion": {
            "0": 1.0
        },
        "mrca": 0,
        "size": 97182
    },
    "1": {
        "clone_proportion": {
            "0": 1.0
        },
        "mrca": 0,
        "size": 37793
    },
    "2": {
        "clone_proportion": {
            "5": 0.5735277255929229,
            "6": 0.2582929819455102,
            "7": 0.16817929246156696
        },
        "mrca": 4,
        "size": 113379
    },
    "3": {
        "clone_proportion": {
            "1": 0.7976991623963285,
            "4": 0.20230083760367146
        },
        "mrca": 1,
        "size": 97182
    },
    "4": {
        "clone_proportion": {
            "0": 1.0
        },
        "mrca": 0,
        "size": 56689
    },
    "5": {
        "clone_proportion": {
            "4": 1.0
        },
        "mrca": 4,
        "size": 48591
    },
    "6": {
        "clone_proportion": {
            "0": 1.0
        },
        "mrca": 0,
        "size": 37793
    },
    "7": {
        "clone_proportion": {
            "0": 1.0
        },
        "mrca": 0,
        "size": 42517
    },
    "8": {
        "clone_proportion": {
            "0": 1.0
        },
        "mrca": 0,
        "size": 48591
    },
    "9": {
        "clone_proportion": {
            "0": 1.0
        },
        "mrca": 0,
        "size": 35803
    }
}