{
    "0": {
        "clone_proportion": {
            "0": 1.0
        },
        "mrca": 0,
        "size": 5263
    },
    "1": {
        "clone_proportion": {
            "6": 0.819081908190819,
            "7": 0.0009000900090009,
            "8": 0.014941494149414942,
            "9": 0.16507650765076506
        },
        "mrca": 0,
        "size": 5555
    },
    "2": {
        "clone_proportion": {
            "0": 1.0
        },
        "mrca": 0,
        "size": 5555
    },
    "3": {
        "clone_proportion": {
            "5": 0.2968,
            "6": 0.7032
        },
        "mrca": 0,
        "size": 20000
    },
    "4": {
        "clone_proportion": {
            "0": 1.0
        },
        "mrca": 0,
        "size": 12500
    },
    "5": {
        "clone_proportion": {
            "0": 1.0
        },
        "mrca": 0,
        "size": 14285
    },
    "6": {
        "clone_proportion": {
            "5": 0.22329223292232922,
            "6": 0.7767077670776708
        },
        "mrca": 0,
        "size": 11111
    },
    "7": {
        "clone_proportion": {
            "0": 1.0
        },
        "mrca": 0,
        "size": 5555
    },
    "8": {
        "clone_proportion": {
            "0": 1.0
        },
        "mrca": 0,
        "size": 10000
    },
    "9": {
        "clone_proportion": {
            "0": 1.0
        },
        "mrca": 0,
        "size": 20000
    }
}