{
    "0": {
        "clone_proportion": {
            "0": 1.0
        },
        "mrca": 0,
        "size": 55532
    },
    "1": {
        "clone_proportion": {
            "0": 0.8017805821466387,
            "1": 0.19821941785336128
        },
        "mrca": 0,
        "size": 92554
    },
    "2": {
        "clone_proportion": {
            "0": 1.0
        },
        "mrca": 0,
        "size": 92554
    },
    "3": {
        "clone_proportion": {
            "0": 1.0
        },
        "mrca": 0,
        "size": 69415
    },
    "4": {
        "clone_proportion": {
            "0": 0.5564175148201771,
            "1": 0.44358248517982296
        },
        "mrca": 0,
        "size": 138831
    },
    "5": {
        "clone_proportion": {
            "0": 0.1252782159604123,
            "1": 0.8747217840395877
        },
        "mrca": 0,
        "size": 92554
    },
    "6": {
        "clone_proportion": {
            "0": 1.0
        },
        "mrca": 0,
        "size": 37021
    },
    "7": {
        "clone_proportion": {
            "0": 1.0
        },
        "mrca": 0,
        "size": 29227
    },
    "8": {
        "clone_proportion": {
            "0": 1.0
        },
        "mrca": 0,
        "size": 111065
    },
    "9": {
        "clone_proportion": {
            "0": 1.0
        },
        "mrca": 0,
        "size": 69415
    }
}