{
    "0": {
        "clone_proportion": {
            "4": 0.3851661372460041,
            "5": 0.6148338627539959
        },
        "mrca": 4,
        "size": 39666
    },
    "1": {
        "clone_proportion": {
            "2": 0.18250573988205104,
            "3": 0.3117093593841444,
            "4": 0.5057849007338046
        },
        "mrca": 2,
        "size": 111065
    },
    "2": {
        "clone_proportion": {
            "3": 0.5570081610015054,
            "4": 0.4429918389984946
        },
        "mrca": 2,
        "size": 50484
    },
    "3": {
        "clone_proportion": {
            "4": 0.9011596917092848,
            "5": 0.09884030829071526
        },
        "mrca": 4,
        "size": 69415
    },
    "4": {
        "clone_proportion": {
            "2": 1.0
        },
        "mrca": 2,
        "size": 69415
    },
    "5": {
        "clone_proportion": {
            "2": 1.0
        },
        "mrca": 2,
        "size": 92554
    },
    "6": {
        "clone_proportion": {
            "2": 1.0
        },
        "mrca": 2,
        "size": 30851
    },
    "7": {
        "clone_proportion": {
            "0": 0.22747244831808686,
            "2": 0.7725275516819131
        },
        "mrca": 0,
        "size": 27766
    },
    "8": {
        "clone_proportion": {
            "2": 1.0
        },
        "mrca": 2,
        "size": 185108
    },
    "9": {
        "clone_proportion": {
            "2": 1.0
        },
        "mrca": 2,
        "size": 111065
    }
}