{
    "0": {
        "clone_proportion": {
            "4": 1.0
        },
        "mrca": 4,
        "size": 34593
    },
    "1": {
        "clone_proportion": {
            "0": 1.0
        },
        "mrca": 0,
        "size": 22238
    },
    "2": {
        "clone_proportion": {
            "4": 1.0
        },
        "mrca": 4,
        "size": 17296
    },
    "3": {
        "clone_proportion": {
            "1": 1.0
        },
        "mrca": 1,
        "size": 16386
    },
    "4": {
        "clone_proportion": {
            "0": 1.0
        },
        "mrca": 0,
        "size": 62268
    },
    "5": {
        "clone_proportion": {
            "0": 1.0
        },
        "mrca": 0,
        "size": 25945
    },
    "6": {
        "clone_proportion": {
            "0": 1.0
        },
        "mrca": 0,
        "size": 19458
    },
    "7": {
        "clone_proportion": {
            "4": 0.2963395988847918,
            "5": 0.09290403813292562,
            "6": 0.15280151092724165,
            "7": 0.28356866624696464,
            "8": 0.17438618580807627
        },
        "mrca": 0,
        "size": 22238
    },
    "8": {
        "clone_proportion": {
            "0": 1.0
        },
        "mrca": 0,
        "size": 103780
    },
    "9": {
        "clone_proportion": {
            "0": 1.0
        },
        "mrca": 0,
        "size": 51890
    }
}