{
    "0": {
        "clone_proportion": {
            "0": 1.0
        },
        "mrca": 0,
        "size": 47678
    },
    "1": {
        "clone_proportion": {
            "3": 0.5176809362716431,
            "4": 0.1150500780966622,
            "5": 0.0003035036161345483,
            "6": 0.013672467780500262,
            "7": 0.009578870226295257,
            "8": 0.3437141440087646
        },
        "mrca": 0,
        "size": 135089
    },
    "2": {
        "clone_proportion": {
            "3": 0.4844101622645979,
            "4": 0.23010185952860357,
            "5": 0.0006070117256899207,
            "6": 0.027345137984128864,
            "7": 0.019157882269335545,
            "8": 0.2383779462276442
        },
        "mrca": 0,
        "size": 67544
    },
    "3": {
        "clone_proportion": {
            "0": 1.0
        },
        "mrca": 0,
        "size": 202634
    },
    "4": {
        "clone_proportion": {
            "0": 1.0
        },
        "mrca": 0,
        "size": 73685
    },
    "5": {
        "clone_proportion": {
            "0": 1.0
        },
        "mrca": 0,
        "size": 81053
    },
    "6": {
        "clone_proportion": {
            "0": 1.0
        },
        "mrca": 0,
        "size": 45029
    },
    "7": {
        "clone_proportion": {
            "2": 1.0
        },
        "mrca": 2,
        "size": 73685
    },
    "8": {
        "clone_proportion": {
            "0": 1.0
        },
        "mrca": 0,
        "size": 62349
    },
    "9": {
        "clone_proportion": {
            "0": 1.0
        },
        "mrca": 0,
        "size": 101317
    }
}