{
    "0": {
        "clone_proportion": {
            "2": 1.0
        },
        "mrca": 2,
        "size": 44280
    },
    "1": {
        "clone_proportion": {
            "0": 1.0
        },
        "mrca": 0,
        "size": 24153
    },
    "2": {
        "clone_proportion": {
            "1": 1.0
        },
        "mrca": 1,
        "size": 18977
    },
    "3": {
        "clone_proportion": {
            "0": 1.0
        },
        "mrca": 0,
        "size": 37954
    },
    "4": {
        "clone_proportion": {
            "2": 0.09236675700090334,
            "3": 0.020739235170129478,
            "4": 0.4914935260463716,
            "5": 0.12089732008431195,
            "6": 0.0019572417946401685,
            "7": 0.16644083107497742,
            "8": 0.10610508882866607
        },
        "mrca": 0,
        "size": 26568
    },
    "5": {
        "clone_proportion": {
            "1": 1.0
        },
        "mrca": 1,
        "size": 13983
    },
    "6": {
        "clone_proportion": {
            "2": 0.8651212158850962,
            "3": 0.00622170029697045,
            "4": 0.1286570838179334
        },
        "mrca": 0,
        "size": 88561
    },
    "7": {
        "clone_proportion": {
            "0": 1.0
        },
        "mrca": 0,
        "size": 15628
    },
    "8": {
        "clone_proportion": {
            "1": 1.0
        },
        "mrca": 1,
        "size": 18977
    },
    "9": {
        "clone_proportion": {
            "0": 1.0
        },
        "mrca": 0,
        "size": 20437
    }
}