{
    "n_event": 574823,
    "config": {
        "N_max": 574823,
        "M": 574823,
        "picking": "adjacent",
        "mutation_rate": 25.63938652426293,
        "P_death": 0.0658479022679664,
        "D": 640,
        "new_clone_frequency": 0.03169522724469988,
        "depth_sequencing": 100,
        "min_alt_reads": 2,
        "n_sequencing": 10,
        "max_horizontal": 2
    },
    "clone_proportion": {
        "0": 0.63404661450392,
        "1": 0.08469240835170096,
        "2": 0.22188210498685637,
        "3": 0.011282091862534307,
        "4": 0.00014475355225217226,
        "5": 0.0016598407324915753,
        "6": 0.0007372780928043974,
        "7": 0.028915969597893932,
        "8": 0.011285951957261032,
        "9": 0.0011889091758311749,
        "10": 0.0008057947742037589,
        "11": 0.0007623687085281073,
        "12": 0.0004902320302940234,
        "13": 0.0009534433975009746,
        "14": 2.0265497315304118e-05,
        "15": 1.254530786185493e-05,
        "16": 0.00035609373854034377,
        "17": 1.0615260498492634e-05,
        "18": 0.00030784255445628634,
        "19": 0.0003628489043121118,
        "20": 4.825118408405742e-06,
        "21": 1.0615260498492634e-05,
        "22": 9.650236816811484e-07,
        "23": 4.825118408405742e-06,
        "24": 1.0615260498492634e-05,
        "25": 9.650236816811484e-07,
        "26": 8.685213135130336e-06,
        "27": 9.650236816811484e-07,
        "28": 2.8950710450434455e-06,
        "30": 2.2195544678666414e-05,
        "31": 9.650236816811484e-07,
        "32": 7.720189453449187e-06,
        "33": 2.8950710450434455e-06,
        "34": 9.650236816811484e-07,
        "35": 9.650236816811484e-07,
        "36": 9.650236816811484e-07
    },
    "clones": [
        {
            "id": 0,
            "fitness": 0,
            "ancestor": null,
            "dead_lineage": false,
            "size": 680965,
            "tmb": 100
        },
        {
            "id": 1,
            "fitness": 0.9039011987621282,
            "ancestor": 0,
            "dead_lineage": false,
            "size": 90983,
            "tmb": 304
        },
        {
            "id": 2,
            "fitness": 1.362851921597696,
            "ancestor": 0,
            "dead_lineage": false,
            "size": 238391,
            "tmb": 217
        },
        {
            "id": 3,
            "fitness": 1.433516555599233,
            "ancestor": 1,
            "dead_lineage": false,
            "size": 12089,
            "tmb": 465
        },
        {
            "id": 4,
            "fitness": 1.1428340188915995,
            "ancestor": 1,
            "dead_lineage": false,
            "size": 155,
            "tmb": 436
        },
        {
            "id": 5,
            "fitness": 1.4691798314713589,
            "ancestor": 2,
            "dead_lineage": false,
            "size": 1785,
            "tmb": 280
        },
        {
            "id": 6,
            "fitness": 2.2829821784634357,
            "ancestor": 2,
            "dead_lineage": false,
            "size": 781,
            "tmb": 409
        },
        {
            "id": 7,
            "fitness": 2.940541912515137,
            "ancestor": 5,
            "dead_lineage": false,
            "size": 31063,
            "tmb": 292
        },
        {
            "id": 8,
            "fitness": 3.7693629052885287,
            "ancestor": 7,
            "dead_lineage": false,
            "size": 12077,
            "tmb": 358
        },
        {
            "id": 9,
            "fitness": 2.002315638571531,
            "ancestor": 5,
            "dead_lineage": false,
            "size": 1275,
            "tmb": 325
        },
        {
            "id": 10,
            "fitness": 2.406998582061632,
            "ancestor": 3,
            "dead_lineage": false,
            "size": 875,
            "tmb": 608
        },
        {
            "id": 11,
            "fitness": 3.629028265337297,
            "ancestor": 9,
            "dead_lineage": false,
            "size": 817,
            "tmb": 339
        },
        {
            "id": 12,
            "fitness": 2.9684152742079686,
            "ancestor": 3,
            "dead_lineage": false,
            "size": 527,
            "tmb": 523
        },
        {
            "id": 13,
            "fitness": 4.348556906318011,
            "ancestor": 7,
            "dead_lineage": false,
            "size": 1021,
            "tmb": 399
        },
        {
            "id": 14,
            "fitness": 3.2381581672842907,
            "ancestor": 9,
            "dead_lineage": false,
            "size": 23,
            "tmb": 361
        },
        {
            "id": 15,
            "fitness": 1.7780061863985037,
            "ancestor": 4,
            "dead_lineage": false,
            "size": 13,
            "tmb": 487
        },
        {
            "id": 16,
            "fitness": 5.140240797490818,
            "ancestor": 8,
            "dead_lineage": false,
            "size": 383,
            "tmb": 509
        },
        {
            "id": 17,
            "fitness": 2.6821588776506307,
            "ancestor": 6,
            "dead_lineage": false,
            "size": 11,
            "tmb": 490
        },
        {
            "id": 18,
            "fitness": 4.907183246991324,
            "ancestor": 8,
            "dead_lineage": false,
            "size": 331,
            "tmb": 448
        },
        {
            "id": 19,
            "fitness": 5.59403017132104,
            "ancestor": 13,
            "dead_lineage": false,
            "size": 393,
            "tmb": 437
        },
        {
            "id": 20,
            "fitness": 3.958383152240362,
            "ancestor": 12,
            "dead_lineage": false,
            "size": 5,
            "tmb": 627
        },
        {
            "id": 21,
            "fitness": 6.139806902046702,
            "ancestor": 13,
            "dead_lineage": false,
            "size": 11,
            "tmb": 475
        },
        {
            "id": 22,
            "fitness": 1.7482865193367871,
            "ancestor": 4,
            "dead_lineage": false,
            "size": 1,
            "tmb": 489
        },
        {
            "id": 23,
            "fitness": 4.448519972917942,
            "ancestor": 11,
            "dead_lineage": false,
            "size": 5,
            "tmb": 363
        },
        {
            "id": 24,
            "fitness": 3.7925832165799482,
            "ancestor": 12,
            "dead_lineage": false,
            "size": 11,
            "tmb": 586
        },
        {
            "id": 25,
            "fitness": 1.993672030636832,
            "ancestor": 10,
            "dead_lineage": false,
            "size": 1,
            "tmb": 684
        },
        {
            "id": 26,
            "fitness": 2.347462950931658,
            "ancestor": 6,
            "dead_lineage": false,
            "size": 9,
            "tmb": 521
        },
        {
            "id": 27,
            "fitness": 6.486891831364624,
            "ancestor": 16,
            "dead_lineage": false,
            "size": 1,
            "tmb": 618
        },
        {
            "id": 28,
            "fitness": 3.5183739331492223,
            "ancestor": 10,
            "dead_lineage": false,
            "size": 3,
            "tmb": 659
        },
        {
            "id": 29,
            "fitness": 6.745623564891359,
            "ancestor": 19,
            "dead_lineage": true,
            "size": 1,
            "tmb": 481
        },
        {
            "id": 30,
            "fitness": 6.321005438851425,
            "ancestor": 18,
            "dead_lineage": false,
            "size": 24,
            "tmb": 544
        },
        {
            "id": 31,
            "fitness": 3.747722631933674,
            "ancestor": 11,
            "dead_lineage": false,
            "size": 1,