{
    "0": {
        "clone_proportion": {
            "2": 1.0
        },
        "mrca": 2,
        "size": 307651
    },
    "1": {
        "clone_proportion": {
            "2": 0.8920497885028777,
            "3": 0.10795021149712225
        },
        "mrca": 2,
        "size": 57684
    },
    "2": {
        "clone_proportion": {
            "3": 1.0
        },
        "mrca": 3,
        "size": 51275
    },
    "3": {
        "clone_proportion": {
            "3": 0.16994581522569405,
            "4": 0.8300541847743059
        },
        "mrca": 2,
        "size": 307651
    },
    "4": {
        "clone_proportion": {
            "3": 1.0
        },
        "mrca": 3,
        "size": 131850
    },
    "5": {
        "clone_proportion": {
            "2": 1.0
        },
        "mrca": 2,
        "size": 65925
    },
    "6": {
        "clone_proportion": {
            "2": 1.0
        },
        "mrca": 2,
        "size": 51275
    },
    "7": {
        "clone_proportion": {
            "4": 1.0
        },
        "mrca": 4,
        "size": 51275
    },
    "8": {
        "clone_proportion": {
            "2": 1.0
        },
        "mrca": 2,
        "size": 46147
    },
    "9": {
        "clone_proportion": {
            "2": 0.992491418764302,
            "3": 0.007508581235697941
        },
        "mrca": 2,
        "size": 83904
    }
}