{
    "0": {
        "clone_proportion": {
            "7": 1.0
        },
        "mrca": 7,
        "size": 78614
    },
    "1": {
        "clone_proportion": {
            "4": 0.07834139484889827,
            "6": 0.3439261965864967,
            "7": 0.5777324085646051
        },
        "mrca": 4,
        "size": 314457
    },
    "2": {
        "clone_proportion": {
            "7": 1.0
        },
        "mrca": 7,
        "size": 52409
    },
    "3": {
        "clone_proportion": {
            "7": 1.0
        },
        "mrca": 7,
        "size": 188674
    },
    "4": {
        "clone_proportion": {
            "6": 0.8948021179501041,
            "7": 0.10519788204989586
        },
        "mrca": 6,
        "size": 62891
    },
    "5": {
        "clone_proportion": {
            "7": 1.0
        },
        "mrca": 7,
        "size": 55492
    },
    "6": {
        "clone_proportion": {
            "11": 1.0
        },
        "mrca": 11,
        "size": 94337
    },
    "7": {
        "clone_proportion": {
            "7": 0.17172568412014438,
            "8": 0.030401806299788524,
            "10": 0.35400931770841615,
            "11": 0.44386319187165096
        },
        "mrca": 4,
        "size": 62891
    },
    "8": {
        "clone_proportion": {
            "7": 1.0
        },
        "mrca": 7,
        "size": 49651
    },
    "9": {
        "clone_proportion": {
            "7": 1.0
        },
        "mrca": 7,
        "size": 67383
    }
}