{
    "N_max": 843859,
    "M": 843859,
    "picking": "adjacent",
    "mutation_rate": 40.16589259357441,
    "P_death": 0.08609060633608957,
    "D": 640,
    "new_clone_frequency": 0.022727399940249592,
    "depth_sequencing": 100,
    "min_alt_reads": 2,
    "n_sequencing": 10,
    "max_horizontal": 2
}