{
    "0": {
        "clone_proportion": {
            "0": 0.49784397412768955,
            "1": 0.006798081576978924,
            "2": 0.013860166321995864,
            "3": 0.3157037884454613,
            "4": 0.011858142297707572,
            "5": 0.0001100013200158402,
            "6": 0.00015400184802217626,
            "7": 2.2000264003168037e-05,
            "8": 0.05909270911250935,
            "9": 0.0009900118801425618,
            "10": 0.00037400448805385665,
            "11": 0.00037400448805385665,
            "12": 0.033066396796761564,
            "13": 0.00015400184802217626,
            "14": 0.0006380076560918731,
            "15": 0.0004620055440665288,
            "16": 2.2000264003168037e-05,
            "17": 0.00037400448805385665,
            "18": 0.0009020108241298895,
            "19": 0.0001100013200158402,
            "20": 0.00037400448805385665,
            "21": 0.006842082104985259,
            "22": 0.015202182426189115,
            "23": 0.005148061776741321,
            "24": 0.0003300039600475206,
            "25": 0.0006380076560918731,
            "26": 0.0003300039600475206,
            "27": 0.0004180050160601927,
            "28": 2.2000264003168037e-05,
            "29": 0.00024200290403484842,
            "30": 2.2000264003168037e-05,
            "31": 0.0003300039600475206,
            "32": 0.001166013992167906,
            "33": 6.600079200950411e-05,
            "34": 6.600079200950411e-05,
            "35": 6.600079200950411e-05,
            "36": 6.600079200950411e-05,
            "37": 0.0004180050160601927,
            "38": 0.000594007128085537,
            "39": 0.0002860034320411845,
            "40": 0.0004180050160601927,
            "41": 0.0032780393364720377,
            "42": 0.004642055704668456,
            "43": 0.0019140229682756192,
            "44": 0.00037400448805385665,
            "45": 0.002794033528402341,
            "46": 0.0009460113521362256,
            "47": 0.00019800237602851233,
            "48": 0.000550006600079201,
            "49": 0.0006820081840982092,
            "50": 2.2000264003168037e-05,
            "51": 2.2000264003168037e-05,
            "52": 2.2000264003168037e-05,
            "53": 2.2000264003168037e-05,
            "54": 0.00015400184802217626,
            "55": 6.600079200950411e-05,
            "56": 0.0006820081840982092,
            "57": 0.00015400184802217626,
            "58": 0.0013420161041932503,
            "59": 0.0003300039600475206,
            "60": 0.00019800237602851233,
            "61": 6.600079200950411e-05,
            "62": 0.000550006600079201,
            "63": 2.2000264003168037e-05,
            "64": 6.600079200950411e-05,
            "65": 0.00112201346416157,
            "66": 0.0006380076560918731,
            "67": 0.00019800237602851233,
            "68": 0.0004180050160601927,
            "69": 0.0010780129361552338,
            "70": 0.0001100013200158402,
            "71": 6.600079200950411e-05,
            "72": 0.00015400184802217626,
            "73": 0.000550006600079201,
            "74": 0.00015400184802217626,
            "75": 0.00037400448805385665,
            "76": 8.800105601267215e-05
        },
        "mrca": 0,
        "size": 45454
    },
    "1": {
        "clone_proportion": {
            "0": 1.0
        },
        "mrca": 0,
        "size": 62500
    },
    "2": {
        "clone_proportion": {
            "0": 1.0
        },
        "mrca": 0,
        "size": 62500
    },
    "3": {
        "clone_proportion": {
            "0": 1.0
        },
        "mrca": 0,
        "size": 125000
    },
    "4": {
        "clone_proportion": {
            "0": 1.0
        },
        "mrca": 0,
        "size": 27777
    },
    "5": {
        "clone_proportion": {
            "0": 1.0
        },
        "mrca": 0,
        "size": 29411
    },
    "6": {
        "clone_proportion": {
            "0": 1.0
        },
        "mrca": 0,
        "size": 100000
    },
    "7": {
        "clone_proportion": {
            "0": 1.0
        },
        "mrca": 0,
        "size": 55555
    },
    "8": {
        "clone_proportion": {
            "0": 1.0
        },
        "mrca": 0,
        "size": 62500
    },
    "9": {
        "clone_proportion": {
            "0": 1.0
        },
        "mrca": 0,
        "size": 125000
    }
}