{
    "0": {
        "clone_proportion": {
            "2": 1.0
        },
        "mrca": 2,
        "size": 22579
    },
    "1": {
        "clone_proportion": {
            "0": 1.0
        },
        "mrca": 0,
        "size": 21325
    },
    "2": {
        "clone_proportion": {
            "0": 1.0
        },
        "mrca": 0,
        "size": 42650
    },
    "3": {
        "clone_proportion": {
            "2": 0.31739742086752637,
            "3": 0.281852286049238,
            "4": 0.4007502930832356
        },
        "mrca": 2,
        "size": 42650
    },
    "4": {
        "clone_proportion": {
            "0": 0.28313516667882416,
            "2": 0.7168648333211759
        },
        "mrca": 0,
        "size": 54836
    },
    "5": {
        "clone_proportion": {
            "0": 1.0
        },
        "mrca": 0,
        "size": 22579
    },
    "6": {
        "clone_proportion": {
            "2": 1.0
        },
        "mrca": 2,
        "size": 31987
    },
    "7": {
        "clone_proportion": {
            "0": 0.9903347661847076,
            "2": 0.009665233815292431
        },
        "mrca": 0,
        "size": 38385
    },
    "8": {
        "clone_proportion": {
            "0": 1.0
        },
        "mrca": 0,
        "size": 27418
    },
    "9": {
        "clone_proportion": {
            "0": 1.0
        },
        "mrca": 0,
        "size": 20202
    }
}