{
    "N_max": 294877,
    "M": 294877,
    "picking": "adjacent",
    "mutation_rate": 41.4108952221646,
    "P_death": 0.2161162495977714,
    "D": 640,
    "new_clone_frequency": 0.016052887546054734,
    "depth_sequencing": 100,
    "min_alt_reads": 2,
    "n_sequencing": 10,
    "max_horizontal": 2
}