{
    "N_max": 278589,
    "M": 278589,
    "picking": "adjacent",
    "mutation_rate": 15.8555306985055,
    "P_death": 0.045904814958166486,
    "D": 640,
    "new_clone_frequency": 0.024312989463947266,
    "depth_sequencing": 100,
    "min_alt_reads": 2,
    "n_sequencing": 10,
    "max_horizontal": 2
}