{
    "0": {
        "clone_proportion": {
            "3": 0.257832,
            "4": 0.00384,
            "5": 0.738328
        },
        "mrca": 0,
        "size": 125000
    },
    "1": {
        "clone_proportion": {
            "0": 1.0
        },
        "mrca": 0,
        "size": 166666
    },
    "2": {
        "clone_proportion": {
            "0": 1.0
        },
        "mrca": 0,
        "size": 71428
    },
    "3": {
        "clone_proportion": {
            "0": 1.0
        },
        "mrca": 0,
        "size": 71428
    },
    "4": {
        "clone_proportion": {
            "0": 0.6895508955089551,
            "1": 0.07718477184771848,
            "2": 0.05797857978579786,
            "3": 0.17528575285752857
        },
        "mrca": 0,
        "size": 55555
    },
    "5": {
        "clone_proportion": {
            "19": 0.06984195557475609,
            "20": 0.001692047377326565,
            "21": 0.008424235878604601,
            "22": 0.2920761781329877,
            "23": 0.031536883032724915,
            "24": 0.003420095762681355,
            "25": 0.12423947870540375,
            "26": 0.003996111891132951,
            "27": 0.029952838679483024,
            "28": 0.09367462288944091,
            "29": 0.0003240090722540231,
            "30": 0.09713071966015048,
            "31": 0.0003240090722540231,
            "32": 0.0061561723728264395,
            "33": 0.00864024192677395,
            "34": 0.0002520070561975735,
            "35": 0.14688411275515714,
            "36": 0.00018000504014112394,
            "37": 0.0012600352809878676,
            "38": 0.028476797350325808,
            "39": 0.00010800302408467438,
            "40": 0.007380206645786082,
            "41": 0.0009000252007056198,
            "42": 0.043129207617813296
        },
        "mrca": 0,
        "size": 27777
    },
    "6": {
        "clone_proportion": {
            "3": 1.0
        },
        "mrca": 3,
        "size": 25000
    },
    "7": {
        "clone_proportion": {
            "0": 1.0
        },
        "mrca": 0,
        "size": 62500
    },
    "8": {
        "clone_proportion": {
            "3": 0.23297586380691046,
            "4": 0.006720053760430084,
            "5": 0.7603040824326595
        },
        "mrca": 0,
        "size": 71428
    },
    "9": {
        "clone_proportion": {
            "0": 1.0
        },
        "mrca": 0,
        "size": 35714
    }
}