{
    "0": {
        "clone_proportion": {
            "4": 0.07013025241003754,
            "5": 0.005445580984619914,
            "6": 0.0970362057546545,
            "7": 0.438865994554419,
            "8": 0.38852196629626906
        },
        "mrca": 0,
        "size": 108712
    },
    "1": {
        "clone_proportion": {
            "1": 0.5357794423815758,
            "2": 0.02623897319224743,
            "3": 0.43798158442617674
        },
        "mrca": 0,
        "size": 93182
    },
    "2": {
        "clone_proportion": {
            "1": 0.5899781533862252,
            "2": 0.011245256985167299,
            "3": 0.3928849028400598,
            "4": 0.005891686788547775
        },
        "mrca": 0,
        "size": 217425
    },
    "3": {
        "clone_proportion": {
            "4": 1.0
        },
        "mrca": 4,
        "size": 54356
    },
    "4": {
        "clone_proportion": {
            "0": 0.33675980223065427,
            "1": 0.6632401977693457
        },
        "mrca": 0,
        "size": 43485
    },
    "5": {
        "clone_proportion": {
            "3": 0.6466377626580241,
            "4": 0.3533622373419759
        },
        "mrca": 1,
        "size": 93182
    },
    "6": {
        "clone_proportion": {
            "1": 1.0
        },
        "mrca": 1,
        "size": 217425
    },
    "7": {
        "clone_proportion": {
            "1": 1.0
        },
        "mrca": 1,
        "size": 65227
    },
    "8": {
        "clone_proportion": {
            "4": 1.0
        },
        "mrca": 4,
        "size": 50175
    },
    "9": {
        "clone_proportion": {
            "7": 0.5519079522283716,
            "8": 0.4480920477716283
        },
        "mrca": 1,
        "size": 34330
    }
}