{
    "n_event": 326098,
    "config": {
        "N_max": 326098,
        "M": 326098,
        "picking": "adjacent",
        "mutation_rate": 25.041849483033133,
        "P_death": 0.08075460572096231,
        "D": 640,
        "new_clone_frequency": 0.026104921400517136,
        "depth_sequencing": 100,
        "min_alt_reads": 2,
        "n_sequencing": 10,
        "max_horizontal": 2
    },
    "clone_proportion": {
        "0": 0.20256636967512298,
        "1": 0.0002825169117762466,
        "2": 0.31740600644905886,
        "3": 0.1368096864934245,
        "4": 0.03204997410261642,
        "5": 0.029207365669312212,
        "6": 0.0042586808552937915,
        "7": 0.04159276756705853,
        "8": 0.2126462940582508,
        "10": 0.00318267508636821,
        "11": 0.015018738544549604,
        "12": 9.940409858793862e-05,
        "13": 0.0008022085149202064,
        "14": 2.964683642096415e-05,
        "15": 0.00259497015261145,
        "16": 0.0005074840822647393,
        "17": 0.0003051880219805133,
        "18": 0.00017613708697161053,
        "19": 0.00016741742920073872,
        "20": 5.231794662523085e-06,
        "21": 1.5695383987569255e-05,
        "22": 0.00011335555102133352,
        "23": 2.790290486678979e-05,
        "24": 1.7439315541743618e-06,
        "25": 1.918324709591798e-05,
        "26": 3.6622562637661595e-05,
        "27": 1.7439315541743618e-06,
        "28": 1.7439315541743618e-06,
        "29": 1.7439315541743618e-06,
        "30": 1.2207520879220532e-05,
        "31": 1.7439315541743618e-06,
        "32": 4.708615196270777e-05,
        "33": 1.7439315541743618e-06,
        "34": 3.4878631083487236e-06,
        "35": 1.7439315541743618e-06,
        "36": 1.7439315541743618e-06,
        "37": 1.7439315541743618e-06
    },
    "clones": [
        {
            "id": 0,
            "fitness": 0,
            "ancestor": null,
            "dead_lineage": false,
            "size": 121321,
            "tmb": 100
        },
        {
            "id": 1,
            "fitness": 0.33863657799095614,
            "ancestor": 0,
            "dead_lineage": false,
            "size": 167,
            "tmb": 340
        },
        {
            "id": 2,
            "fitness": 1.6213920830993453,
            "ancestor": 0,
            "dead_lineage": false,
            "size": 190457,
            "tmb": 406
        },
        {
            "id": 3,
            "fitness": 3.0877623741793117,
            "ancestor": 2,
            "dead_lineage": false,
            "size": 82167,
            "tmb": 454
        },
        {
            "id": 4,
            "fitness": 2.4586972769598012,
            "ancestor": 2,
            "dead_lineage": false,
            "size": 19231,
            "tmb": 490
        },
        {
            "id": 5,
            "fitness": 4.203840358423625,
            "ancestor": 3,
            "dead_lineage": false,
            "size": 17469,
            "tmb": 516
        },
        {
            "id": 6,
            "fitness": 3.9489491103129977,
            "ancestor": 3,
            "dead_lineage": false,
            "size": 2541,
            "tmb": 544
        },
        {
            "id": 7,
            "fitness": 4.22307457680175,
            "ancestor": 4,
            "dead_lineage": false,
            "size": 24943,
            "tmb": 545
        },
        {
            "id": 8,
            "fitness": 4.618041359840671,
            "ancestor": 5,
            "dead_lineage": false,
            "size": 127459,
            "tmb": 567
        },
        {
            "id": 9,
            "fitness": 3.538578281908242,
            "ancestor": 4,
            "dead_lineage": true,
            "size": 1,
            "tmb": 552
        },
        {
            "id": 10,
            "fitness": 5.453819820160788,
            "ancestor": 5,
            "dead_lineage": false,
            "size": 1917,
            "tmb": 555
        },
        {
            "id": 11,
            "fitness": 6.726611372122958,
            "ancestor": 8,
            "dead_lineage": false,
            "size": 9007,
            "tmb": 641
        },
        {
            "id": 12,
            "fitness": 5.313037695884775,
            "ancestor": 7,
            "dead_lineage": false,
            "size": 59,
            "tmb": 712
        },
        {
            "id": 13,
            "fitness": 4.071632440848517,
            "ancestor": 8,
            "dead_lineage": false,
            "size": 481,
            "tmb": 679
        },
        {
            "id": 14,
            "fitness": 4.874426285480946,
            "ancestor": 7,
            "dead_lineage": false,
            "size": 21,
            "tmb": 728
        },
        {
            "id": 15,
            "fitness": 5.4587256706907255,
            "ancestor": 6,
            "dead_lineage": false,
            "size": 1559,
            "tmb": 645
        },
        {
            "id": 16,
            "fitness": 6.6052786476887455,
            "ancestor": 15,
            "dead_lineage": false,
            "size": 305,
            "tmb": 701
        },
        {
            "id": 17,
            "fitness": 5.271888257751369,
            "ancestor": 6,
            "dead_lineage": false,
            "size": 187,
            "tmb": 601
        },
        {
            "id": 18,
            "fitness": 7.655925261196155,
            "ancestor": 10,
            "dead_lineage": false,
            "size": 105,
            "tmb": 650
        },
        {
            "id": 19,
            "fitness": 7.833907525749678,
            "ancestor": 11,
            "dead_lineage": false,
            "size": 102,
            "tmb": 826
        },
        {
            "id": 20,
            "fitness": 7.875156549953607,
            "ancestor": 11,
            "dead_lineage": false,
            "size": 3,
            "tmb": 724
        },
        {
            "id": 21,
            "fitness": 1.7364595778045058,
            "ancestor": 1,
            "dead_lineage": false,
            "size": 9,
            "tmb": 422
        },
        {
            "id": 22,
            "fitness": 6.081356108404191,
            "ancestor": 15,
            "dead_lineage": false,
            "size": 68,
            "tmb": 761
        },
        {
            "id": 23,
            "fitness": 6.689533389244928,
            "ancestor": 10,
            "dead_lineage": false,
            "size": 17,
            "tmb": 714
        },
        {
            "id": 24,
            "fitness": 3.9453819233780356,
            "ancestor": 13,
            "dead_lineage": false,
            "size": 1,
            "tmb": 740
        },
        {
            "id": 25,
            "fitness": 6.371342088503173,
            "ancestor": 17,
            "dead_lineage": false,
            "size": 13,
            "tmb": 781
        },
        {
            "id": 26,
            "fitness": 7.738932032659463,
            "ancestor": 16,
            "dead_lineage": false,
            "size": 22,
            "tmb": 853
        },
        {
            "id": 27,
            "fitness": 6.901445324899033,
            "ancestor": 16,
            "dead_lineage": false,
            "size": 1,
            "tmb": 880
        },
        {
            "id": 28,
            "fitness": 0.9175656941087379,
            "ancestor": 1,
            "dead_lineage": false,
            "size": 1,
            "tmb": 390
        },
        {
            "id": 29,
            "fitness": 6.292102979285339,
            "ancestor": 17,
            "dead_lineage": false,
            "size": 1,
            "tmb": 660
        },
        {
            "id": 30,
            "fitness": 8.494540365455629,
            "ancestor": 19,
            "dead_lineage": false,
            "size": 7,
            "tmb": 915
        },
        {
            "id": 31,
            "fitness": 3.1811529324327417,
            "ancestor": 21,
            "dead_lineage": false,