{
    "0": {
        "clone_proportion": {
            "0": 0.026832,
            "1": 0.151816,
            "2": 0.03352,
            "3": 0.787832
        },
        "mrca": 0,
        "size": 125000
    },
    "1": {
        "clone_proportion": {
            "1": 0.34432,
            "2": 0.13408,
            "3": 0.5216
        },
        "mrca": 0,
        "size": 31250
    },
    "2": {
        "clone_proportion": {
            "1": 0.0413,
            "2": 0.0419,
            "3": 0.9168
        },
        "mrca": 0,
        "size": 100000
    },
    "3": {
        "clone_proportion": {
            "0": 1.0
        },
        "mrca": 0,
        "size": 29411
    },
    "4": {
        "clone_proportion": {
            "0": 1.0
        },
        "mrca": 0,
        "size": 83333
    },
    "5": {
        "clone_proportion": {
            "3": 0.01668026688427015,
            "4": 0.17359477751644026,
            "5": 0.1181058896942351,
            "6": 0.01346421542744684,
            "7": 0.013488215811452983,
            "8": 0.0008880142082273317,
            "9": 0.1260980175682811,
            "10": 0.0023520376326021217,
            "11": 0.3642058272932367,
            "12": 0.00012000192003072049,
            "13": 0.0018240291844669515,
            "14": 0.012744203907262516,
            "15": 0.006864109825757212,
            "16": 0.025968415494647915,
            "17": 0.00036000576009216146,
            "18": 0.0030720491527864444,
            "19": 0.016152258436134978,
            "20": 0.08436134978159651,
            "21": 0.0024240387846205537,
            "22": 7.20011520184323e-05,
            "23": 0.0010320165122641963,
            "24": 0.0005280084481351702,
            "25": 0.015600249603993664
        },
        "mrca": 0,
        "size": 41666
    },
    "6": {
        "clone_proportion": {
            "0": 1.0
        },
        "mrca": 0,
        "size": 83333
    },
    "7": {
        "clone_proportion": {
            "0": 1.0
        },
        "mrca": 0,
        "size": 62500
    },
    "8": {
        "clone_proportion": {
            "3": 0.5008400067200538,
            "4": 0.20252562020496165,
            "5": 0.1377891023128185,
            "6": 0.01570812566500532,
            "7": 0.01573612588900711,
            "8": 0.0010360082880663045,
            "9": 0.12636501092008737
        },
        "mrca": 0,
        "size": 35714
    },
    "9": {
        "clone_proportion": {
            "0": 0.576952,
            "1": 0.151816,
            "2": 0.03352,
            "3": 0.237712
        },
        "mrca": 0,
        "size": 125000
    }
}