{
    "0": {
        "clone_proportion": {
            "0": 0.19022829101770855,
            "1": 0.8097717089822914
        },
        "mrca": 0,
        "size": 23435
    },
    "1": {
        "clone_proportion": {
            "0": 1.0
        },
        "mrca": 0,
        "size": 70307
    },
    "2": {
        "clone_proportion": {
            "1": 1.0
        },
        "mrca": 1,
        "size": 27041
    },
    "3": {
        "clone_proportion": {
            "2": 0.34358376241003613,
            "3": 0.6564162375899639
        },
        "mrca": 0,
        "size": 35153
    },
    "4": {
        "clone_proportion": {
            "2": 1.0
        },
        "mrca": 2,
        "size": 25109
    },
    "5": {
        "clone_proportion": {
            "0": 1.0
        },
        "mrca": 0,
        "size": 43942
    },
    "6": {
        "clone_proportion": {
            "1": 0.5707515233581584,
            "2": 0.42924847664184157
        },
        "mrca": 0,
        "size": 25109
    },
    "7": {
        "clone_proportion": {
            "3": 0.0009729120794715551,
            "4": 0.05535357673203953,
            "5": 0.943673511188489
        },
        "mrca": 0,
        "size": 19529
    },
    "8": {
        "clone_proportion": {
            "0": 1.0
        },
        "mrca": 0,
        "size": 25109
    },
    "9": {
        "clone_proportion": {
            "0": 1.0
        },
        "mrca": 0,
        "size": 39059
    }
}