{
    "0": {
        "clone_proportion": {
            "0": 1.0
        },
        "mrca": 0,
        "size": 13807
    },
    "1": {
        "clone_proportion": {
            "0": 1.0
        },
        "mrca": 0,
        "size": 59833
    },
    "2": {
        "clone_proportion": {
            "0": 0.34230640668523676,
            "2": 0.6576935933147632
        },
        "mrca": 0,
        "size": 44875
    },
    "3": {
        "clone_proportion": {
            "0": 0.43815116499337,
            "2": 0.5618488350066301
        },
        "mrca": 0,
        "size": 10558
    },
    "4": {
        "clone_proportion": {
            "0": 1.0
        },
        "mrca": 0,
        "size": 22437
    },
    "5": {
        "clone_proportion": {
            "0": 1.0
        },
        "mrca": 0,
        "size": 9447
    },
    "6": {
        "clone_proportion": {
            "0": 1.0
        },
        "mrca": 0,
        "size": 19944
    },
    "7": {
        "clone_proportion": {
            "0": 0.04405571030640668,
            "2": 0.9559442896935934
        },
        "mrca": 0,
        "size": 44875
    },
    "8": {
        "clone_proportion": {
            "0": 1.0
        },
        "mrca": 0,
        "size": 35900
    },
    "9": {
        "clone_proportion": {
            "2": 1.0
        },
        "mrca": 2,
        "size": 9447
    }
}