{
    "0": {
        "clone_proportion": {
            "0": 1.0
        },
        "mrca": 0,
        "size": 6666
    },
    "1": {
        "clone_proportion": {
            "0": 1.0
        },
        "mrca": 0,
        "size": 5882
    },
    "2": {
        "clone_proportion": {
            "0": 1.0
        },
        "mrca": 0,
        "size": 5263
    },
    "3": {
        "clone_proportion": {
            "0": 1.0
        },
        "mrca": 0,
        "size": 25000
    },
    "4": {
        "clone_proportion": {
            "0": 1.0
        },
        "mrca": 0,
        "size": 8333
    },
    "5": {
        "clone_proportion": {
            "0": 1.0
        },
        "mrca": 0,
        "size": 9090
    },
    "6": {
        "clone_proportion": {
            "0": 0.4319031903190319,
            "1": 0.122992299229923,
            "2": 0.055115511551155114,
            "3": 0.009130913091309131,
            "4": 0.00033003300330033004,
            "5": 0.12167216721672167,
            "6": 0.016831683168316833,
            "7": 0.015731573157315732,
            "8": 0.01221122112211221,
            "9": 0.0027502750275027505,
            "10": 0.00143014301430143,
            "11": 0.0033003300330033004,
            "12": 0.04477447744774477,
            "13": 0.00143014301430143,
            "14": 0.01485148514851485,
            "15": 0.00033003300330033004,
            "16": 0.012321232123212322,
            "17": 0.0038503850385038503,
            "18": 0.013091309130913092,
            "19": 0.00033003300330033004,
            "20": 0.00935093509350935,
            "21": 0.0016501650165016502,
            "22": 0.00319031903190319,
            "23": 0.0036303630363036304,
            "24": 0.00803080308030803,
            "25": 0.0009900990099009901,
            "26": 0.00055005500550055,
            "27": 0.019691969196919692,
            "28": 0.01221122112211221,
            "29": 0.0012101210121012102,
            "30": 0.00055005500550055,
            "31": 0.00033003300330033004,
            "32": 0.00011001100110011001,
            "33": 0.032453245324532455,
            "34": 0.0018701870187018703,
            "35": 0.0012101210121012102,
            "36": 0.01023102310231023,
            "37": 0.0009900990099009901,
            "38": 0.0073707370737073705
        },
        "mrca": 0,
        "size": 9090
    },
    "7": {
        "clone_proportion": {
            "0": 1.0
        },
        "mrca": 0,
        "size": 16666
    },
    "8": {
        "clone_proportion": {
            "0": 1.0
        },
        "mrca": 0,
        "size": 25000
    },
    "9": {
        "clone_proportion": {
            "0": 1.0
        },
        "mrca": 0,
        "size": 7142
    }
}