{
    "N_max": 469121,
    "M": 469121,
    "picking": "adjacent",
    "mutation_rate": 46.76389827064685,
    "P_death": 0.21654861459150962,
    "D": 640,
    "new_clone_frequency": 0.032405530103057696,
    "depth_sequencing": 100,
    "min_alt_reads": 2,
    "n_sequencing": 10,
    "max_horizontal": 2
}