{
    "0": {
        "clone_proportion": {
            "0": 1.0
        },
        "mrca": 0,
        "size": 6975
    },
    "1": {
        "clone_proportion": {
            "5": 1.0
        },
        "mrca": 5,
        "size": 14726
    },
    "2": {
        "clone_proportion": {
            "4": 1.0
        },
        "mrca": 4,
        "size": 13254
    },
    "3": {
        "clone_proportion": {
            "0": 0.05907650520597556,
            "1": 0.0599818922589407,
            "2": 0.08042100497962879,
            "4": 0.8005205975554549
        },
        "mrca": 0,
        "size": 44180
    },
    "4": {
        "clone_proportion": {
            "0": 0.9377970935759881,
            "1": 0.06220290642401195
        },
        "mrca": 0,
        "size": 14726
    },
    "5": {
        "clone_proportion": {
            "0": 1.0
        },
        "mrca": 0,
        "size": 14726
    },
    "6": {
        "clone_proportion": {
            "0": 1.0
        },
        "mrca": 0,
        "size": 7796
    },
    "7": {
        "clone_proportion": {
            "0": 1.0
        },
        "mrca": 0,
        "size": 8836
    },
    "8": {
        "clone_proportion": {
            "0": 1.0
        },
        "mrca": 0,
        "size": 6975
    },
    "9": {
        "clone_proportion": {
            "0": 1.0
        },
        "mrca": 0,
        "size": 6975
    }
}