{
    "0": {
        "clone_proportion": {
            "1": 1.0
        },
        "mrca": 1,
        "size": 34286
    },
    "1": {
        "clone_proportion": {
            "1": 0.37325,
            "2": 0.00665,
            "4": 0.6201
        },
        "mrca": 0,
        "size": 20000
    },
    "2": {
        "clone_proportion": {
            "0": 1.0
        },
        "mrca": 0,
        "size": 13333
    },
    "3": {
        "clone_proportion": {
            "1": 1.0
        },
        "mrca": 1,
        "size": 80000
    },
    "4": {
        "clone_proportion": {
            "0": 1.0
        },
        "mrca": 0,
        "size": 21818
    },
    "5": {
        "clone_proportion": {
            "0": 1.0
        },
        "mrca": 0,
        "size": 18461
    },
    "6": {
        "clone_proportion": {
            "0": 0.08991666666666667,
            "1": 0.9100833333333334
        },
        "mrca": 0,
        "size": 48000
    },
    "7": {
        "clone_proportion": {
            "1": 0.6281666666666667,
            "2": 0.004433333333333333,
            "4": 0.3674
        },
        "mrca": 0,
        "size": 30000
    },
    "8": {
        "clone_proportion": {
            "0": 1.0
        },
        "mrca": 0,
        "size": 12000
    },
    "9": {
        "clone_proportion": {
            "1": 1.0
        },
        "mrca": 1,
        "size": 26666
    }
}