{
    "N_max": 303126,
    "M": 303126,
    "picking": "adjacent",
    "mutation_rate": 17.895944816561247,
    "P_death": 0.2959267414808172,
    "D": 640,
    "new_clone_frequency": 0.027020998912144396,
    "depth_sequencing": 100,
    "min_alt_reads": 2,
    "n_sequencing": 10,
    "max_horizontal": 2
}