{
    "0": {
        "clone_proportion": {
            "3": 1.0
        },
        "mrca": 3,
        "size": 5555
    },
    "1": {
        "clone_proportion": {
            "2": 0.29865583870064405,
            "3": 0.701344161299356
        },
        "mrca": 0,
        "size": 7142
    },
    "2": {
        "clone_proportion": {
            "0": 1.0
        },
        "mrca": 0,
        "size": 8333
    },
    "3": {
        "clone_proportion": {
            "0": 1.0
        },
        "mrca": 0,
        "size": 7142
    },
    "4": {
        "clone_proportion": {
            "0": 1.0
        },
        "mrca": 0,
        "size": 12500
    },
    "5": {
        "clone_proportion": {
            "3": 1.0
        },
        "mrca": 3,
        "size": 6666
    },
    "6": {
        "clone_proportion": {
            "3": 1.0
        },
        "mrca": 3,
        "size": 5555
    },
    "7": {
        "clone_proportion": {
            "0": 1.0
        },
        "mrca": 0,
        "size": 5882
    },
    "8": {
        "clone_proportion": {
            "3": 1.0
        },
        "mrca": 3,
        "size": 7142
    },
    "9": {
        "clone_proportion": {
            "3": 0.2060523631417885,
            "4": 0.004250255015300918,
            "5": 0.28034682080924855,
            "6": 0.04726283577014621,
            "7": 0.12427745664739884,
            "8": 0.33781026861611696
        },
        "mrca": 0,
        "size": 5882
    }
}