{
    "0": {
        "clone_proportion": {
            "0": 0.5192300769203076,
            "1": 0.4807699230796923
        },
        "mrca": 0,
        "size": 166666
    },
    "1": {
        "clone_proportion": {
            "1": 1.0
        },
        "mrca": 1,
        "size": 71428
    },
    "2": {
        "clone_proportion": {
            "1": 1.0
        },
        "mrca": 1,
        "size": 100000
    },
    "3": {
        "clone_proportion": {
            "0": 1.0
        },
        "mrca": 0,
        "size": 25000
    },
    "4": {
        "clone_proportion": {
            "0": 1.0
        },
        "mrca": 0,
        "size": 27777
    },
    "5": {
        "clone_proportion": {
            "0": 1.0
        },
        "mrca": 0,
        "size": 31250
    },
    "6": {
        "clone_proportion": {
            "11": 0.2793862350898807,
            "12": 0.04572436579492636,
            "13": 0.674889399115193
        },
        "mrca": 0,
        "size": 35714
    },
    "7": {
        "clone_proportion": {
            "1": 1.0
        },
        "mrca": 1,
        "size": 41666
    },
    "8": {
        "clone_proportion": {
            "0": 1.0
        },
        "mrca": 0,
        "size": 125000
    },
    "9": {
        "clone_proportion": {
            "11": 0.2405359242873943,
            "12": 0.02286218289746318,
            "13": 0.4644677157417259,
            "14": 0.00918407347258778,
            "15": 0.003976031808254466,
            "16": 0.0015540124320994567,
            "17": 0.007728061824494596,
            "18": 0.0009800078400627205,
            "19": 0.016674133393067146,
            "20": 0.16671333370666966,
            "21": 0.018466147729181835,
            "22": 0.001778014224113793,
            "23": 0.003906031248249986,
            "24": 0.0015540124320994567,
            "25": 0.0004340034720277762,
            "26": 0.039186313490507926
        },
        "mrca": 0,
        "size": 71428
    }
}