{
    "0": {
        "clone_proportion": {
            "0": 1.0
        },
        "mrca": 0,
        "size": 30312
    },
    "1": {
        "clone_proportion": {
            "0": 1.0
        },
        "mrca": 0,
        "size": 16840
    },
    "2": {
        "clone_proportion": {
            "0": 1.0
        },
        "mrca": 0,
        "size": 20208
    },
    "3": {
        "clone_proportion": {
            "2": 0.38738144329896906,
            "3": 0.19642061855670104,
            "5": 0.01088659793814433,
            "6": 0.31445773195876286,
            "7": 0.09085360824742268
        },
        "mrca": 2,
        "size": 60625
    },
    "4": {
        "clone_proportion": {
            "0": 0.46454916139929536,
            "1": 0.009342711233686544,
            "2": 0.5261081273670181
        },
        "mrca": 0,
        "size": 75781
    },
    "5": {
        "clone_proportion": {
            "0": 1.0
        },
        "mrca": 0,
        "size": 37890
    },
    "6": {
        "clone_proportion": {
            "0": 0.6897527760733161,
            "1": 0.01401397438688862,
            "2": 0.29623324953979535
        },
        "mrca": 0,
        "size": 50521
    },
    "7": {
        "clone_proportion": {
            "3": 0.33376220638690945,
            "5": 0.021773555027711798,
            "6": 0.6289258379519662,
            "7": 0.015538400633412509
        },
        "mrca": 3,
        "size": 30312
    },
    "8": {
        "clone_proportion": {
            "2": 0.4408946951702296,
            "3": 0.4714172604908947,
            "5": 0.026128266033254157,
            "6": 0.06155977830562154
        },
        "mrca": 2,
        "size": 25260
    },
    "9": {
        "clone_proportion": {
            "0": 1.0
        },
        "mrca": 0,
        "size": 43303
    }
}