{
    "0": {
        "clone_proportion": {
            "1": 0.9344142742543209,
            "2": 0.008654009772224518,
            "4": 0.056931715973454554
        },
        "mrca": 0,
        "size": 41137
    },
    "1": {
        "clone_proportion": {
            "1": 1.0
        },
        "mrca": 1,
        "size": 76398
    },
    "2": {
        "clone_proportion": {
            "1": 0.4545386548587841,
            "2": 0.0026627573001436096,
            "4": 0.5427985878410723
        },
        "mrca": 0,
        "size": 133696
    },
    "3": {
        "clone_proportion": {
            "4": 1.0
        },
        "mrca": 4,
        "size": 31458
    },
    "4": {
        "clone_proportion": {
            "1": 1.0
        },
        "mrca": 1,
        "size": 106957
    },
    "5": {
        "clone_proportion": {
            "0": 0.6036381043561513,
            "1": 0.3963618956438487
        },
        "mrca": 0,
        "size": 133696
    },
    "6": {
        "clone_proportion": {
            "1": 1.0
        },
        "mrca": 1,
        "size": 53478
    },
    "7": {
        "clone_proportion": {
            "1": 1.0
        },
        "mrca": 1,
        "size": 35652
    },
    "8": {
        "clone_proportion": {
            "1": 1.0
        },
        "mrca": 1,
        "size": 48617
    },
    "9": {
        "clone_proportion": {
            "1": 1.0
        },
        "mrca": 1,
        "size": 44565
    }
}