{
    "0": {
        "clone_proportion": {
            "2": 0.09166151945645461,
            "3": 0.696602841260037,
            "4": 0.21173563928350833
        },
        "mrca": 2,
        "size": 8095
    },
    "1": {
        "clone_proportion": {
            "2": 1.0
        },
        "mrca": 2,
        "size": 5666
    },
    "2": {
        "clone_proportion": {
            "2": 0.47232589533868025,
            "3": 0.44778845390296196,
            "4": 0.07988565075835782
        },
        "mrca": 2,
        "size": 12593
    },
    "3": {
        "clone_proportion": {
            "0": 0.4520074119827054,
            "1": 0.12378011117974058,
            "2": 0.42421247683755403
        },
        "mrca": 0,
        "size": 8095
    },
    "4": {
        "clone_proportion": {
            "0": 1.0
        },
        "mrca": 0,
        "size": 14167
    },
    "5": {
        "clone_proportion": {
            "2": 1.0
        },
        "mrca": 2,
        "size": 8095
    },
    "6": {
        "clone_proportion": {
            "0": 1.0
        },
        "mrca": 0,
        "size": 8095
    },
    "7": {
        "clone_proportion": {
            "2": 0.03462515883100381,
            "3": 0.5970986869970352,
            "4": 0.368276154171961
        },
        "mrca": 2,
        "size": 9444
    },
    "8": {
        "clone_proportion": {
            "2": 1.0
        },
        "mrca": 2,
        "size": 14167
    },
    "9": {
        "clone_proportion": {
            "2": 1.0
        },
        "mrca": 2,
        "size": 16191
    }
}