{
    "0": {
        "clone_proportion": {
            "0": 0.4299631452797608,
            "2": 0.5700368547202391
        },
        "mrca": 0,
        "size": 38801
    },
    "1": {
        "clone_proportion": {
            "0": 0.2861671420226109,
            "2": 0.713832857977389
        },
        "mrca": 0,
        "size": 116404
    },
    "2": {
        "clone_proportion": {
            "0": 1.0
        },
        "mrca": 0,
        "size": 19400
    },
    "3": {
        "clone_proportion": {
            "2": 1.0
        },
        "mrca": 2,
        "size": 23280
    },
    "4": {
        "clone_proportion": {
            "0": 0.15582511482996003,
            "2": 0.84417488517004
        },
        "mrca": 0,
        "size": 87303
    },
    "5": {
        "clone_proportion": {
            "0": 1.0
        },
        "mrca": 0,
        "size": 34921
    },
    "6": {
        "clone_proportion": {
            "0": 1.0
        },
        "mrca": 0,
        "size": 69842
    },
    "7": {
        "clone_proportion": {
            "2": 1.0
        },
        "mrca": 2,
        "size": 31746
    },
    "8": {
        "clone_proportion": {
            "2": 1.0
        },
        "mrca": 2,
        "size": 21825
    },
    "9": {
        "clone_proportion": {
            "0": 1.0
        },
        "mrca": 0,
        "size": 29101
    }
}