{
    "0": {
        "clone_proportion": {
            "3": 1.0
        },
        "mrca": 3,
        "size": 25570
    },
    "1": {
        "clone_proportion": {
            "1": 1.0
        },
        "mrca": 1,
        "size": 36934
    },
    "2": {
        "clone_proportion": {
            "3": 1.0
        },
        "mrca": 3,
        "size": 22160
    },
    "3": {
        "clone_proportion": {
            "1": 0.23493240112875374,
            "2": 0.017436718190624607,
            "3": 0.7476308806806217
        },
        "mrca": 0,
        "size": 23743
    },
    "4": {
        "clone_proportion": {
            "0": 0.7491501459041545,
            "1": 0.2508498540958455
        },
        "mrca": 0,
        "size": 66482
    },
    "5": {
        "clone_proportion": {
            "1": 1.0
        },
        "mrca": 1,
        "size": 16620
    },
    "6": {
        "clone_proportion": {
            "1": 1.0
        },
        "mrca": 1,
        "size": 55402
    },
    "7": {
        "clone_proportion": {
            "3": 1.0
        },
        "mrca": 3,
        "size": 19553
    },
    "8": {
        "clone_proportion": {
            "3": 1.0
        },
        "mrca": 3,
        "size": 30219
    },
    "9": {
        "clone_proportion": {
            "3": 1.0
        },
        "mrca": 3,
        "size": 20775
    }
}