{
    "0": {
        "clone_proportion": {
            "1": 1.0
        },
        "mrca": 1,
        "size": 98182
    },
    "1": {
        "clone_proportion": {
            "0": 1.0
        },
        "mrca": 0,
        "size": 42078
    },
    "2": {
        "clone_proportion": {
            "1": 1.0
        },
        "mrca": 1,
        "size": 117819
    },
    "3": {
        "clone_proportion": {
            "0": 0.9248883034344147,
            "1": 0.07511169656558524
        },
        "mrca": 0,
        "size": 147274
    },
    "4": {
        "clone_proportion": {
            "1": 1.0
        },
        "mrca": 1,
        "size": 49091
    },
    "5": {
        "clone_proportion": {
            "0": 0.7889036761410704,
            "1": 0.21109632385892962
        },
        "mrca": 0,
        "size": 147274
    },
    "6": {
        "clone_proportion": {
            "1": 1.0
        },
        "mrca": 1,
        "size": 32727
    },
    "7": {
        "clone_proportion": {
            "0": 1.0
        },
        "mrca": 0,
        "size": 147274
    },
    "8": {
        "clone_proportion": {
            "0": 1.0
        },
        "mrca": 0,
        "size": 29454
    },
    "9": {
        "clone_proportion": {
            "1": 0.7721920812651506,
            "2": 0.22780791873484935
        },
        "mrca": 0,
        "size": 34652
    }
}