{
    "0": {
        "clone_proportion": {
            "0": 1.0
        },
        "mrca": 0,
        "size": 281286
    },
    "1": {
        "clone_proportion": {
            "1": 1.0
        },
        "mrca": 1,
        "size": 64912
    },
    "2": {
        "clone_proportion": {
            "0": 1.0
        },
        "mrca": 0,
        "size": 56257
    },
    "3": {
        "clone_proportion": {
            "0": 1.0
        },
        "mrca": 0,
        "size": 42192
    },
    "4": {
        "clone_proportion": {
            "0": 1.0
        },
        "mrca": 0,
        "size": 56257
    },
    "5": {
        "clone_proportion": {
            "1": 0.5965662387895565,
            "2": 0.2810479513092281,
            "3": 0.011219923778464572,
            "4": 0.1111658861227508
        },
        "mrca": 0,
        "size": 210964
    },
    "6": {
        "clone_proportion": {
            "0": 0.5916080468705561,
            "1": 0.4083919531294439
        },
        "mrca": 0,
        "size": 52741
    },
    "7": {
        "clone_proportion": {
            "0": 0.7450400187710197,
            "1": 0.2549599812289804
        },
        "mrca": 0,
        "size": 76714
    },
    "8": {
        "clone_proportion": {
            "1": 1.0
        },
        "mrca": 1,
        "size": 64912
    },
    "9": {
        "clone_proportion": {
            "0": 1.0
        },
        "mrca": 0,
        "size": 168771
    }
}