{
    "0": {
        "clone_proportion": {
            "2": 1.0
        },
        "mrca": 2,
        "size": 42725
    },
    "1": {
        "clone_proportion": {
            "4": 0.7496395569827643,
            "5": 0.25036044301723576
        },
        "mrca": 0,
        "size": 61036
    },
    "2": {
        "clone_proportion": {
            "2": 1.0
        },
        "mrca": 2,
        "size": 32866
    },
    "3": {
        "clone_proportion": {
            "0": 1.0
        },
        "mrca": 0,
        "size": 25132
    },
    "4": {
        "clone_proportion": {
            "2": 0.04705931917762049,
            "3": 0.022708122682844625,
            "4": 0.9302325581395349
        },
        "mrca": 2,
        "size": 23736
    },
    "5": {
        "clone_proportion": {
            "4": 1.0
        },
        "mrca": 4,
        "size": 26703
    },
    "6": {
        "clone_proportion": {
            "0": 1.0
        },
        "mrca": 0,
        "size": 35604
    },
    "7": {
        "clone_proportion": {
            "0": 1.0
        },
        "mrca": 0,
        "size": 23736
    },
    "8": {
        "clone_proportion": {
            "0": 1.0
        },
        "mrca": 0,
        "size": 85451
    },
    "9": {
        "clone_proportion": {
            "0": 1.0
        },
        "mrca": 0,
        "size": 47473
    }
}