{
    "0": {
        "clone_proportion": {
            "0": 1.0
        },
        "mrca": 0,
        "size": 13880
    },
    "1": {
        "clone_proportion": {
            "3": 0.5851585014409222,
            "4": 0.4148414985590778
        },
        "mrca": 1,
        "size": 27760
    },
    "2": {
        "clone_proportion": {
            "1": 0.5233385632634764,
            "2": 0.33234338227053684,
            "3": 0.14431805446598678
        },
        "mrca": 0,
        "size": 35692
    },
    "3": {
        "clone_proportion": {
            "0": 1.0
        },
        "mrca": 0,
        "size": 83281
    },
    "4": {
        "clone_proportion": {
            "0": 0.24169978746652898,
            "1": 0.758300212533471
        },
        "mrca": 0,
        "size": 83281
    },
    "5": {
        "clone_proportion": {
            "0": 1.0
        },
        "mrca": 0,
        "size": 15615
    },
    "6": {
        "clone_proportion": {
            "0": 1.0
        },
        "mrca": 0,
        "size": 19218
    },
    "7": {
        "clone_proportion": {
            "0": 1.0
        },
        "mrca": 0,
        "size": 15615
    },
    "8": {
        "clone_proportion": {
            "0": 1.0
        },
        "mrca": 0,
        "size": 20820
    },
    "9": {
        "clone_proportion": {
            "2": 0.12918009165682723,
            "3": 0.6252076287298125,
            "4": 0.2456122796133603
        },
        "mrca": 0,
        "size": 49969
    }
}