{
    "0": {
        "clone_proportion": {
            "2": 1.0
        },
        "mrca": 2,
        "size": 18572
    },
    "1": {
        "clone_proportion": {
            "2": 1.0
        },
        "mrca": 2,
        "size": 18572
    },
    "2": {
        "clone_proportion": {
            "0": 1.0
        },
        "mrca": 0,
        "size": 23215
    },
    "3": {
        "clone_proportion": {
            "2": 1.0
        },
        "mrca": 2,
        "size": 34823
    },
    "4": {
        "clone_proportion": {
            "2": 1.0
        },
        "mrca": 2,
        "size": 30954
    },
    "5": {
        "clone_proportion": {
            "3": 0.13175748438509585,
            "4": 0.7181240577213008,
            "5": 0.06493646349343098,
            "6": 0.044583243592504845,
            "7": 0.0008076674563859573,
            "8": 0.0397910833512815
        },
        "mrca": 2,
        "size": 18572
    },
    "6": {
        "clone_proportion": {
            "2": 0.7845443091138177,
            "3": 0.21545569088618227
        },
        "mrca": 2,
        "size": 21429
    },
    "7": {
        "clone_proportion": {
            "2": 1.0
        },
        "mrca": 2,
        "size": 23215
    },
    "8": {
        "clone_proportion": {
            "2": 1.0
        },
        "mrca": 2,
        "size": 92863
    },
    "9": {
        "clone_proportion": {
            "2": 1.0
        },
        "mrca": 2,
        "size": 21429
    }
}