{
    "0": {
        "clone_proportion": {
            "0": 0.48742701535744076,
            "1": 0.5125729846425593
        },
        "mrca": 0,
        "size": 81524
    },
    "1": {
        "clone_proportion": {
            "1": 0.24986583664269615,
            "2": 0.0005151872920467962,
            "3": 0.08069120961682945,
            "5": 0.013759793925083181,
            "6": 0.6551679725233445
        },
        "mrca": 0,
        "size": 46585
    },
    "2": {
        "clone_proportion": {
            "0": 1.0
        },
        "mrca": 0,
        "size": 108699
    },
    "3": {
        "clone_proportion": {
            "0": 1.0
        },
        "mrca": 0,
        "size": 20381
    },
    "4": {
        "clone_proportion": {
            "0": 1.0
        },
        "mrca": 0,
        "size": 54349
    },
    "5": {
        "clone_proportion": {
            "0": 1.0
        },
        "mrca": 0,
        "size": 65219
    },
    "6": {
        "clone_proportion": {
            "0": 1.0
        },
        "mrca": 0,
        "size": 20381
    },
    "7": {
        "clone_proportion": {
            "0": 1.0
        },
        "mrca": 0,
        "size": 16304
    },
    "8": {
        "clone_proportion": {
            "1": 1.0
        },
        "mrca": 1,
        "size": 32609
    },
    "9": {
        "clone_proportion": {
            "6": 0.8042300297150847,
            "7": 0.19576997028491522
        },
        "mrca": 6,
        "size": 17163
    }
}