{
    "0": {
        "clone_proportion": {
            "4": 0.8536126779478915,
            "5": 0.0319634703196347,
            "6": 0.11442385173247381
        },
        "mrca": 0,
        "size": 37230
    },
    "1": {
        "clone_proportion": {
            "1": 1.0
        },
        "mrca": 1,
        "size": 210970
    },
    "2": {
        "clone_proportion": {
            "0": 1.0
        },
        "mrca": 0,
        "size": 45207
    },
    "3": {
        "clone_proportion": {
            "0": 1.0
        },
        "mrca": 0,
        "size": 31645
    },
    "4": {
        "clone_proportion": {
            "1": 1.0
        },
        "mrca": 1,
        "size": 57537
    },
    "5": {
        "clone_proportion": {
            "1": 1.0
        },
        "mrca": 1,
        "size": 42194
    },
    "6": {
        "clone_proportion": {
            "4": 0.06344080075208759,
            "5": 0.013161532931482608,
            "6": 0.10955040645910524,
            "7": 0.7767737654150307,
            "8": 0.0036277166399380635,
            "9": 0.009522756179837416,
            "10": 0.0054083946247857105,
            "11": 0.006293203561355969,
            "12": 5.530055853564121e-05,
            "13": 0.004755848034065144,
            "14": 3.318033512138473e-05,
            "15": 0.003694077310180833,
            "16": 1.1060111707128242e-05,
            "17": 0.0033180335121384724,
            "18": 0.00035392357462810375
        },
        "mrca": 0,
        "size": 90415
    },
    "7": {
        "clone_proportion": {
            "0": 1.0
        },
        "mrca": 0,
        "size": 48685
    },
    "8": {
        "clone_proportion": {
            "1": 1.0
        },
        "mrca": 1,
        "size": 31645
    },
    "9": {
        "clone_proportion": {
            "4": 0.27639524852345876,
            "5": 0.026323357002234166,
            "6": 0.2191032362244785,
            "7": 0.47817815824982857
        },
        "mrca": 0,
        "size": 45207
    }
}