{
    "0": {
        "clone_proportion": {
            "0": 1.0
        },
        "mrca": 0,
        "size": 105068
    },
    "1": {
        "clone_proportion": {
            "1": 1.0
        },
        "mrca": 1,
        "size": 60038
    },
    "2": {
        "clone_proportion": {
            "0": 1.0
        },
        "mrca": 0,
        "size": 105068
    },
    "3": {
        "clone_proportion": {
            "1": 1.0
        },
        "mrca": 1,
        "size": 49443
    },
    "4": {
        "clone_proportion": {
            "3": 0.12315610266220764,
            "4": 0.501450847844786,
            "6": 0.005382235055196462,
            "7": 0.3607418061895703,
            "8": 0.00926900824823953
        },
        "mrca": 0,
        "size": 280181
    },
    "5": {
        "clone_proportion": {
            "4": 0.16250267685059605,
            "6": 0.017940847550384276,
            "7": 0.8195564755990197
        },
        "mrca": 0,
        "size": 84054
    },
    "6": {
        "clone_proportion": {
            "1": 0.8028124776929118,
            "2": 0.1971875223070883
        },
        "mrca": 0,
        "size": 70045
    },
    "7": {
        "clone_proportion": {
            "3": 0.3783282175744164,
            "4": 0.6216717824255835
        },
        "mrca": 1,
        "size": 168108
    },
    "8": {
        "clone_proportion": {
            "1": 0.6384579510412305,
            "2": 0.2878564358320326,
            "3": 0.07368561312673697
        },
        "mrca": 0,
        "size": 210136
    },
    "9": {
        "clone_proportion": {
            "0": 0.2454841476719105,
            "1": 0.7545158523280895
        },
        "mrca": 0,
        "size": 120077
    }
}