{
    "0": {
        "clone_proportion": {
            "5": 1.0
        },
        "mrca": 5,
        "size": 58638
    },
    "1": {
        "clone_proportion": {
            "3": 1.0
        },
        "mrca": 3,
        "size": 63968
    },
    "2": {
        "clone_proportion": {
            "5": 0.9778300760598929,
            "6": 0.0013586184158168196,
            "7": 0.005144559273281262,
            "8": 0.010027627135986903,
            "9": 0.005639119115022113
        },
        "mrca": 0,
        "size": 175914
    },
    "3": {
        "clone_proportion": {
            "1": 1.0
        },
        "mrca": 1,
        "size": 37034
    },
    "4": {
        "clone_proportion": {
            "5": 1.0
        },
        "mrca": 5,
        "size": 39092
    },
    "5": {
        "clone_proportion": {
            "0": 0.3216386984549268,
            "1": 0.5414748115556465,
            "2": 0.08885023363689075,
            "3": 0.048036256352535896
        },
        "mrca": 0,
        "size": 234552
    },
    "6": {
        "clone_proportion": {
            "5": 1.0
        },
        "mrca": 5,
        "size": 46910
    },
    "7": {
        "clone_proportion": {
            "5": 1.0
        },
        "mrca": 5,
        "size": 43978
    },
    "8": {
        "clone_proportion": {
            "5": 1.0
        },
        "mrca": 5,
        "size": 78184
    },
    "9": {
        "clone_proportion": {
            "5": 1.0
        },
        "mrca": 5,
        "size": 234552
    }
}