{
    "0": {
        "clone_proportion": {
            "6": 0.02660871027004959,
            "7": 0.006135853315882374,
            "8": 0.9672554364140681
        },
        "mrca": 0,
        "size": 83281
    },
    "1": {
        "clone_proportion": {
            "0": 1.0
        },
        "mrca": 0,
        "size": 14696
    },
    "2": {
        "clone_proportion": {
            "0": 1.0
        },
        "mrca": 0,
        "size": 14696
    },
    "3": {
        "clone_proportion": {
            "0": 1.0
        },
        "mrca": 0,
        "size": 35692
    },
    "4": {
        "clone_proportion": {
            "1": 0.49714217098943325,
            "2": 0.3085734870317003,
            "3": 0.1942843419788665
        },
        "mrca": 0,
        "size": 41640
    },
    "5": {
        "clone_proportion": {
            "0": 1.0
        },
        "mrca": 0,
        "size": 13880
    },
    "6": {
        "clone_proportion": {
            "0": 1.0
        },
        "mrca": 0,
        "size": 20820
    },
    "7": {
        "clone_proportion": {
            "8": 1.0
        },
        "mrca": 8,
        "size": 13149
    },
    "8": {
        "clone_proportion": {
            "6": 0.4788447144806939,
            "7": 0.022498128824902038,
            "8": 0.4986571566944041
        },
        "mrca": 0,
        "size": 22713
    },
    "9": {
        "clone_proportion": {
            "4": 0.045389048991354465,
            "5": 0.21990073647134165,
            "6": 0.7347102145373039
        },
        "mrca": 0,
        "size": 12492
    }
}