{
    "0": {
        "clone_proportion": {
            "3": 1.0
        },
        "mrca": 3,
        "size": 7363
    },
    "1": {
        "clone_proportion": {
            "3": 1.0
        },
        "mrca": 3,
        "size": 6627
    },
    "2": {
        "clone_proportion": {
            "3": 1.0
        },
        "mrca": 3,
        "size": 6975
    },
    "3": {
        "clone_proportion": {
            "3": 1.0
        },
        "mrca": 3,
        "size": 16567
    },
    "4": {
        "clone_proportion": {
            "0": 0.3683340878225441,
            "1": 0.0028746038931643275,
            "2": 0.6287913082842915
        },
        "mrca": 0,
        "size": 44180
    },
    "5": {
        "clone_proportion": {
            "3": 1.0
        },
        "mrca": 3,
        "size": 11045
    },
    "6": {
        "clone_proportion": {
            "0": 1.0
        },
        "mrca": 0,
        "size": 6975
    },
    "7": {
        "clone_proportion": {
            "3": 1.0
        },
        "mrca": 3,
        "size": 8836
    },
    "8": {
        "clone_proportion": {
            "2": 0.7299909461294704,
            "3": 0.27000905387052965
        },
        "mrca": 2,
        "size": 44180
    },
    "9": {
        "clone_proportion": {
            "0": 1.0
        },
        "mrca": 0,
        "size": 14726
    }
}