{
    "0": {
        "clone_proportion": {
            "8": 0.6535024682871962,
            "9": 0.34649753171280384
        },
        "mrca": 5,
        "size": 48009
    },
    "1": {
        "clone_proportion": {
            "0": 1.0
        },
        "mrca": 0,
        "size": 64012
    },
    "2": {
        "clone_proportion": {
            "2": 0.4001989199997917,
            "3": 0.006576857584736275,
            "4": 0.04370511932596323,
            "5": 0.5495191030895088
        },
        "mrca": 0,
        "size": 192037
    },
    "3": {
        "clone_proportion": {
            "0": 0.810564342901777,
            "1": 0.0667643038469049,
            "2": 0.1226713532513181
        },
        "mrca": 0,
        "size": 256050
    },
    "4": {
        "clone_proportion": {
            "8": 1.0
        },
        "mrca": 8,
        "size": 256050
    },
    "5": {
        "clone_proportion": {
            "8": 1.0
        },
        "mrca": 8,
        "size": 51210
    },
    "6": {
        "clone_proportion": {
            "5": 0.23382542472173404,
            "6": 0.024042179261862917,
            "7": 0.06231985940246046,
            "8": 0.6798125366139426
        },
        "mrca": 0,
        "size": 85350
    },
    "7": {
        "clone_proportion": {
            "8": 1.0
        },
        "mrca": 8,
        "size": 69831
    },
    "8": {
        "clone_proportion": {
            "8": 1.0
        },
        "mrca": 8,
        "size": 109735
    },
    "9": {
        "clone_proportion": {
            "8": 1.0
        },
        "mrca": 8,
        "size": 256050
    }
}