{
    "n_event": 843859,
    "config": {
        "N_max": 843859,
        "M": 843859,
        "picking": "adjacent",
        "mutation_rate": 40.16589259357441,
        "P_death": 0.08609060633608957,
        "D": 640,
        "new_clone_frequency": 0.022727399940249592,
        "depth_sequencing": 100,
        "min_alt_reads": 2,
        "n_sequencing": 10,
        "max_horizontal": 2
    },
    "clone_proportion": {
        "0": 0.32153236855509343,
        "1": 0.4978141317404414,
        "2": 0.004151787781473099,
        "3": 0.08410281343716548,
        "4": 0.03844404313446699,
        "5": 0.0032536070231061935,
        "6": 0.0005311455583974113,
        "7": 0.0006836796674756422,
        "8": 0.03514072633474155,
        "9": 0.002113005984239958,
        "10": 0.0005127597506067316,
        "11": 0.0011603487583451138,
        "12": 0.004814357817781664,
        "13": 0.0020925773089169805,
        "14": 5.0390732463344145e-05,
        "15": 0.002753785433537348,
        "16": 0.0005168454856713271,
        "17": 0.00014436263894903998,
        "18": 1.2257205193786414e-05,
        "19": 3.404779220496226e-06,
        "20": 6.809558440992452e-07,
        "21": 6.128602596893207e-06,
        "22": 6.809558440992452e-07,
        "23": 4.085735064595472e-06,
        "24": 6.46908051894283e-05,
        "25": 4.766690908694716e-06,
        "26": 4.97097766192449e-05,
        "27": 8.171470129190943e-06,
        "28": 2.042867532297736e-06,
        "29": 5.447646752793962e-06,
        "30": 6.809558440992452e-07,
        "31": 8.171470129190943e-06,
        "32": 9.533381817389432e-06,
        "33": 2.042867532297736e-06,
        "34": 6.809558440992452e-07,
        "35": 3.404779220496226e-06,
        "36": 6.809558440992452e-07
    },
    "clones": [
        {
            "id": 0,
            "fitness": 0,
            "ancestor": null,
            "dead_lineage": false,
            "size": 495371,
            "tmb": 100
        },
        {
            "id": 1,
            "fitness": 1.665334873656947,
            "ancestor": 0,
            "dead_lineage": false,
            "size": 767711,
            "tmb": 492
        },
        {
            "id": 2,
            "fitness": 0.5393244232629381,
            "ancestor": 0,
            "dead_lineage": false,
            "size": 6417,
            "tmb": 387
        },
        {
            "id": 3,
            "fitness": 2.5244015605017345,
            "ancestor": 1,
            "dead_lineage": false,
            "size": 129551,
            "tmb": 717
        },
        {
            "id": 4,
            "fitness": 3.017555367565077,
            "ancestor": 1,
            "dead_lineage": false,
            "size": 59311,
            "tmb": 573
        },
        {
            "id": 5,
            "fitness": 1.4249427474693346,
            "ancestor": 2,
            "dead_lineage": false,
            "size": 5017,
            "tmb": 511
        },
        {
            "id": 6,
            "fitness": 2.054641837747492,
            "ancestor": 2,
            "dead_lineage": false,
            "size": 815,
            "tmb": 634
        },
        {
            "id": 7,
            "fitness": 3.4171912016529093,
            "ancestor": 3,
            "dead_lineage": false,
            "size": 1063,
            "tmb": 904
        },
        {
            "id": 8,
            "fitness": 4.554921752782425,
            "ancestor": 3,
            "dead_lineage": false,
            "size": 54211,
            "tmb": 839
        },
        {
            "id": 9,
            "fitness": 4.045427151902059,
            "ancestor": 4,
            "dead_lineage": false,
            "size": 3247,
            "tmb": 674
        },
        {
            "id": 10,
            "fitness": 2.36239809014807,
            "ancestor": 5,
            "dead_lineage": false,
            "size": 781,
            "tmb": 788
        },
        {
            "id": 11,
            "fitness": 3.175733808024095,
            "ancestor": 5,
            "dead_lineage": false,
            "size": 1797,
            "tmb": 655
        },
        {
            "id": 12,
            "fitness": 3.632781285885564,
            "ancestor": 4,
            "dead_lineage": false,
            "size": 7425,
            "tmb": 693
        },
        {
            "id": 13,
            "fitness": 4.995813480992423,
            "ancestor": 12,
            "dead_lineage": false,
            "size": 3229,
            "tmb": 732
        },
        {
            "id": 14,
            "fitness": 3.6088366478226295,
            "ancestor": 7,
            "dead_lineage": false,
            "size": 81,
            "tmb": 989
        },
        {
            "id": 15,
            "fitness": 5.2309817857841905,
            "ancestor": 8,
            "dead_lineage": false,
            "size": 4253,
            "tmb": 907
        },
        {
            "id": 16,
            "fitness": 5.723530438503312,
            "ancestor": 8,
            "dead_lineage": false,
            "size": 793,
            "tmb": 1038
        },
        {
            "id": 17,
            "fitness": 5.674561679956262,
            "ancestor": 9,
            "dead_lineage": false,
            "size": 225,
            "tmb": 737
        },
        {
            "id": 18,
            "fitness": 4.603844024249846,
            "ancestor": 12,
            "dead_lineage": false,
            "size": 21,
            "tmb": 783
        },
        {
            "id": 19,
            "fitness": 4.447679377676421,
            "ancestor": 7,
            "dead_lineage": false,
            "size": 5,
            "tmb": 1021
        },
        {
            "id": 20,
            "fitness": 3.5432695273857013,
            "ancestor": 10,
            "dead_lineage": false,
            "size": 1,
            "tmb": 858
        },
        {
            "id": 21,
            "fitness": 6.796282221860267,
            "ancestor": 13,
            "dead_lineage": false,
            "size": 11,
            "tmb": 876
        },
        {
            "id": 22,
            "fitness": 3.3621496048541464,
            "ancestor": 6,
            "dead_lineage": false,
            "size": 1,
            "tmb": 798
        },
        {
            "id": 23,
            "fitness": 5.542774776906739,
            "ancestor": 13,
            "dead_lineage": false,
            "size": 7,
            "tmb": 778
        },
        {
            "id": 24,
            "fitness": 5.6946862710932145,
            "ancestor": 15,
            "dead_lineage": false,
            "size": 99,
            "tmb": 1089
        },
        {
            "id": 25,
            "fitness": 4.208146637664994,
            "ancestor": 11,
            "dead_lineage": false,
            "size": 7,
            "tmb": 930
        },
        {
            "id": 26,
            "fitness": 5.975592248093264,
            "ancestor": 15,
            "dead_lineage": false,
            "size": 76,
            "tmb": 1046
        },
        {
            "id": 27,
            "fitness": 4.4516051123960025,
            "ancestor": 11,
            "dead_lineage": false,
            "size": 13,
            "tmb": 959
        },
        {
            "id": 28,
            "fitness": 4.916697889240504,
            "ancestor": 9,
            "dead_lineage": false,
            "size": 3,
            "tmb": 761
        },
        {
            "id": 29,
            "fitness": 6.266443211734715,
            "ancestor": 16,
            "dead_lineage": false,
            "size": 9,
            "tmb": 1278
        },
        {
            "id": 30,
            "fitness": 2.6082293134458956,
            "ancestor": 10,
            "dead_lineage": false,
            "size": 1,
            "tmb": 846
        },
        {
            "id": 31,
            "fitness": 7.065047094984909,
            "ancestor": 17,
            "dead_lineage": false,
            "size": 13,