{
    "0": {
        "clone_proportion": {
            "0": 1.0
        },
        "mrca": 0,
        "size": 50000
    },
    "1": {
        "clone_proportion": {
            "0": 1.0
        },
        "mrca": 0,
        "size": 27777
    },
    "2": {
        "clone_proportion": {
            "0": 1.0
        },
        "mrca": 0,
        "size": 71428
    },
    "3": {
        "clone_proportion": {
            "0": 1.0
        },
        "mrca": 0,
        "size": 71428
    },
    "4": {
        "clone_proportion": {
            "0": 1.0
        },
        "mrca": 0,
        "size": 31250
    },
    "5": {
        "clone_proportion": {
            "0": 1.0
        },
        "mrca": 0,
        "size": 35714
    },
    "6": {
        "clone_proportion": {
            "0": 0.19652,
            "1": 0.00924,
            "2": 0.79424
        },
        "mrca": 0,
        "size": 50000
    },
    "7": {
        "clone_proportion": {
            "2": 0.81144,
            "3": 0.00226,
            "4": 0.04584,
            "5": 0.1015,
            "6": 6e-05,
            "7": 0.00158,
            "8": 0.00874,
            "9": 0.00248,
            "10": 0.0261
        },
        "mrca": 0,
        "size": 50000
    },
    "8": {
        "clone_proportion": {
            "0": 1.0
        },
        "mrca": 0,
        "size": 62500
    },
    "9": {
        "clone_proportion": {
            "0": 0.8329786638293106,
            "1": 0.012936103488827911,
            "2": 0.15408523268186144
        },
        "mrca": 0,
        "size": 35714
    }
}