{
    "N_max": 179500,
    "M": 179500,
    "picking": "adjacent",
    "mutation_rate": 4.313595740400789,
    "P_death": 0.1679682957303587,
    "D": 640,
    "new_clone_frequency": 0.014424815693236344,
    "depth_sequencing": 100,
    "min_alt_reads": 2,
    "n_sequencing": 10,
    "max_horizontal": 2
}