{
    "N_max": 729411,
    "M": 729411,
    "picking": "adjacent",
    "mutation_rate": 27.75509016692454,
    "P_death": 0.014164370653774804,
    "D": 640,
    "new_clone_frequency": 0.018233835541957778,
    "depth_sequencing": 100,
    "min_alt_reads": 2,
    "n_sequencing": 10,
    "max_horizontal": 2
}