{
    "0": {
        "clone_proportion": {
            "0": 0.7601117834469694,
            "1": 0.10507487455674105,
            "2": 0.13481334199628955
        },
        "mrca": 0,
        "size": 127747
    },
    "1": {
        "clone_proportion": {
            "0": 0.9307327001356852,
            "1": 0.06926729986431479
        },
        "mrca": 0,
        "size": 29480
    },
    "2": {
        "clone_proportion": {
            "0": 1.0
        },
        "mrca": 0,
        "size": 31936
    },
    "3": {
        "clone_proportion": {
            "0": 1.0
        },
        "mrca": 0,
        "size": 19162
    },
    "4": {
        "clone_proportion": {
            "1": 0.27912741695587506,
            "2": 0.7208725830441249
        },
        "mrca": 0,
        "size": 20170
    },
    "5": {
        "clone_proportion": {
            "0": 1.0
        },
        "mrca": 0,
        "size": 22543
    },
    "6": {
        "clone_proportion": {
            "0": 1.0
        },
        "mrca": 0,
        "size": 27374
    },
    "7": {
        "clone_proportion": {
            "2": 1.0
        },
        "mrca": 2,
        "size": 21291
    },
    "8": {
        "clone_proportion": {
            "2": 1.0
        },
        "mrca": 2,
        "size": 19162
    },
    "9": {
        "clone_proportion": {
            "2": 1.0
        },
        "mrca": 2,
        "size": 29480
    }
}