{
    "0": {
        "clone_proportion": {
            "2": 1.0
        },
        "mrca": 2,
        "size": 44089
    },
    "1": {
        "clone_proportion": {
            "2": 1.0
        },
        "mrca": 2,
        "size": 88178
    },
    "2": {
        "clone_proportion": {
            "0": 1.0
        },
        "mrca": 0,
        "size": 54263
    },
    "3": {
        "clone_proportion": {
            "0": 1.0
        },
        "mrca": 0,
        "size": 50387
    },
    "4": {
        "clone_proportion": {
            "0": 0.2542708054247841,
            "2": 0.7457291945752159
        },
        "mrca": 0,
        "size": 235143
    },
    "5": {
        "clone_proportion": {
            "2": 1.0
        },
        "mrca": 2,
        "size": 41495
    },
    "6": {
        "clone_proportion": {
            "0": 1.0
        },
        "mrca": 0,
        "size": 47028
    },
    "7": {
        "clone_proportion": {
            "0": 1.0
        },
        "mrca": 0,
        "size": 78381
    },
    "8": {
        "clone_proportion": {
            "0": 0.16260977424956585,
            "2": 0.8373902257504341
        },
        "mrca": 0,
        "size": 100775
    },
    "9": {
        "clone_proportion": {
            "0": 1.0
        },
        "mrca": 0,
        "size": 78381
    }
}