{
    "0": {
        "clone_proportion": {
            "0": 0.5426557863501483,
            "1": 0.26895528496879156,
            "3": 0.13894147140079813,
            "4": 0.049447457280261946
        },
        "mrca": 0,
        "size": 234552
    },
    "1": {
        "clone_proportion": {
            "0": 1.0
        },
        "mrca": 0,
        "size": 43978
    },
    "2": {
        "clone_proportion": {
            "0": 1.0
        },
        "mrca": 0,
        "size": 78184
    },
    "3": {
        "clone_proportion": {
            "0": 1.0
        },
        "mrca": 0,
        "size": 70365
    },
    "4": {
        "clone_proportion": {
            "0": 1.0
        },
        "mrca": 0,
        "size": 87957
    },
    "5": {
        "clone_proportion": {
            "0": 1.0
        },
        "mrca": 0,
        "size": 87957
    },
    "6": {
        "clone_proportion": {
            "0": 0.6770458208153439,
            "1": 0.3229541791846561
        },
        "mrca": 0,
        "size": 100522
    },
    "7": {
        "clone_proportion": {
            "0": 1.0
        },
        "mrca": 0,
        "size": 117276
    },
    "8": {
        "clone_proportion": {
            "0": 0.7009810261052709,
            "1": 0.2990189738947291
        },
        "mrca": 0,
        "size": 54127
    },
    "9": {
        "clone_proportion": {
            "0": 1.0
        },
        "mrca": 0,
        "size": 39092
    }
}