{
    "0": {
        "clone_proportion": {
            "1": 1.0
        },
        "mrca": 1,
        "size": 9090
    },
    "1": {
        "clone_proportion": {
            "1": 1.0
        },
        "mrca": 1,
        "size": 11111
    },
    "2": {
        "clone_proportion": {
            "1": 1.0
        },
        "mrca": 1,
        "size": 9090
    },
    "3": {
        "clone_proportion": {
            "0": 1.0
        },
        "mrca": 0,
        "size": 5882
    },
    "4": {
        "clone_proportion": {
            "1": 1.0
        },
        "mrca": 1,
        "size": 33333
    },
    "5": {
        "clone_proportion": {
            "1": 0.42822428224282244,
            "2": 0.5717757177571776
        },
        "mrca": 0,
        "size": 11111
    },
    "6": {
        "clone_proportion": {
            "1": 1.0
        },
        "mrca": 1,
        "size": 5263
    },
    "7": {
        "clone_proportion": {
            "1": 1.0
        },
        "mrca": 1,
        "size": 14285
    },
    "8": {
        "clone_proportion": {
            "0": 1.0
        },
        "mrca": 0,
        "size": 11111
    },
    "9": {
        "clone_proportion": {
            "4": 0.4376237623762376,
            "5": 0.16754675467546754,
            "6": 0.043234323432343236,
            "7": 0.02277227722772277,
            "8": 0.26193619361936193,
            "9": 0.06446644664466447,
            "10": 0.0024202420242024204
        },
        "mrca": 0,
        "size": 9090
    }
}