{
    "0": {
        "clone_proportion": {
            "0": 1.0
        },
        "mrca": 0,
        "size": 6627
    },
    "1": {
        "clone_proportion": {
            "0": 1.0
        },
        "mrca": 0,
        "size": 22090
    },
    "2": {
        "clone_proportion": {
            "0": 0.21469314460758424,
            "1": 0.7853068553924157
        },
        "mrca": 0,
        "size": 18934
    },
    "3": {
        "clone_proportion": {
            "2": 1.0
        },
        "mrca": 2,
        "size": 6627
    },
    "4": {
        "clone_proportion": {
            "1": 1.0
        },
        "mrca": 1,
        "size": 33135
    },
    "5": {
        "clone_proportion": {
            "1": 0.5876090302719343,
            "2": 0.41239096972806566
        },
        "mrca": 0,
        "size": 7796
    },
    "6": {
        "clone_proportion": {
            "1": 1.0
        },
        "mrca": 1,
        "size": 9467
    },
    "7": {
        "clone_proportion": {
            "0": 0.16453900709219857,
            "1": 0.8354609929078014
        },
        "mrca": 0,
        "size": 33135
    },
    "8": {
        "clone_proportion": {
            "1": 1.0
        },
        "mrca": 1,
        "size": 14726
    },
    "9": {
        "clone_proportion": {
            "1": 1.0
        },
        "mrca": 1,
        "size": 7363
    }
}