{
    "0": {
        "clone_proportion": {
            "5": 1.0
        },
        "mrca": 5,
        "size": 120309
    },
    "1": {
        "clone_proportion": {
            "5": 1.0
        },
        "mrca": 5,
        "size": 32082
    },
    "2": {
        "clone_proportion": {
            "0": 0.8865005943030031,
            "2": 0.1134994056969969
        },
        "mrca": 0,
        "size": 120309
    },
    "3": {
        "clone_proportion": {
            "2": 0.2118482407799915,
            "3": 0.14222128020347605,
            "4": 0.26540200649992934,
            "5": 0.3805284725166031
        },
        "mrca": 2,
        "size": 28308
    },
    "4": {
        "clone_proportion": {
            "0": 0.5489625650669632,
            "2": 0.4510374349330369
        },
        "mrca": 0,
        "size": 96247
    },
    "5": {
        "clone_proportion": {
            "0": 1.0
        },
        "mrca": 0,
        "size": 37018
    },
    "6": {
        "clone_proportion": {
            "2": 0.2344379888453898,
            "3": 0.03346383063611201,
            "4": 0.062447530941159846,
            "5": 0.6696506495773383
        },
        "mrca": 2,
        "size": 120309
    },
    "7": {
        "clone_proportion": {
            "5": 1.0
        },
        "mrca": 5,
        "size": 60154
    },
    "8": {
        "clone_proportion": {
            "5": 1.0
        },
        "mrca": 5,
        "size": 60154
    },
    "9": {
        "clone_proportion": {
            "2": 1.0
        },
        "mrca": 2,
        "size": 34374
    }
}