{
    "0": {
        "clone_proportion": {
            "0": 1.0
        },
        "mrca": 0,
        "size": 29448
    },
    "1": {
        "clone_proportion": {
            "0": 0.032277234447161095,
            "1": 0.9677227655528389
        },
        "mrca": 0,
        "size": 58896
    },
    "2": {
        "clone_proportion": {
            "0": 1.0
        },
        "mrca": 0,
        "size": 47117
    },
    "3": {
        "clone_proportion": {
            "0": 1.0
        },
        "mrca": 0,
        "size": 33655
    },
    "4": {
        "clone_proportion": {
            "0": 1.0
        },
        "mrca": 0,
        "size": 18121
    },
    "5": {
        "clone_proportion": {
            "2": 0.9346178826585841,
            "3": 0.06538211734141589
        },
        "mrca": 0,
        "size": 13857
    },
    "6": {
        "clone_proportion": {
            "0": 1.0
        },
        "mrca": 0,
        "size": 26176
    },
    "7": {
        "clone_proportion": {
            "0": 1.0
        },
        "mrca": 0,
        "size": 47117
    },
    "8": {
        "clone_proportion": {
            "2": 0.9956574523720583,
            "3": 0.004342547627941726
        },
        "mrca": 0,
        "size": 21416
    },
    "9": {
        "clone_proportion": {
            "1": 0.5370992936701983,
            "2": 0.4374490627546862,
            "3": 0.018116680249932085,
            "4": 0.007334963325183374
        },
        "mrca": 0,
        "size": 58896
    }
}