{
    "0": {
        "clone_proportion": {
            "0": 1.0
        },
        "mrca": 0,
        "size": 33685
    },
    "1": {
        "clone_proportion": {
            "0": 1.0
        },
        "mrca": 0,
        "size": 96243
    },
    "2": {
        "clone_proportion": {
            "1": 1.0
        },
        "mrca": 1,
        "size": 37428
    },
    "3": {
        "clone_proportion": {
            "0": 1.0
        },
        "mrca": 0,
        "size": 39629
    },
    "4": {
        "clone_proportion": {
            "1": 1.0
        },
        "mrca": 1,
        "size": 39629
    },
    "5": {
        "clone_proportion": {
            "1": 0.10470458138205892,
            "2": 0.19597598355363252,
            "3": 0.1189318767116171,
            "4": 0.38221476759115636,
            "5": 0.05045234932203264,
            "6": 0.006315820722719885,
            "7": 0.14140462071678256
        },
        "mrca": 0,
        "size": 134741
    },
    "6": {
        "clone_proportion": {
            "0": 1.0
        },
        "mrca": 0,
        "size": 44913
    },
    "7": {
        "clone_proportion": {
            "1": 1.0
        },
        "mrca": 1,
        "size": 33685
    },
    "8": {
        "clone_proportion": {
            "1": 0.06829111894838089,
            "2": 0.47034305867265147,
            "3": 0.28543692779024615,
            "4": 0.17592889458872146
        },
        "mrca": 0,
        "size": 56142
    },
    "9": {
        "clone_proportion": {
            "0": 1.0
        },
        "mrca": 0,
        "size": 224568
    }
}