{
    "0": {
        "clone_proportion": {
            "3": 1.0
        },
        "mrca": 3,
        "size": 20202
    },
    "1": {
        "clone_proportion": {
            "0": 0.9477279477279478,
            "1": 0.03059103059103059,
            "2": 0.02168102168102168
        },
        "mrca": 0,
        "size": 20202
    },
    "2": {
        "clone_proportion": {
            "3": 1.0
        },
        "mrca": 3,
        "size": 25590
    },
    "3": {
        "clone_proportion": {
            "3": 1.0
        },
        "mrca": 3,
        "size": 76770
    },
    "4": {
        "clone_proportion": {
            "3": 0.9424228214146151,
            "4": 0.057577178585384914
        },
        "mrca": 3,
        "size": 127950
    },
    "5": {
        "clone_proportion": {
            "3": 0.9685345838218054,
            "4": 0.03146541617819461
        },
        "mrca": 3,
        "size": 63975
    },
    "6": {
        "clone_proportion": {
            "0": 1.0
        },
        "mrca": 0,
        "size": 63975
    },
    "7": {
        "clone_proportion": {
            "3": 1.0
        },
        "mrca": 3,
        "size": 76770
    },
    "8": {
        "clone_proportion": {
            "3": 1.0
        },
        "mrca": 3,
        "size": 38385
    },
    "9": {
        "clone_proportion": {
            "4": 0.8386400937866354,
            "5": 0.1475263774912075,
            "6": 0.013833528722157092
        },
        "mrca": 3,
        "size": 21325
    }
}