{
    "0": {
        "clone_proportion": {
            "3": 1.0
        },
        "mrca": 3,
        "size": 108966
    },
    "1": {
        "clone_proportion": {
            "3": 1.0
        },
        "mrca": 3,
        "size": 72644
    },
    "2": {
        "clone_proportion": {
            "0": 0.033331497898427036,
            "1": 0.966668502101573
        },
        "mrca": 0,
        "size": 108966
    },
    "3": {
        "clone_proportion": {
            "3": 0.8162670965728847,
            "4": 0.1837329034271153
        },
        "mrca": 3,
        "size": 38458
    },
    "4": {
        "clone_proportion": {
            "1": 0.9336602496841474,
            "2": 0.0011349279427825007,
            "3": 0.06520482237307008
        },
        "mrca": 0,
        "size": 46699
    },
    "5": {
        "clone_proportion": {
            "3": 1.0
        },
        "mrca": 3,
        "size": 59436
    },
    "6": {
        "clone_proportion": {
            "1": 1.0
        },
        "mrca": 1,
        "size": 54483
    },
    "7": {
        "clone_proportion": {
            "1": 1.0
        },
        "mrca": 1,
        "size": 38458
    },
    "8": {
        "clone_proportion": {
            "3": 1.0
        },
        "mrca": 3,
        "size": 93399
    },
    "9": {
        "clone_proportion": {
            "3": 1.0
        },
        "mrca": 3,
        "size": 93399
    }
}