{
    "0": {
        "clone_proportion": {
            "0": 0.8751183957711286,
            "2": 0.12488160422887143
        },
        "mrca": 0,
        "size": 110857
    },
    "1": {
        "clone_proportion": {
            "0": 1.0
        },
        "mrca": 0,
        "size": 23755
    },
    "2": {
        "clone_proportion": {
            "0": 1.0
        },
        "mrca": 0,
        "size": 27714
    },
    "3": {
        "clone_proportion": {
            "0": 1.0
        },
        "mrca": 0,
        "size": 47510
    },
    "4": {
        "clone_proportion": {
            "0": 1.0
        },
        "mrca": 0,
        "size": 33257
    },
    "5": {
        "clone_proportion": {
            "2": 1.0
        },
        "mrca": 2,
        "size": 18476
    },
    "6": {
        "clone_proportion": {
            "2": 0.9974742007649563,
            "3": 0.00037886988525654905,
            "4": 0.0021469293497871113
        },
        "mrca": 2,
        "size": 55428
    },
    "7": {
        "clone_proportion": {
            "0": 0.6778354777891707,
            "2": 0.32216452221082925
        },
        "mrca": 0,
        "size": 30233
    },
    "8": {
        "clone_proportion": {
            "0": 1.0
        },
        "mrca": 0,
        "size": 66514
    },
    "9": {
        "clone_proportion": {
            "0": 1.0
        },
        "mrca": 0,
        "size": 23755
    }
}