{
    "0": {
        "clone_proportion": {
            "6": 1.0
        },
        "mrca": 6,
        "size": 38841
    },
    "1": {
        "clone_proportion": {
            "6": 1.0
        },
        "mrca": 6,
        "size": 53407
    },
    "2": {
        "clone_proportion": {
            "0": 1.0
        },
        "mrca": 0,
        "size": 25132
    },
    "3": {
        "clone_proportion": {
            "0": 0.8392096467658431,
            "1": 0.16079035323415689
        },
        "mrca": 0,
        "size": 30518
    },
    "4": {
        "clone_proportion": {
            "6": 1.0
        },
        "mrca": 6,
        "size": 25132
    },
    "5": {
        "clone_proportion": {
            "6": 1.0
        },
        "mrca": 6,
        "size": 23736
    },
    "6": {
        "clone_proportion": {
            "1": 1.0
        },
        "mrca": 1,
        "size": 21362
    },
    "7": {
        "clone_proportion": {
            "6": 1.0
        },
        "mrca": 6,
        "size": 38841
    },
    "8": {
        "clone_proportion": {
            "6": 1.0
        },
        "mrca": 6,
        "size": 142419
    },
    "9": {
        "clone_proportion": {
            "0": 0.7276331711335959,
            "1": 0.27236682886640406
        },
        "mrca": 0,
        "size": 38841
    }
}