{
    "0": {
        "clone_proportion": {
            "3": 1.0
        },
        "mrca": 3,
        "size": 728644
    },
    "1": {
        "clone_proportion": {
            "1": 1.0
        },
        "mrca": 1,
        "size": 383496
    },
    "2": {
        "clone_proportion": {
            "3": 1.0
        },
        "mrca": 3,
        "size": 404802
    },
    "3": {
        "clone_proportion": {
            "1": 1.0
        },
        "mrca": 1,
        "size": 809604
    },
    "4": {
        "clone_proportion": {
            "1": 0.775599957070931,
            "2": 0.22440004292906904
        },
        "mrca": 0,
        "size": 428614
    },
    "5": {
        "clone_proportion": {
            "1": 1.0
        },
        "mrca": 1,
        "size": 910805
    },
    "6": {
        "clone_proportion": {
            "1": 1.0
        },
        "mrca": 1,
        "size": 728644
    },
    "7": {
        "clone_proportion": {
            "1": 1.0
        },
        "mrca": 1,
        "size": 1214406
    },
    "8": {
        "clone_proportion": {
            "1": 1.0
        },
        "mrca": 1,
        "size": 809604
    },
    "9": {
        "clone_proportion": {
            "1": 0.6793280006851086,
            "2": 0.17961373708627923,
            "3": 0.14105826222861217
        },
        "mrca": 0,
        "size": 607203
    },
    "10": {
        "clone_proportion": {
            "1": 1.0
        },
        "mrca": 1,
        "size": 809604
    },
    "11": {
        "clone_proportion": {
            "3": 1.0
        },
        "mrca": 3,
        "size": 404802
    },
    "12": {
        "clone_proportion": {
            "3": 1.0
        },
        "mrca": 3,
        "size": 1457288
    },
    "13": {
        "clone_proportion": {
            "3": 1.0
        },
        "mrca": 3,
        "size": 404802
    },
    "14": {
        "clone_proportion": {
            "1": 1.0
        },
        "mrca": 1,
        "size": 428614
    },
    "15": {
        "clone_proportion": {
            "1": 1.0
        },
        "mrca": 1,
        "size": 364322
    },
    "16": {
        "clone_proportion": {
            "1": 1.0
        },
        "mrca": 1,
        "size": 1214406
    },
    "17": {
        "clone_proportion": {
            "3": 1.0
        },
        "mrca": 3,
        "size": 560495
    },
    "18": {
        "clone_proportion": {
            "1": 1.0
        },
        "mrca": 1,
        "size": 485762
    },
    "19": {
        "clone_proportion": {
            "3": 1.0
        },
        "mrca": 3,
        "size": 1821610
    },
    "20": {
        "clone_proportion": {
            "3": 1.0
        },
        "mrca": 3,
        "size": 364322
    },
    "21": {
        "clone_proportion": {
            "1": 1.0
        },
        "mrca": 1,
        "size": 809604
    },
    "22": {
        "clone_proportion": {
            "3": 1.0
        },
        "mrca": 3,
        "size": 364322
    },
    "23": {
        "clone_proportion": {
            "3": 1.0
        },
        "mrca": 3,
        "size": 1457288
    },
    "24": {
        "clone_proportion": {
            "1": 1.0
        },
        "mrca": 1,
        "size": 1821610
    },
    "25": {
        "clone_proportion": {
            "3": 1.0
        },
        "mrca": 3,
        "size": 428614
    },
    "26": {
        "clone_proportion": {
            "1": 1.0
        },
        "mrca": 1,
        "size": 728644
    },
    "27": {
        "clone_proportion": {
            "3": 1.0
        },
        "mrca": 3,
        "size": 428614
    },
    "28": {
        "clone_proportion": {
            "1": 1.0
        },
        "mrca": 1,
        "size": 607203
    },
    "29": {
        "clone_proportion": {
            "1": 1.0
        },
        "mrca": 1,
        "size": 607203
    },
    "30": {
        "clone_proportion": {
            "1": 1.0
        },
        "mrca": 1,
        "size": 560495
    },
    "31": {
        "clone_proportion": {
            "3": 1.0
        },
        "mrca": 3,
        "size": 383496
    },
    "32": {
        "clone_proportion": {
            "0": 0.06227952196134189,
            "1": 0.9377204780386581
        },
        "mrca": 0,
        "size": 1821610
    },
    "33": {
        "clone_proportion": {
            "1": 1.0
        },
        "mrca": 1,
        "size": 1214406
    },
    "34": {
        "clone_proportion": {
            "3": 1.0
        },
        "mrca": 3,
        "size": 728644
    },
    "35": {
        "clone_proportion": {
            "1": 0.9335923990316258,
            "2": 0.06640760096837413
        },
        "mrca": 0,
        "size": 1457288
    },
    "36": {
        "clone_proportion": {
            "3": 1.0
        },
        "mrca": 3,
        "size": 607203
    },
    "37": {
        "clone_proportion": {
            "1": 1.0
        },
        "mrca": 1,
        "size": 910805
    },
    "38": {
        "clone_proportion": {
            "1": 0.8404042303237246,
            "2": 0.07483901603526551,
            "3": 0.08475675364100987
        },
        "mrca": 0,
        "size": 1457288
    },
    "39": {
        "clone_proportion": {
            "1": 1.0
        },
        "mrca": 1,
        "size": 485762
    },
    "40": {
        "clone_proportion": {
            "3": 1.0
        },
        "mrca": 3,
        "size": 404802
    },
    "41": {
        "clone_proportion": {
            "3": 1.0
        },
        "mrca": 3,
        "size": 809604
    },
    "42": {
        "clone_proportion": {
            "1": 0.1216231720800217,
            "2": 0.2843888854121034,
            "3": 0.5939879425078749
        },
        "mrca": 0,
        "size": 383496
    },
    "43": {
        "clone_proportion": {
            "3": 1.0
        },
        "mrca": 3,
        "size": 404802
    },
    "44": {
        "clone_proportion": {
            "1": 1.0
        },
        "mrca": 1,
        "size": 364322
    },
    "45": {
        "clone_proportion": {
            "1": 1.0
        },
        "mrca": 1,
        "size": 364322
    },
    "46": {
        "clone_proportion": {
            "3": 1.0
        },
        "mrca": 3,
        "size": 1821610
    },
    "47": {
        "clone_proportion": {
            "3": 1.0
        },
        "mrca": 3,
        "size": 1457288
    },
    "48": {
        "clone_proportion": {
            "3": 1.0
        },
        "mrca": 3,
        "size": 1457288
    },
    "49": {
        "clone_proportion": {
            "2": 0.008684080941629077,
            "3": 0.9913159190583709
        },
        "mrca": 0,
        "size": 607203
    },
    "50": {
        "clone_proportion": {
            "3": 1.0
        },
        "mrca": 3,
        "size": 485762
    },
    "51": {
        "clone_proportion": {
            "3": 1.0
        },
        "mrca": 3,
        "size": 607203
    },
    "52": {
        "clone_proportion": {
            "3": 1.0
        },
        "mrca": 3,
        "size": 364322
    },
    "53": {
        "clone_proportion": {
            "1": 0.9746433100389216,
            "2": 0.025356689961078385
        },
        "mrca": 0,
        "size": 1821610
    },
    "54": {
        "clone_proportion": {
            "1": 1.0
        },
        "mrca": 1,
        "size": 560495
    },
    "55": {
        "clone_proportion": {
            "3": 1.0
        },
        "mrca": 3,
        "size": 1214406
    },
    "56": {
        "clone_proportion": {
            "1": 1.0
        },
        "mrca": 1,
        "size": 2428813
    },
    "57": {
        "clone_proportion": {
            "1": 1.0
        },
        "mrca": 1,
        "size": 1040920
    },
    "58": {
        "clone_proportion": {
            "1": 1.0
        },
        "mrca": 1,
        "size": 809604
    },
    "59": {
        "clone_proportion": {
            "3": 1.0
        },
        "mrca": 3,
        "size": 1457288
    },
    "60": {
        "clone_proportion": {
            "3": 1.0
        },