{
    "N_max": 132542,
    "M": 132542,
    "picking": "adjacent",
    "mutation_rate": 10.626803231451689,
    "P_death": 0.055750645739218986,
    "D": 640,
    "new_clone_frequency": 0.014415677636995642,
    "depth_sequencing": 100,
    "min_alt_reads": 2,
    "n_sequencing": 10,
    "max_horizontal": 2
}