{
    "0": {
        "clone_proportion": {
            "0": 1.0
        },
        "mrca": 0,
        "size": 22487
    },
    "1": {
        "clone_proportion": {
            "4": 1.0
        },
        "mrca": 4,
        "size": 85451
    },
    "2": {
        "clone_proportion": {
            "0": 1.0
        },
        "mrca": 0,
        "size": 23736
    },
    "3": {
        "clone_proportion": {
            "0": 0.09639163313883681,
            "1": 0.9036083668611632
        },
        "mrca": 0,
        "size": 47473
    },
    "4": {
        "clone_proportion": {
            "1": 0.7974946635209527,
            "2": 0.010869565217391304,
            "3": 0.057718233906302666,
            "4": 0.13391753735535333
        },
        "mrca": 0,
        "size": 35604
    },
    "5": {
        "clone_proportion": {
            "8": 0.7545183472281385,
            "9": 0.009858212134120367,
            "10": 0.23562344063774113
        },
        "mrca": 0,
        "size": 32866
    },
    "6": {
        "clone_proportion": {
            "0": 0.6365487508601441,
            "1": 0.36345124913985594
        },
        "mrca": 0,
        "size": 71209
    },
    "7": {
        "clone_proportion": {
            "0": 1.0
        },
        "mrca": 0,
        "size": 142419
    },
    "8": {
        "clone_proportion": {
            "7": 0.2705046377238992,
            "8": 0.6514861078929075,
            "9": 0.00227497735554947,
            "10": 0.07573427702764378
        },
        "mrca": 0,
        "size": 142419
    },
    "9": {
        "clone_proportion": {
            "0": 1.0
        },
        "mrca": 0,
        "size": 22487
    }
}