{
    "N_max": 144205,
    "M": 144205,
    "picking": "adjacent",
    "mutation_rate": 15.527565521653928,
    "P_death": 0.2736813179481207,
    "D": 640,
    "new_clone_frequency": 0.03249754836469529,
    "depth_sequencing": 100,
    "min_alt_reads": 2,
    "n_sequencing": 10,
    "max_horizontal": 2
}