{
    "N_max": 311340,
    "M": 311340,
    "picking": "adjacent",
    "mutation_rate": 5.595428930779702,
    "P_death": 0.007302532142832607,
    "D": 640,
    "new_clone_frequency": 0.033499426012185037,
    "depth_sequencing": 100,
    "min_alt_reads": 2,
    "n_sequencing": 10,
    "max_horizontal": 2
}