{
    "0": {
        "clone_proportion": {
            "3": 1.0
        },
        "mrca": 3,
        "size": 54474
    },
    "1": {
        "clone_proportion": {
            "6": 1.0
        },
        "mrca": 6,
        "size": 61283
    },
    "2": {
        "clone_proportion": {
            "3": 1.0
        },
        "mrca": 3,
        "size": 35019
    },
    "3": {
        "clone_proportion": {
            "6": 1.0
        },
        "mrca": 6,
        "size": 25803
    },
    "4": {
        "clone_proportion": {
            "3": 0.6258372971517618,
            "6": 0.3741627028482381
        },
        "mrca": 3,
        "size": 122567
    },
    "5": {
        "clone_proportion": {
            "6": 1.0
        },
        "mrca": 6,
        "size": 35019
    },
    "6": {
        "clone_proportion": {
            "3": 1.0
        },
        "mrca": 3,
        "size": 24513
    },
    "7": {
        "clone_proportion": {
            "3": 1.0
        },
        "mrca": 3,
        "size": 27237
    },
    "8": {
        "clone_proportion": {
            "3": 0.13145108981654857,
            "6": 0.8685489101834515
        },
        "mrca": 3,
        "size": 81711
    },
    "9": {
        "clone_proportion": {
            "6": 1.0
        },
        "mrca": 6,
        "size": 70038
    }
}