{
    "0": {
        "clone_proportion": {
            "0": 1.0
        },
        "mrca": 0,
        "size": 38461
    },
    "1": {
        "clone_proportion": {
            "22": 0.2977403819230554,
            "23": 0.05265442123536988,
            "24": 0.02114016912135297,
            "25": 0.001582012656101249,
            "26": 0.00012600100800806406,
            "27": 0.004606036848294786,
            "28": 0.0030380243041944334,
            "29": 0.009534076272610182,
            "30": 0.0025060200481603853,
            "31": 0.4158033264266114,
            "32": 0.0028420227361818894,
            "33": 0.1356750854006832,
            "34": 1.4000112000896008e-05,
            "35": 0.0001820014560116481,
            "36": 0.003808030464243714,
            "37": 4.200033600268802e-05,
            "38": 7.000056000448004e-05,
            "39": 0.0003780030240241922,
            "40": 0.048258386067088536
        },
        "mrca": 0,
        "size": 71428
    },
    "2": {
        "clone_proportion": {
            "1": 1.0
        },
        "mrca": 1,
        "size": 45454
    },
    "3": {
        "clone_proportion": {
            "0": 1.0
        },
        "mrca": 0,
        "size": 71428
    },
    "4": {
        "clone_proportion": {
            "6": 0.29784,
            "7": 0.002704,
            "8": 0.004336,
            "9": 0.002288,
            "10": 0.025136,
            "11": 0.001776,
            "12": 4.8e-05,
            "13": 0.000272,
            "14": 0.000496,
            "15": 0.000368,
            "16": 0.004768,
            "17": 4.8e-05,
            "18": 0.027168,
            "19": 4.8e-05,
            "20": 0.010288,
            "21": 0.00392,
            "22": 0.52272,
            "23": 0.060176,
            "24": 0.02416,
            "25": 0.001808,
            "26": 0.000144,
            "27": 0.005264,
            "28": 0.003472,
            "29": 0.000752
        },
        "mrca": 0,
        "size": 62500
    },
    "5": {
        "clone_proportion": {
            "1": 1.0
        },
        "mrca": 1,
        "size": 33333
    },
    "6": {
        "clone_proportion": {
            "0": 1.0
        },
        "mrca": 0,
        "size": 41666
    },
    "7": {
        "clone_proportion": {
            "5": 1.0
        },
        "mrca": 5,
        "size": 83333
    },
    "8": {
        "clone_proportion": {
            "1": 1.0
        },
        "mrca": 1,
        "size": 27777
    },
    "9": {
        "clone_proportion": {
            "1": 1.0
        },
        "mrca": 1,
        "size": 71428
    }
}