{
    "0": {
        "clone_proportion": {
            "0": 0.5266203490407828,
            "1": 0.47337965095921714
        },
        "mrca": 0,
        "size": 54263
    },
    "1": {
        "clone_proportion": {
            "0": 0.06089954410397151,
            "1": 0.9391004558960285
        },
        "mrca": 0,
        "size": 88178
    },
    "2": {
        "clone_proportion": {
            "1": 1.0
        },
        "mrca": 1,
        "size": 235143
    },
    "3": {
        "clone_proportion": {
            "1": 1.0
        },
        "mrca": 1,
        "size": 100775
    },
    "4": {
        "clone_proportion": {
            "1": 1.0
        },
        "mrca": 1,
        "size": 37127
    },
    "5": {
        "clone_proportion": {
            "1": 1.0
        },
        "mrca": 1,
        "size": 39190
    },
    "6": {
        "clone_proportion": {
            "1": 1.0
        },
        "mrca": 1,
        "size": 41495
    },
    "7": {
        "clone_proportion": {
            "1": 1.0
        },
        "mrca": 1,
        "size": 235143
    },
    "8": {
        "clone_proportion": {
            "0": 0.8493728594433986,
            "1": 0.15062714055660142
        },
        "mrca": 0,
        "size": 88178
    },
    "9": {
        "clone_proportion": {
            "1": 1.0
        },
        "mrca": 1,
        "size": 176357
    }
}