{
    "0": {
        "clone_proportion": {
            "0": 1.0
        },
        "mrca": 0,
        "size": 33333
    },
    "1": {
        "clone_proportion": {
            "0": 0.7246446957363488,
            "1": 0.004290051480617767,
            "2": 0.2710652527830334
        },
        "mrca": 0,
        "size": 45454
    },
    "2": {
        "clone_proportion": {
            "0": 0.78336,
            "1": 0.00312,
            "2": 0.21352
        },
        "mrca": 0,
        "size": 62500
    },
    "3": {
        "clone_proportion": {
            "0": 1.0
        },
        "mrca": 0,
        "size": 71428
    },
    "4": {
        "clone_proportion": {
            "0": 0.73944,
            "1": 0.00156,
            "2": 0.259
        },
        "mrca": 0,
        "size": 125000
    },
    "5": {
        "clone_proportion": {
            "0": 1.0
        },
        "mrca": 0,
        "size": 166666
    },
    "6": {
        "clone_proportion": {
            "0": 1.0
        },
        "mrca": 0,
        "size": 83333
    },
    "7": {
        "clone_proportion": {
            "3": 0.562874251497006,
            "4": 0.001008004032016128,
            "5": 0.4361177444709779
        },
        "mrca": 0,
        "size": 83333
    },
    "8": {
        "clone_proportion": {
            "0": 1.0
        },
        "mrca": 0,
        "size": 62500
    },
    "9": {
        "clone_proportion": {
            "0": 0.985329853298533,
            "1": 0.0035100351003510034,
            "2": 0.011160111601116011
        },
        "mrca": 0,
        "size": 55555
    }
}