{
    "N_max": 352113,
    "M": 352113,
    "picking": "adjacent",
    "mutation_rate": 32.44124970986876,
    "P_death": 0.1625401115970808,
    "D": 640,
    "new_clone_frequency": 0.007793747981154599,
    "depth_sequencing": 100,
    "min_alt_reads": 2,
    "n_sequencing": 10,
    "max_horizontal": 2
}