{
    "0": {
        "clone_proportion": {
            "0": 1.0
        },
        "mrca": 0,
        "size": 33281
    },
    "1": {
        "clone_proportion": {
            "0": 1.0
        },
        "mrca": 0,
        "size": 19969
    },
    "2": {
        "clone_proportion": {
            "3": 1.0
        },
        "mrca": 3,
        "size": 59907
    },
    "3": {
        "clone_proportion": {
            "3": 1.0
        },
        "mrca": 3,
        "size": 16640
    },
    "4": {
        "clone_proportion": {
            "0": 0.18729029996494567,
            "1": 0.06567179127647854,
            "2": 0.009865291201362111,
            "3": 0.7371726175572136
        },
        "mrca": 0,
        "size": 99845
    },
    "5": {
        "clone_proportion": {
            "3": 1.0
        },
        "mrca": 3,
        "size": 99845
    },
    "6": {
        "clone_proportion": {
            "3": 1.0
        },
        "mrca": 3,
        "size": 23041
    },
    "7": {
        "clone_proportion": {
            "1": 0.19453125,
            "2": 0.059194711538461536,
            "3": 0.7462740384615385
        },
        "mrca": 0,
        "size": 16640
    },
    "8": {
        "clone_proportion": {
            "0": 0.39377034403325156,
            "1": 0.06567179127647854,
            "2": 0.009865291201362111,
            "3": 0.5306925734889079
        },
        "mrca": 0,
        "size": 99845
    },
    "9": {
        "clone_proportion": {
            "3": 1.0
        },
        "mrca": 3,
        "size": 14976
    }
}