{
    "N_max": 528059,
    "M": 528059,
    "picking": "adjacent",
    "mutation_rate": 39.54199367060792,
    "P_death": 0.09180917188161465,
    "D": 640,
    "new_clone_frequency": 0.03336481238938761,
    "depth_sequencing": 100,
    "min_alt_reads": 2,
    "n_sequencing": 10,
    "max_horizontal": 2
}