{
    "0": {
        "clone_proportion": {
            "0": 1.0
        },
        "mrca": 0,
        "size": 22186
    },
    "1": {
        "clone_proportion": {
            "0": 1.0
        },
        "mrca": 0,
        "size": 20799
    },
    "2": {
        "clone_proportion": {
            "0": 0.28831955575187734,
            "1": 0.6391535727056645,
            "3": 0.03319240234744747,
            "4": 0.03933446919501062
        },
        "mrca": 0,
        "size": 47541
    },
    "3": {
        "clone_proportion": {
            "0": 1.0
        },
        "mrca": 0,
        "size": 55465
    },
    "4": {
        "clone_proportion": {
            "0": 1.0
        },
        "mrca": 0,
        "size": 83197
    },
    "5": {
        "clone_proportion": {
            "1": 0.36269719643018117,
            "3": 0.028450374109798972,
            "4": 0.6088524294600198
        },
        "mrca": 1,
        "size": 55465
    },
    "6": {
        "clone_proportion": {
            "0": 1.0
        },
        "mrca": 0,
        "size": 36976
    },
    "7": {
        "clone_proportion": {
            "0": 1.0
        },
        "mrca": 0,
        "size": 16639
    },
    "8": {
        "clone_proportion": {
            "4": 1.0
        },
        "mrca": 4,
        "size": 19575
    },
    "9": {
        "clone_proportion": {
            "0": 1.0
        },
        "mrca": 0,
        "size": 83197
    }
}