{
    "0": {
        "clone_proportion": {
            "0": 0.277170219338894,
            "1": 0.3117289671506539,
            "2": 0.4111008135104521
        },
        "mrca": 0,
        "size": 48555
    },
    "1": {
        "clone_proportion": {
            "0": 1.0
        },
        "mrca": 0,
        "size": 19422
    },
    "2": {
        "clone_proportion": {
            "0": 1.0
        },
        "mrca": 0,
        "size": 64740
    },
    "3": {
        "clone_proportion": {
            "0": 1.0
        },
        "mrca": 0,
        "size": 35313
    },
    "4": {
        "clone_proportion": {
            "0": 0.9028688820010091,
            "1": 0.09713111799899085
        },
        "mrca": 0,
        "size": 27746
    },
    "5": {
        "clone_proportion": {
            "0": 1.0
        },
        "mrca": 0,
        "size": 19422
    },
    "6": {
        "clone_proportion": {
            "0": 0.7941303676243435,
            "1": 0.20586963237565647
        },
        "mrca": 0,
        "size": 48555
    },
    "7": {
        "clone_proportion": {
            "0": 1.0
        },
        "mrca": 0,
        "size": 24277
    },
    "8": {
        "clone_proportion": {
            "0": 0.09604988106393715,
            "1": 0.5455200749657608,
            "2": 0.35843004397030204
        },
        "mrca": 0,
        "size": 27746
    },
    "9": {
        "clone_proportion": {
            "0": 1.0
        },
        "mrca": 0,
        "size": 29880
    }
}