{
    "N_max": 533045,
    "M": 533045,
    "picking": "adjacent",
    "mutation_rate": 44.14857820031338,
    "P_death": 0.296368329900186,
    "D": 640,
    "new_clone_frequency": 0.014346737281846381,
    "depth_sequencing": 100,
    "min_alt_reads": 2,
    "n_sequencing": 10,
    "max_horizontal": 2
}