{
    "0": {
        "clone_proportion": {
            "0": 1.0
        },
        "mrca": 0,
        "size": 34286
    },
    "1": {
        "clone_proportion": {
            "0": 1.0
        },
        "mrca": 0,
        "size": 14117
    },
    "2": {
        "clone_proportion": {
            "0": 1.0
        },
        "mrca": 0,
        "size": 13333
    },
    "3": {
        "clone_proportion": {
            "0": 1.0
        },
        "mrca": 0,
        "size": 60000
    },
    "4": {
        "clone_proportion": {
            "3": 0.003045972940426436,
            "4": 0.25841184387617766,
            "5": 0.27031238931784374,
            "6": 0.4682297938655522
        },
        "mrca": 2,
        "size": 14117
    },
    "5": {
        "clone_proportion": {
            "0": 1.0
        },
        "mrca": 0,
        "size": 12000
    },
    "6": {
        "clone_proportion": {
            "0": 1.0
        },
        "mrca": 0,
        "size": 17143
    },
    "7": {
        "clone_proportion": {
            "0": 1.0
        },
        "mrca": 0,
        "size": 14117
    },
    "8": {
        "clone_proportion": {
            "2": 0.19585,
            "3": 0.03385,
            "4": 0.1824,
            "5": 0.1908,
            "6": 0.3971
        },
        "mrca": 2,
        "size": 20000
    },
    "9": {
        "clone_proportion": {
            "0": 1.0
        },
        "mrca": 0,
        "size": 34286
    }
}