{
    "0": {
        "clone_proportion": {
            "1": 1.0
        },
        "mrca": 1,
        "size": 54802
    },
    "1": {
        "clone_proportion": {
            "1": 1.0
        },
        "mrca": 1,
        "size": 109605
    },
    "2": {
        "clone_proportion": {
            "1": 1.0
        },
        "mrca": 1,
        "size": 246611
    },
    "3": {
        "clone_proportion": {
            "0": 1.0
        },
        "mrca": 0,
        "size": 246611
    },
    "4": {
        "clone_proportion": {
            "1": 0.8572510378176178,
            "2": 0.0026884418289919863,
            "3": 0.1400605203533902
        },
        "mrca": 0,
        "size": 328815
    },
    "5": {
        "clone_proportion": {
            "0": 1.0
        },
        "mrca": 0,
        "size": 54802
    },
    "6": {
        "clone_proportion": {
            "1": 1.0
        },
        "mrca": 1,
        "size": 49322
    },
    "7": {
        "clone_proportion": {
            "0": 0.42864963170667914,
            "1": 0.5713503682933209
        },
        "mrca": 0,
        "size": 164407
    },
    "8": {
        "clone_proportion": {
            "0": 0.4613863995782815,
            "1": 0.5386136004217185
        },
        "mrca": 0,
        "size": 98644
    },
    "9": {
        "clone_proportion": {
            "0": 1.0
        },
        "mrca": 0,
        "size": 98644
    }
}