{
    "0": {
        "clone_proportion": {
            "0": 1.0
        },
        "mrca": 0,
        "size": 34593
    },
    "1": {
        "clone_proportion": {
            "3": 1.0
        },
        "mrca": 3,
        "size": 31134
    },
    "2": {
        "clone_proportion": {
            "0": 0.6379263827327037,
            "1": 0.0009924841009828482,
            "2": 0.033204856427057235,
            "3": 0.3278762767392561
        },
        "mrca": 0,
        "size": 103780
    },
    "3": {
        "clone_proportion": {
            "5": 0.1542493736750819,
            "6": 0.0017729813066101369,
            "7": 0.843977645018308
        },
        "mrca": 2,
        "size": 51890
    },
    "4": {
        "clone_proportion": {
            "5": 1.0
        },
        "mrca": 5,
        "size": 15567
    },
    "5": {
        "clone_proportion": {
            "4": 0.4697899703536682,
            "5": 0.5302100296463318
        },
        "mrca": 3,
        "size": 23949
    },
    "6": {
        "clone_proportion": {
            "7": 1.0
        },
        "mrca": 7,
        "size": 16386
    },
    "7": {
        "clone_proportion": {
            "5": 1.0
        },
        "mrca": 5,
        "size": 17296
    },
    "8": {
        "clone_proportion": {
            "3": 1.0
        },
        "mrca": 3,
        "size": 51890
    },
    "9": {
        "clone_proportion": {
            "3": 1.0
        },
        "mrca": 3,
        "size": 34593
    }
}