{
    "0": {
        "clone_proportion": {
            "0": 1.0
        },
        "mrca": 0,
        "size": 16438
    },
    "1": {
        "clone_proportion": {
            "0": 0.030538251897994938,
            "1": 0.0014356628382324315,
            "2": 0.7191697488806696,
            "3": 0.24885633638310298
        },
        "mrca": 0,
        "size": 41096
    },
    "2": {
        "clone_proportion": {
            "0": 1.0
        },
        "mrca": 0,
        "size": 11741
    },
    "3": {
        "clone_proportion": {
            "0": 0.14692104590750363,
            "1": 0.005025125628140704,
            "2": 0.8480538284643557
        },
        "mrca": 0,
        "size": 11741
    },
    "4": {
        "clone_proportion": {
            "0": 0.2883492310687171,
            "1": 0.0014356628382324315,
            "2": 0.7102151060930504
        },
        "mrca": 0,
        "size": 41096
    },
    "5": {
        "clone_proportion": {
            "3": 1.0
        },
        "mrca": 3,
        "size": 23483
    },
    "6": {
        "clone_proportion": {
            "4": 1.0
        },
        "mrca": 4,
        "size": 16438
    },
    "7": {
        "clone_proportion": {
            "3": 0.7314900994616297,
            "4": 0.2685099005383703
        },
        "mrca": 3,
        "size": 54795
    },
    "8": {
        "clone_proportion": {
            "0": 0.7466663422230874,
            "1": 0.0014356628382324315,
            "2": 0.25189799493868015
        },
        "mrca": 0,
        "size": 41096
    },
    "9": {
        "clone_proportion": {
            "0": 0.5801320071782705,
            "1": 0.0017945676308665631,
            "2": 0.41807342519086294
        },
        "mrca": 0,
        "size": 32877
    }
}