{
    "0": {
        "clone_proportion": {
            "5": 1.0
        },
        "mrca": 5,
        "size": 93399
    },
    "1": {
        "clone_proportion": {
            "7": 1.0
        },
        "mrca": 7,
        "size": 130759
    },
    "2": {
        "clone_proportion": {
            "0": 0.9689286708494829,
            "2": 0.031071329150517142
        },
        "mrca": 0,
        "size": 46699
    },
    "3": {
        "clone_proportion": {
            "5": 0.2704329790943964,
            "7": 0.7295670209056035
        },
        "mrca": 5,
        "size": 54483
    },
    "4": {
        "clone_proportion": {
            "5": 1.0
        },
        "mrca": 5,
        "size": 34410
    },
    "5": {
        "clone_proportion": {
            "5": 0.06117504542701393,
            "7": 0.9388249545729861
        },
        "mrca": 5,
        "size": 163449
    },
    "6": {
        "clone_proportion": {
            "7": 1.0
        },
        "mrca": 7,
        "size": 93399
    },
    "7": {
        "clone_proportion": {
            "5": 1.0
        },
        "mrca": 5,
        "size": 38458
    },
    "8": {
        "clone_proportion": {
            "7": 1.0
        },
        "mrca": 7,
        "size": 65379
    },
    "9": {
        "clone_proportion": {
            "0": 0.5977680974988987,
            "2": 0.06627184180901571,
            "3": 0.33596006069208556
        },
        "mrca": 0,
        "size": 40862
    }
}