{
    "0": {
        "clone_proportion": {
            "4": 1.0
        },
        "mrca": 4,
        "size": 56689
    },
    "1": {
        "clone_proportion": {
            "3": 0.2968380201978626,
            "4": 0.7031619798021373
        },
        "mrca": 1,
        "size": 68027
    },
    "2": {
        "clone_proportion": {
            "0": 1.0
        },
        "mrca": 0,
        "size": 85034
    },
    "3": {
        "clone_proportion": {
            "0": 1.0
        },
        "mrca": 0,
        "size": 136055
    },
    "4": {
        "clone_proportion": {
            "0": 1.0
        },
        "mrca": 0,
        "size": 113379
    },
    "5": {
        "clone_proportion": {
            "0": 1.0
        },
        "mrca": 0,
        "size": 56689
    },
    "6": {
        "clone_proportion": {
            "4": 1.0
        },
        "mrca": 4,
        "size": 68027
    },
    "7": {
        "clone_proportion": {
            "3": 0.1759237481477997,
            "4": 0.8240762518522003
        },
        "mrca": 1,
        "size": 170068
    },
    "8": {
        "clone_proportion": {
            "0": 0.7815468472997645,
            "1": 0.2184531527002355
        },
        "mrca": 0,
        "size": 75586
    },
    "9": {
        "clone_proportion": {
            "0": 1.0
        },
        "mrca": 0,
        "size": 45351
    }
}