{
    "0": {
        "clone_proportion": {
            "0": 1.0
        },
        "mrca": 0,
        "size": 11809
    },
    "1": {
        "clone_proportion": {
            "0": 0.33484445833984683,
            "1": 0.6651555416601532
        },
        "mrca": 0,
        "size": 12794
    },
    "2": {
        "clone_proportion": {
            "0": 0.5684500547131468,
            "1": 0.40259105830858216,
            "2": 0.028958886978271065
        },
        "mrca": 0,
        "size": 51176
    },
    "3": {
        "clone_proportion": {
            "0": 1.0
        },
        "mrca": 0,
        "size": 38382
    },
    "4": {
        "clone_proportion": {
            "0": 1.0
        },
        "mrca": 0,
        "size": 9595
    },
    "5": {
        "clone_proportion": {
            "0": 1.0
        },
        "mrca": 0,
        "size": 15352
    },
    "6": {
        "clone_proportion": {
            "0": 1.0
        },
        "mrca": 0,
        "size": 38382
    },
    "7": {
        "clone_proportion": {
            "0": 1.0
        },
        "mrca": 0,
        "size": 7676
    },
    "8": {
        "clone_proportion": {
            "0": 1.0
        },
        "mrca": 0,
        "size": 51176
    },
    "9": {
        "clone_proportion": {
            "0": 1.0
        },
        "mrca": 0,
        "size": 10235
    }
}