{
    "N_max": 555325,
    "M": 555325,
    "picking": "adjacent",
    "mutation_rate": 7.690253269418381,
    "P_death": 0.2658898141698315,
    "D": 640,
    "new_clone_frequency": 0.03762847445107383,
    "depth_sequencing": 100,
    "min_alt_reads": 2,
    "n_sequencing": 10,
    "max_horizontal": 2
}