{
    "0": {
        "clone_proportion": {
            "0": 1.0
        },
        "mrca": 0,
        "size": 42675
    },
    "1": {
        "clone_proportion": {
            "0": 1.0
        },
        "mrca": 0,
        "size": 48009
    },
    "2": {
        "clone_proportion": {
            "0": 1.0
        },
        "mrca": 0,
        "size": 85350
    },
    "3": {
        "clone_proportion": {
            "0": 1.0
        },
        "mrca": 0,
        "size": 85350
    },
    "4": {
        "clone_proportion": {
            "7": 0.6912321812146065,
            "8": 0.09752001562194884,
            "9": 0.21124780316344463
        },
        "mrca": 5,
        "size": 76815
    },
    "5": {
        "clone_proportion": {
            "0": 1.0
        },
        "mrca": 0,
        "size": 64012
    },
    "6": {
        "clone_proportion": {
            "0": 1.0
        },
        "mrca": 0,
        "size": 256050
    },
    "7": {
        "clone_proportion": {
            "5": 0.30233484563461327,
            "6": 0.2651322341485006,
            "7": 0.4325329202168861
        },
        "mrca": 1,
        "size": 45185
    },
    "8": {
        "clone_proportion": {
            "0": 0.8933637442979442,
            "1": 0.10663625570205587
        },
        "mrca": 0,
        "size": 96018
    },
    "9": {
        "clone_proportion": {
            "5": 1.0
        },
        "mrca": 5,
        "size": 64012
    }
}