{
    "0": {
        "clone_proportion": {
            "1": 0.6475270582396396,
            "2": 0.35247294176036037
        },
        "mrca": 0,
        "size": 52387
    },
    "1": {
        "clone_proportion": {
            "0": 1.0
        },
        "mrca": 0,
        "size": 33087
    },
    "2": {
        "clone_proportion": {
            "1": 1.0
        },
        "mrca": 1,
        "size": 31432
    },
    "3": {
        "clone_proportion": {
            "0": 1.0
        },
        "mrca": 0,
        "size": 33087
    },
    "4": {
        "clone_proportion": {
            "1": 0.1651109520400859,
            "2": 0.28760200429491767,
            "3": 0.00376521116678597,
            "5": 0.2844953471725125,
            "6": 0.006084466714387974,
            "7": 0.24821760916249105,
            "8": 0.0002290622763063708,
            "9": 0.0010021474588403723,
            "10": 0.0002720114531138153,
            "12": 0.0032211882605583395
        },
        "mrca": 0,
        "size": 69850
    },
    "5": {
        "clone_proportion": {
            "0": 1.0
        },
        "mrca": 0,
        "size": 157163
    },
    "6": {
        "clone_proportion": {
            "0": 1.0
        },
        "mrca": 0,
        "size": 31432
    },
    "7": {
        "clone_proportion": {
            "0": 1.0
        },
        "mrca": 0,
        "size": 48358
    },
    "8": {
        "clone_proportion": {
            "0": 1.0
        },
        "mrca": 0,
        "size": 125730
    },
    "9": {
        "clone_proportion": {
            "0": 1.0
        },
        "mrca": 0,
        "size": 69850
    }
}