{
    "0": {
        "clone_proportion": {
            "0": 0.15492725775459787,
            "1": 0.8450727422454022
        },
        "mrca": 0,
        "size": 18215
    },
    "1": {
        "clone_proportion": {
            "1": 1.0
        },
        "mrca": 1,
        "size": 15938
    },
    "2": {
        "clone_proportion": {
            "0": 1.0
        },
        "mrca": 0,
        "size": 15938
    },
    "3": {
        "clone_proportion": {
            "0": 0.5129878278328523,
            "1": 0.4870121721671477
        },
        "mrca": 0,
        "size": 15938
    },
    "4": {
        "clone_proportion": {
            "1": 1.0
        },
        "mrca": 1,
        "size": 28335
    },
    "5": {
        "clone_proportion": {
            "0": 1.0
        },
        "mrca": 0,
        "size": 28335
    },
    "6": {
        "clone_proportion": {
            "1": 1.0
        },
        "mrca": 1,
        "size": 12750
    },
    "7": {
        "clone_proportion": {
            "0": 1.0
        },
        "mrca": 0,
        "size": 15938
    },
    "8": {
        "clone_proportion": {
            "1": 0.9886594906181989,
            "2": 0.01134050938180107
        },
        "mrca": 0,
        "size": 85005
    },
    "9": {
        "clone_proportion": {
            "0": 0.6761791222710677,
            "1": 0.32382087772893225
        },
        "mrca": 0,
        "size": 13421
    }
}