{
    "n_event": 349212,
    "config": {
        "N_max": 349212,
        "M": 349212,
        "picking": "adjacent",
        "mutation_rate": 41.30348164963125,
        "P_death": 0.21146890432839563,
        "D": 640,
        "new_clone_frequency": 0.0057504726677366155,
        "depth_sequencing": 100,
        "min_alt_reads": 2,
        "n_sequencing": 10,
        "max_horizontal": 2
    },
    "clone_proportion": {
        "0": 0.9979734898098181,
        "2": 0.002024414522973752,
        "3": 2.095667208047362e-06
    },
    "clones": [
        {
            "id": 0,
            "fitness": 0,
            "ancestor": null,
            "dead_lineage": false,
            "size": 549809,
            "tmb": 100
        },
        {
            "id": 1,
            "fitness": 1.315369260485848,
            "ancestor": 0,
            "dead_lineage": true,
            "size": 1,
            "tmb": 381
        },
        {
            "id": 2,
            "fitness": 0.46688709067765544,
            "ancestor": 0,
            "dead_lineage": false,
            "size": 1114,
            "tmb": 550
        },
        {
            "id": 3,
            "fitness": 1.8804956142473872,
            "ancestor": 2,
            "dead_lineage": false,
            "size": 1,
            "tmb": 740
        }
    ]
}