{
    "0": {
        "clone_proportion": {
            "3": 1.0
        },
        "mrca": 3,
        "size": 15705
    },
    "1": {
        "clone_proportion": {
            "4": 0.45965770171149145,
            "5": 0.5403422982885085
        },
        "mrca": 1,
        "size": 19632
    },
    "2": {
        "clone_proportion": {
            "2": 0.11749524585710405,
            "3": 0.882504754142896
        },
        "mrca": 0,
        "size": 14724
    },
    "3": {
        "clone_proportion": {
            "3": 1.0
        },
        "mrca": 3,
        "size": 14724
    },
    "4": {
        "clone_proportion": {
            "0": 1.0
        },
        "mrca": 0,
        "size": 13088
    },
    "5": {
        "clone_proportion": {
            "1": 1.0
        },
        "mrca": 1,
        "size": 13088
    },
    "6": {
        "clone_proportion": {
            "6": 0.18989405052974734,
            "7": 0.31606560717196414,
            "8": 0.4940403422982885
        },
        "mrca": 0,
        "size": 19632
    },
    "7": {
        "clone_proportion": {
            "0": 1.0
        },
        "mrca": 0,
        "size": 16827
    },
    "8": {
        "clone_proportion": {
            "5": 0.9769763651181744,
            "6": 0.02302363488182559
        },
        "mrca": 0,
        "size": 14724
    },
    "9": {
        "clone_proportion": {
            "5": 1.0
        },
        "mrca": 5,
        "size": 11779
    }
}