{
    "N_max": 943373,
    "M": 943373,
    "picking": "adjacent",
    "mutation_rate": 43.61400008892751,
    "P_death": 0.24760161006847226,
    "D": 640,
    "new_clone_frequency": 0.03591099085442078,
    "depth_sequencing": 100,
    "min_alt_reads": 2,
    "n_sequencing": 10,
    "max_horizontal": 2
}