{
    "N_max": 383977,
    "M": 383977,
    "picking": "adjacent",
    "mutation_rate": 47.91526261344368,
    "P_death": 0.14735297011886367,
    "D": 640,
    "new_clone_frequency": 0.029535631444871452,
    "depth_sequencing": 100,
    "min_alt_reads": 2,
    "n_sequencing": 10,
    "max_horizontal": 2
}