{
    "0": {
        "clone_proportion": {
            "0": 1.0
        },
        "mrca": 0,
        "size": 31250
    },
    "1": {
        "clone_proportion": {
            "6": 1.0
        },
        "mrca": 6,
        "size": 35714
    },
    "2": {
        "clone_proportion": {
            "0": 1.0
        },
        "mrca": 0,
        "size": 33333
    },
    "3": {
        "clone_proportion": {
            "6": 0.1005310053100531,
            "7": 0.0042000420004200045,
            "8": 0.24195241952419524,
            "9": 0.6533165331653317
        },
        "mrca": 0,
        "size": 33333
    },
    "4": {
        "clone_proportion": {
            "0": 1.0
        },
        "mrca": 0,
        "size": 25000
    },
    "5": {
        "clone_proportion": {
            "0": 1.0
        },
        "mrca": 0,
        "size": 45454
    },
    "6": {
        "clone_proportion": {
            "9": 0.22501,
            "10": 0.00037,
            "11": 0.03574,
            "12": 0.01598,
            "13": 0.14216,
            "14": 0.00694,
            "15": 0.01021,
            "16": 0.56359
        },
        "mrca": 0,
        "size": 100000
    },
    "7": {
        "clone_proportion": {
            "6": 0.659248,
            "7": 0.00224,
            "8": 0.12904,
            "9": 0.209472
        },
        "mrca": 0,
        "size": 62500
    },
    "8": {
        "clone_proportion": {
            "0": 0.9676418705674823,
            "1": 0.000498001992007968,
            "2": 0.03186012744050976
        },
        "mrca": 0,
        "size": 166666
    },
    "9": {
        "clone_proportion": {
            "0": 1.0
        },
        "mrca": 0,
        "size": 83333
    }
}