{
    "0": {
        "clone_proportion": {
            "3": 0.4693687628702677,
            "4": 0.16333359733882466,
            "5": 0.004633296372564549,
            "6": 0.3626643434183431
        },
        "mrca": 1,
        "size": 50504
    },
    "1": {
        "clone_proportion": {
            "0": 1.0
        },
        "mrca": 0,
        "size": 79363
    },
    "2": {
        "clone_proportion": {
            "0": 1.0
        },
        "mrca": 0,
        "size": 34721
    },
    "3": {
        "clone_proportion": {
            "1": 1.0
        },
        "mrca": 1,
        "size": 79363
    },
    "4": {
        "clone_proportion": {
            "6": 1.0
        },
        "mrca": 6,
        "size": 39681
    },
    "5": {
        "clone_proportion": {
            "0": 1.0
        },
        "mrca": 0,
        "size": 30863
    },
    "6": {
        "clone_proportion": {
            "6": 1.0
        },
        "mrca": 6,
        "size": 185181
    },
    "7": {
        "clone_proportion": {
            "0": 1.0
        },
        "mrca": 0,
        "size": 55554
    },
    "8": {
        "clone_proportion": {
            "1": 0.08542993071643419,
            "3": 0.18426836446503692,
            "4": 0.04454560673071212,
            "5": 0.001263628558005411,
            "6": 0.6844924695298114
        },
        "mrca": 1,
        "size": 185181
    },
    "9": {
        "clone_proportion": {
            "0": 1.0
        },
        "mrca": 0,
        "size": 46295
    }
}