{
    "0": {
        "clone_proportion": {
            "0": 1.0
        },
        "mrca": 0,
        "size": 48009
    },
    "1": {
        "clone_proportion": {
            "0": 0.2402590639848988,
            "1": 0.21078565384365033,
            "2": 0.0015296491570656772,
            "3": 0.5474256330143852
        },
        "mrca": 0,
        "size": 153630
    },
    "2": {
        "clone_proportion": {
            "3": 1.0
        },
        "mrca": 3,
        "size": 64012
    },
    "3": {
        "clone_proportion": {
            "0": 1.0
        },
        "mrca": 0,
        "size": 45185
    },
    "4": {
        "clone_proportion": {
            "0": 1.0
        },
        "mrca": 0,
        "size": 153630
    },
    "5": {
        "clone_proportion": {
            "3": 1.0
        },
        "mrca": 3,
        "size": 69831
    },
    "6": {
        "clone_proportion": {
            "0": 0.8872290568248389,
            "1": 0.1127709431751611
        },
        "mrca": 0,
        "size": 85350
    },
    "7": {
        "clone_proportion": {
            "0": 1.0
        },
        "mrca": 0,
        "size": 85350
    },
    "8": {
        "clone_proportion": {
            "3": 0.7364447048102584,
            "4": 0.018017314326628914,
            "5": 9.112803488901907e-05,
            "6": 0.15084293432272342,
            "7": 0.09460391850550023
        },
        "mrca": 0,
        "size": 76815
    },
    "9": {
        "clone_proportion": {
            "0": 1.0
        },
        "mrca": 0,
        "size": 85350
    }
}