{
    "N_max": 735021,
    "M": 735021,
    "picking": "adjacent",
    "mutation_rate": 40.400709271983544,
    "P_death": 0.27341269952457276,
    "D": 640,
    "new_clone_frequency": 0.03940549897457137,
    "depth_sequencing": 100,
    "min_alt_reads": 2,
    "n_sequencing": 10,
    "max_horizontal": 2
}