{
    "N_max": 673706,
    "M": 673706,
    "picking": "adjacent",
    "mutation_rate": 47.82242593085113,
    "P_death": 0.03269128692294241,
    "D": 640,
    "new_clone_frequency": 0.012688607664349347,
    "depth_sequencing": 100,
    "min_alt_reads": 2,
    "n_sequencing": 10,
    "max_horizontal": 2
}