{
    "0": {
        "clone_proportion": {
            "3": 0.30606122424489696,
            "4": 0.011658046632186529,
            "5": 0.24714098856395425,
            "6": 0.0020460081840327363,
            "7": 4.2000168000672006e-05,
            "8": 0.0009000036000144001,
            "9": 0.06554426217704871,
            "10": 0.10728042912171648,
            "11": 0.001122004488017952,
            "12": 0.0034140136560546243,
            "13": 1.8000072000288002e-05,
            "14": 0.19864879459517837,
            "15": 0.05612422449689799
        },
        "mrca": 0,
        "size": 166666
    },
    "1": {
        "clone_proportion": {
            "3": 1.0
        },
        "mrca": 3,
        "size": 31250
    },
    "2": {
        "clone_proportion": {
            "5": 0.28796,
            "6": 0.01364,
            "7": 0.00028,
            "8": 0.006,
            "9": 0.43696,
            "10": 0.25516
        },
        "mrca": 0,
        "size": 25000
    },
    "3": {
        "clone_proportion": {
            "15": 1.0
        },
        "mrca": 15,
        "size": 29411
    },
    "4": {
        "clone_proportion": {
            "3": 1.0
        },
        "mrca": 3,
        "size": 25000
    },
    "5": {
        "clone_proportion": {
            "3": 1.0
        },
        "mrca": 3,
        "size": 38461
    },
    "6": {
        "clone_proportion": {
            "3": 1.0
        },
        "mrca": 3,
        "size": 27777
    },
    "7": {
        "clone_proportion": {
            "20": 0.17456053857400292,
            "21": 3.4000884022984596e-05,
            "22": 0.11757505695148074,
            "23": 0.0014620380129883378,
            "24": 0.03185882832953657,
            "25": 0.05463942062493625,
            "26": 0.6198701166230322
        },
        "mrca": 0,
        "size": 29411
    },
    "8": {
        "clone_proportion": {
            "3": 1.0
        },
        "mrca": 3,
        "size": 31250
    },
    "9": {
        "clone_proportion": {
            "15": 0.5292882343058745,
            "16": 8.400067200537604e-05,
            "17": 0.0001960015680125441,
            "18": 0.0017640141121128968,
            "19": 0.0028840230721845776,
            "20": 0.18748949991599934,
            "21": 2.8000224001792016e-05,
            "22": 0.09682477459819679,
            "23": 0.0012040096320770565,
            "24": 0.02623620988967912,
            "25": 0.044996359970879765,
            "26": 0.10900487203897631
        },
        "mrca": 0,
        "size": 35714
    }
}