{
    "0": {
        "clone_proportion": {
            "1": 0.039350563426134993,
            "2": 0.0006616187605675218,
            "3": 0.9599878178132975
        },
        "mrca": 0,
        "size": 95221
    },
    "1": {
        "clone_proportion": {
            "3": 1.0
        },
        "mrca": 3,
        "size": 44436
    },
    "2": {
        "clone_proportion": {
            "3": 1.0
        },
        "mrca": 3,
        "size": 41659
    },
    "3": {
        "clone_proportion": {
            "0": 0.2954488171965578,
            "1": 0.4706684549742556,
            "2": 0.00028354877038850684,
            "3": 0.23359917905879812
        },
        "mrca": 0,
        "size": 222184
    },
    "4": {
        "clone_proportion": {
            "3": 0.6933029478791443,
            "4": 0.17747135610842146,
            "5": 0.12922569601243422
        },
        "mrca": 1,
        "size": 95221
    },
    "5": {
        "clone_proportion": {
            "3": 1.0
        },
        "mrca": 3,
        "size": 95221
    },
    "6": {
        "clone_proportion": {
            "0": 1.0
        },
        "mrca": 0,
        "size": 37030
    },
    "7": {
        "clone_proportion": {
            "1": 1.0
        },
        "mrca": 1,
        "size": 39209
    },
    "8": {
        "clone_proportion": {
            "1": 0.15460159147373348,
            "2": 0.0005670975407770137,
            "3": 0.8448313109854895
        },
        "mrca": 0,
        "size": 111092
    },
    "9": {
        "clone_proportion": {
            "0": 1.0
        },
        "mrca": 0,
        "size": 95221
    }
}