{
    "N_max": 235585,
    "M": 235585,
    "picking": "adjacent",
    "mutation_rate": 44.87841524537418,
    "P_death": 0.036109902477065955,
    "D": 640,
    "new_clone_frequency": 0.01778054646248127,
    "depth_sequencing": 100,
    "min_alt_reads": 2,
    "n_sequencing": 10,
    "max_horizontal": 2
}