{
    "0": {
        "clone_proportion": {
            "2": 1.0
        },
        "mrca": 2,
        "size": 31173
    },
    "1": {
        "clone_proportion": {
            "2": 1.0
        },
        "mrca": 2,
        "size": 80160
    },
    "2": {
        "clone_proportion": {
            "2": 1.0
        },
        "mrca": 2,
        "size": 62347
    },
    "3": {
        "clone_proportion": {
            "6": 1.0
        },
        "mrca": 6,
        "size": 51011
    },
    "4": {
        "clone_proportion": {
            "3": 0.04345594525235244,
            "4": 0.0016966067864271457,
            "5": 0.26355859709153123,
            "6": 0.6912888508696892
        },
        "mrca": 0,
        "size": 70140
    },
    "5": {
        "clone_proportion": {
            "0": 1.0
        },
        "mrca": 0,
        "size": 33007
    },
    "6": {
        "clone_proportion": {
            "2": 1.0
        },
        "mrca": 2,
        "size": 28056
    },
    "7": {
        "clone_proportion": {
            "0": 1.0
        },
        "mrca": 0,
        "size": 33007
    },
    "8": {
        "clone_proportion": {
            "2": 0.6709865982321073,
            "3": 0.3290134017678928
        },
        "mrca": 2,
        "size": 70140
    },
    "9": {
        "clone_proportion": {
            "2": 1.0
        },
        "mrca": 2,
        "size": 62347
    }
}