{
    "0": {
        "clone_proportion": {
            "0": 1.0
        },
        "mrca": 0,
        "size": 87879
    },
    "1": {
        "clone_proportion": {
            "1": 0.1925440315585844,
            "2": 0.42004147121669977,
            "3": 0.12278893932305825,
            "4": 0.2646255579016576
        },
        "mrca": 0,
        "size": 158182
    },
    "2": {
        "clone_proportion": {
            "1": 1.0
        },
        "mrca": 1,
        "size": 65909
    },
    "3": {
        "clone_proportion": {
            "1": 0.5083069080095283,
            "2": 0.49169309199047173
        },
        "mrca": 0,
        "size": 65909
    },
    "4": {
        "clone_proportion": {
            "0": 1.0
        },
        "mrca": 0,
        "size": 197727
    },
    "5": {
        "clone_proportion": {
            "0": 1.0
        },
        "mrca": 0,
        "size": 65909
    },
    "6": {
        "clone_proportion": {
            "0": 1.0
        },
        "mrca": 0,
        "size": 263637
    },
    "7": {
        "clone_proportion": {
            "0": 0.26328220222832494,
            "1": 0.7367177977716751
        },
        "mrca": 0,
        "size": 197727
    },
    "8": {
        "clone_proportion": {
            "2": 0.0327346520757866,
            "3": 0.36836914673696586,
            "4": 0.5988962011872475
        },
        "mrca": 0,
        "size": 52727
    },
    "9": {
        "clone_proportion": {
            "0": 0.2562270200832461,
            "1": 0.743772979916754
        },
        "mrca": 0,
        "size": 197727
    }
}