{
    "0": {
        "clone_proportion": {
            "8": 0.5010275596775043,
            "9": 0.2184749960478474,
            "10": 0.0015281656742372346,
            "11": 0.27896927860041104
        },
        "mrca": 1,
        "size": 18977
    },
    "1": {
        "clone_proportion": {
            "3": 0.2635049683830172,
            "4": 0.7364950316169828
        },
        "mrca": 3,
        "size": 33210
    },
    "2": {
        "clone_proportion": {
            "0": 1.0
        },
        "mrca": 0,
        "size": 16605
    },
    "3": {
        "clone_proportion": {
            "3": 1.0
        },
        "mrca": 3,
        "size": 22140
    },
    "4": {
        "clone_proportion": {
            "4": 0.7885049683830172,
            "5": 1.8819632640770853e-05,
            "6": 0.027137910267991568,
            "7": 0.0014302920806985849,
            "8": 0.1829080096356519
        },
        "mrca": 0,
        "size": 53136
    },
    "5": {
        "clone_proportion": {
            "4": 1.0
        },
        "mrca": 4,
        "size": 18977
    },
    "6": {
        "clone_proportion": {
            "4": 1.0
        },
        "mrca": 4,
        "size": 16605
    },
    "7": {
        "clone_proportion": {
            "2": 0.4563398412357863,
            "3": 0.5436601587642137
        },
        "mrca": 0,
        "size": 13983
    },
    "8": {
        "clone_proportion": {
            "3": 0.3700409521371897,
            "4": 0.6299590478628103
        },
        "mrca": 3,
        "size": 15628
    },
    "9": {
        "clone_proportion": {
            "4": 1.0
        },
        "mrca": 4,
        "size": 88561
    }
}