{
    "0": {
        "clone_proportion": {
            "5": 0.5593252728675903,
            "6": 0.0017051927529308,
            "7": 0.4389695343794789
        },
        "mrca": 4,
        "size": 136055
    },
    "1": {
        "clone_proportion": {
            "5": 0.44101200398662893,
            "6": 0.001023117155734307,
            "7": 0.5396501997724447,
            "8": 0.018314679085192142
        },
        "mrca": 4,
        "size": 226758
    },
    "2": {
        "clone_proportion": {
            "7": 1.0
        },
        "mrca": 7,
        "size": 61843
    },
    "3": {
        "clone_proportion": {
            "0": 1.0
        },
        "mrca": 0,
        "size": 170068
    },
    "4": {
        "clone_proportion": {
            "5": 1.0
        },
        "mrca": 5,
        "size": 61843
    },
    "5": {
        "clone_proportion": {
            "0": 1.0
        },
        "mrca": 0,
        "size": 52328
    },
    "6": {
        "clone_proportion": {
            "0": 1.0
        },
        "mrca": 0,
        "size": 37793
    },
    "7": {
        "clone_proportion": {
            "0": 1.0
        },
        "mrca": 0,
        "size": 170068
    },
    "8": {
        "clone_proportion": {
            "7": 1.0
        },
        "mrca": 7,
        "size": 35803
    },
    "9": {
        "clone_proportion": {
            "1": 1.0
        },
        "mrca": 1,
        "size": 75586
    }
}