{
    "0": {
        "clone_proportion": {
            "8": 1.0
        },
        "mrca": 8,
        "size": 45588
    },
    "1": {
        "clone_proportion": {
            "8": 0.23603250855488286,
            "9": 0.020679784153724665,
            "10": 0.7432877072913925
        },
        "mrca": 5,
        "size": 182352
    },
    "2": {
        "clone_proportion": {
            "5": 1.0
        },
        "mrca": 5,
        "size": 56108
    },
    "3": {
        "clone_proportion": {
            "8": 1.0
        },
        "mrca": 8,
        "size": 91176
    },
    "4": {
        "clone_proportion": {
            "7": 0.06970555694937422,
            "8": 0.9302944430506258
        },
        "mrca": 3,
        "size": 243137
    },
    "5": {
        "clone_proportion": {
            "5": 0.3848241937672999,
            "6": 0.015464532341848422,
            "7": 0.08825476994451688,
            "8": 0.5114565039463348
        },
        "mrca": 3,
        "size": 243137
    },
    "6": {
        "clone_proportion": {
            "0": 1.0
        },
        "mrca": 0,
        "size": 38390
    },
    "7": {
        "clone_proportion": {
            "5": 0.1601316150260488,
            "6": 0.10309843707156567,
            "7": 0.5883740060323553,
            "8": 0.14839594187003016
        },
        "mrca": 3,
        "size": 36470
    },
    "8": {
        "clone_proportion": {
            "3": 1.0
        },
        "mrca": 3,
        "size": 66310
    },
    "9": {
        "clone_proportion": {
            "5": 1.0
        },
        "mrca": 5,
        "size": 40522
    }
}