{
    "0": {
        "clone_proportion": {
            "0": 0.8936179918799325,
            "1": 0.03349603880601554,
            "2": 0.07288596931405197
        },
        "mrca": 0,
        "size": 328815
    },
    "1": {
        "clone_proportion": {
            "2": 1.0
        },
        "mrca": 2,
        "size": 75880
    },
    "2": {
        "clone_proportion": {
            "0": 1.0
        },
        "mrca": 0,
        "size": 164407
    },
    "3": {
        "clone_proportion": {
            "2": 1.0
        },
        "mrca": 2,
        "size": 58026
    },
    "4": {
        "clone_proportion": {
            "2": 1.0
        },
        "mrca": 2,
        "size": 54802
    },
    "5": {
        "clone_proportion": {
            "2": 1.0
        },
        "mrca": 2,
        "size": 75880
    },
    "6": {
        "clone_proportion": {
            "2": 0.4892674886105823,
            "3": 0.2929863083688651,
            "4": 0.06837300114958608,
            "5": 0.01717080172985335,
            "6": 0.0011374211560335023,
            "7": 0.0014293795276356846,
            "8": 0.12963559945744402
        },
        "mrca": 0,
        "size": 164407
    },
    "7": {
        "clone_proportion": {
            "2": 1.0
        },
        "mrca": 2,
        "size": 65763
    },
    "8": {
        "clone_proportion": {
            "2": 1.0
        },
        "mrca": 2,
        "size": 70460
    },
    "9": {
        "clone_proportion": {
            "2": 1.0
        },
        "mrca": 2,
        "size": 61652
    }
}