{
    "0": {
        "clone_proportion": {
            "0": 0.5053219188068904,
            "1": 0.49467808119310963
        },
        "mrca": 0,
        "size": 96018
    },
    "1": {
        "clone_proportion": {
            "0": 1.0
        },
        "mrca": 0,
        "size": 59088
    },
    "2": {
        "clone_proportion": {
            "0": 1.0
        },
        "mrca": 0,
        "size": 76815
    },
    "3": {
        "clone_proportion": {
            "3": 0.15199375122046474,
            "4": 0.36285100566295647,
            "5": 0.2844834993165397,
            "6": 0.05808240578012107,
            "7": 0.142589338019918
        },
        "mrca": 0,
        "size": 128025
    },
    "4": {
        "clone_proportion": {
            "9": 0.01012439057729986,
            "10": 0.22444069804529093,
            "11": 0.0009295120061967467,
            "12": 0.11770173600036452,
            "13": 0.10804210142616302,
            "14": 0.014617031940584134,
            "15": 0.016831457602405796,
            "16": 0.3674032897434729,
            "17": 0.0079646420923133,
            "18": 0.03466533011345514,
            "19": 0.0027338588417551374,
            "20": 0.0945459516106985
        },
        "mrca": 0,
        "size": 109735
    },
    "5": {
        "clone_proportion": {
            "0": 1.0
        },
        "mrca": 0,
        "size": 85350
    },
    "6": {
        "clone_proportion": {
            "4": 0.3067627944760357,
            "5": 0.6163857297590035,
            "6": 0.07685147576496074
        },
        "mrca": 0,
        "size": 59088
    },
    "7": {
        "clone_proportion": {
            "13": 0.12196836555360281,
            "14": 0.0208813382802838,
            "15": 0.024044782920002603,
            "16": 0.5248584260886545,
            "17": 0.011377986070428952,
            "18": 0.04952157781683265,
            "19": 0.0039054872095293887,
            "20": 0.24344203606066522
        },
        "mrca": 0,
        "size": 76815
    },
    "8": {
        "clone_proportion": {
            "0": 1.0
        },
        "mrca": 0,
        "size": 192037
    },
    "9": {
        "clone_proportion": {
            "0": 1.0
        },
        "mrca": 0,
        "size": 54867
    }
}