{
    "0": {
        "clone_proportion": {
            "5": 1.0
        },
        "mrca": 5,
        "size": 42789
    },
    "1": {
        "clone_proportion": {
            "5": 1.0
        },
        "mrca": 5,
        "size": 90334
    },
    "2": {
        "clone_proportion": {
            "5": 1.0
        },
        "mrca": 5,
        "size": 47823
    },
    "3": {
        "clone_proportion": {
            "5": 1.0
        },
        "mrca": 5,
        "size": 50812
    },
    "4": {
        "clone_proportion": {
            "1": 0.7620380711534015,
            "2": 0.03776119182685448,
            "3": 0.012423063109160595,
            "5": 0.18777767391058348
        },
        "mrca": 0,
        "size": 203251
    },
    "5": {
        "clone_proportion": {
            "5": 1.0
        },
        "mrca": 5,
        "size": 40650
    },
    "6": {
        "clone_proportion": {
            "1": 1.0
        },
        "mrca": 1,
        "size": 58071
    },
    "7": {
        "clone_proportion": {
            "5": 1.0
        },
        "mrca": 5,
        "size": 90334
    },
    "8": {
        "clone_proportion": {
            "5": 1.0
        },
        "mrca": 5,
        "size": 40650
    },
    "9": {
        "clone_proportion": {
            "1": 0.8001970465162619,
            "2": 0.08496247260167822,
            "3": 0.027951823233776874,
            "5": 0.08688865764828303
        },
        "mrca": 0,
        "size": 90334
    }
}