{
    "N_max": 304851,
    "M": 304851,
    "picking": "adjacent",
    "mutation_rate": 44.358894567489905,
    "P_death": 0.043654849582759656,
    "D": 640,
    "new_clone_frequency": 0.016285947218248723,
    "depth_sequencing": 100,
    "min_alt_reads": 2,
    "n_sequencing": 10,
    "max_horizontal": 2
}