{
    "N_max": 635455,
    "M": 635455,
    "picking": "adjacent",
    "mutation_rate": 4.416780376872062,
    "P_death": 0.23544053137476736,
    "D": 640,
    "new_clone_frequency": 0.03028106376747265,
    "depth_sequencing": 100,
    "min_alt_reads": 2,
    "n_sequencing": 10,
    "max_horizontal": 2
}