{
    "N_max": 884760,
    "M": 884760,
    "picking": "adjacent",
    "mutation_rate": 35.31220234884051,
    "P_death": 0.21315381956527413,
    "D": 640,
    "new_clone_frequency": 0.002974821507682128,
    "depth_sequencing": 100,
    "min_alt_reads": 2,
    "n_sequencing": 10,
    "max_horizontal": 2
}