{
    "0": {
        "clone_proportion": {
            "4": 1.0
        },
        "mrca": 4,
        "size": 10235
    },
    "1": {
        "clone_proportion": {
            "10": 0.4252076209086468,
            "11": 0.5518319491939424,
            "12": 0.022960429897410845
        },
        "mrca": 1,
        "size": 10235
    },
    "2": {
        "clone_proportion": {
            "0": 0.24885197850512947,
            "1": 0.08851978505129458,
            "2": 0.0014329913694837975,
            "3": 0.5333007653476632,
            "4": 0.12789447972642892
        },
        "mrca": 0,
        "size": 30705
    },
    "3": {
        "clone_proportion": {
            "8": 0.831296735363852,
            "9": 0.04103592923581981,
            "10": 0.1276673354003283
        },
        "mrca": 1,
        "size": 10966
    },
    "4": {
        "clone_proportion": {
            "6": 1.0
        },
        "mrca": 6,
        "size": 15352
    },
    "5": {
        "clone_proportion": {
            "3": 0.11918657669159219,
            "4": 0.8808134233084078
        },
        "mrca": 1,
        "size": 21932
    },
    "6": {
        "clone_proportion": {
            "6": 1.0
        },
        "mrca": 6,
        "size": 10966
    },
    "7": {
        "clone_proportion": {
            "6": 1.0
        },
        "mrca": 6,
        "size": 17058
    },
    "8": {
        "clone_proportion": {
            "6": 0.7901555416601532,
            "7": 0.005158668125683915,
            "8": 0.2046857902141629
        },
        "mrca": 1,
        "size": 51176
    },
    "9": {
        "clone_proportion": {
            "3": 1.0
        },
        "mrca": 3,
        "size": 10235
    }
}