{
    "0": {
        "clone_proportion": {
            "4": 0.6283043715671474,
            "5": 0.031488559834687735,
            "7": 0.34020706859816485
        },
        "mrca": 0,
        "size": 93399
    },
    "1": {
        "clone_proportion": {
            "4": 1.0
        },
        "mrca": 4,
        "size": 43586
    },
    "2": {
        "clone_proportion": {
            "0": 1.0
        },
        "mrca": 0,
        "size": 54483
    },
    "3": {
        "clone_proportion": {
            "4": 1.0
        },
        "mrca": 4,
        "size": 46699
    },
    "4": {
        "clone_proportion": {
            "4": 0.6139812050315697,
            "5": 0.035986980568743575,
            "7": 0.3500318143996867
        },
        "mrca": 0,
        "size": 81724
    },
    "5": {
        "clone_proportion": {
            "2": 0.590748348848094,
            "3": 0.0518227676946279,
            "4": 0.3574288834572781
        },
        "mrca": 0,
        "size": 38458
    },
    "6": {
        "clone_proportion": {
            "4": 1.0
        },
        "mrca": 4,
        "size": 36322
    },
    "7": {
        "clone_proportion": {
            "4": 1.0
        },
        "mrca": 4,
        "size": 38458
    },
    "8": {
        "clone_proportion": {
            "0": 1.0
        },
        "mrca": 0,
        "size": 59436
    },
    "9": {
        "clone_proportion": {
            "7": 1.0
        },
        "mrca": 7,
        "size": 46699
    }
}