{
    "0": {
        "clone_proportion": {
            "2": 1.0
        },
        "mrca": 2,
        "size": 28056
    },
    "1": {
        "clone_proportion": {
            "2": 1.0
        },
        "mrca": 2,
        "size": 93520
    },
    "2": {
        "clone_proportion": {
            "2": 1.0
        },
        "mrca": 2,
        "size": 80160
    },
    "3": {
        "clone_proportion": {
            "2": 1.0
        },
        "mrca": 2,
        "size": 43163
    },
    "4": {
        "clone_proportion": {
            "0": 0.8264340858705028,
            "2": 0.17356591412949723
        },
        "mrca": 0,
        "size": 140281
    },
    "5": {
        "clone_proportion": {
            "0": 0.4070330265681026,
            "2": 0.5929669734318974
        },
        "mrca": 0,
        "size": 140281
    },
    "6": {
        "clone_proportion": {
            "0": 0.01344444365238343,
            "2": 0.9865555563476166
        },
        "mrca": 0,
        "size": 140281
    },
    "7": {
        "clone_proportion": {
            "2": 1.0
        },
        "mrca": 2,
        "size": 43163
    },
    "8": {
        "clone_proportion": {
            "4": 1.0
        },
        "mrca": 4,
        "size": 31173
    },
    "9": {
        "clone_proportion": {
            "2": 1.0
        },
        "mrca": 2,
        "size": 93520
    }
}