{
    "0": {
        "clone_proportion": {
            "3": 0.427300881442071,
            "4": 0.024696259826887952,
            "5": 0.010614362476508113,
            "6": 0.5373884962545329
        },
        "mrca": 0,
        "size": 37779
    },
    "1": {
        "clone_proportion": {
            "0": 1.0
        },
        "mrca": 0,
        "size": 14167
    },
    "2": {
        "clone_proportion": {
            "0": 1.0
        },
        "mrca": 0,
        "size": 16191
    },
    "3": {
        "clone_proportion": {
            "3": 1.0
        },
        "mrca": 3,
        "size": 10303
    },
    "4": {
        "clone_proportion": {
            "3": 1.0
        },
        "mrca": 3,
        "size": 6296
    },
    "5": {
        "clone_proportion": {
            "0": 1.0
        },
        "mrca": 0,
        "size": 8718
    },
    "6": {
        "clone_proportion": {
            "3": 1.0
        },
        "mrca": 3,
        "size": 14167
    },
    "7": {
        "clone_proportion": {
            "2": 0.15454930472224182,
            "3": 0.8454506952777582
        },
        "mrca": 2,
        "size": 28334
    },
    "8": {
        "clone_proportion": {
            "0": 1.0
        },
        "mrca": 0,
        "size": 12593
    },
    "9": {
        "clone_proportion": {
            "3": 1.0
        },
        "mrca": 3,
        "size": 5965
    }
}