{
    "0": {
        "clone_proportion": {
            "4": 1.0
        },
        "mrca": 4,
        "size": 13983
    },
    "1": {
        "clone_proportion": {
            "5": 1.0
        },
        "mrca": 5,
        "size": 33210
    },
    "2": {
        "clone_proportion": {
            "0": 1.0
        },
        "mrca": 0,
        "size": 18977
    },
    "3": {
        "clone_proportion": {
            "5": 1.0
        },
        "mrca": 5,
        "size": 22140
    },
    "4": {
        "clone_proportion": {
            "12": 0.6253763926528154,
            "13": 0.08043510990665462,
            "14": 0.17810900331225535,
            "15": 0.00018819632640770852,
            "18": 0.11589129780186691
        },
        "mrca": 0,
        "size": 26568
    },
    "5": {
        "clone_proportion": {
            "5": 1.0
        },
        "mrca": 5,
        "size": 22140
    },
    "6": {
        "clone_proportion": {
            "0": 1.0
        },
        "mrca": 0,
        "size": 22140
    },
    "7": {
        "clone_proportion": {
            "5": 1.0
        },
        "mrca": 5,
        "size": 14760
    },
    "8": {
        "clone_proportion": {
            "11": 0.040221318879855465,
            "12": 0.8844399277326107,
            "13": 0.04826106594399277,
            "14": 0.027077687443541103
        },
        "mrca": 0,
        "size": 44280
    },
    "9": {
        "clone_proportion": {
            "0": 1.0
        },
        "mrca": 0,
        "size": 13284
    }
}