{
    "N_max": 205389,
    "M": 205389,
    "picking": "adjacent",
    "mutation_rate": 39.48162785079605,
    "P_death": 0.2836355307351934,
    "D": 640,
    "new_clone_frequency": 0.006457484413358583,
    "depth_sequencing": 100,
    "min_alt_reads": 2,
    "n_sequencing": 10,
    "max_horizontal": 2
}