{
    "0": {
        "clone_proportion": {
            "4": 1.0
        },
        "mrca": 4,
        "size": 81724
    },
    "1": {
        "clone_proportion": {
            "3": 1.0
        },
        "mrca": 3,
        "size": 36322
    },
    "2": {
        "clone_proportion": {
            "4": 1.0
        },
        "mrca": 4,
        "size": 163449
    },
    "3": {
        "clone_proportion": {
            "4": 0.21814043765744517,
            "5": 0.0031202250232869734,
            "6": 0.0013582155983719766,
            "8": 0.6535999596206173,
            "10": 0.06597899354388734,
            "11": 0.057802168556391184
        },
        "mrca": 0,
        "size": 217933
    },
    "4": {
        "clone_proportion": {
            "4": 1.0
        },
        "mrca": 4,
        "size": 59436
    },
    "5": {
        "clone_proportion": {
            "4": 1.0
        },
        "mrca": 4,
        "size": 108966
    },
    "6": {
        "clone_proportion": {
            "4": 0.05641388023426375,
            "5": 0.0072805918692919625,
            "6": 0.0031691988136917956,
            "8": 0.9331363290827525
        },
        "mrca": 0,
        "size": 93399
    },
    "7": {
        "clone_proportion": {
            "4": 0.4766991538645082,
            "5": 0.0041603191209490424,
            "6": 0.0018109624408837008,
            "8": 0.5173295645736591
        },
        "mrca": 0,
        "size": 163449
    },
    "8": {
        "clone_proportion": {
            "4": 1.0
        },
        "mrca": 4,
        "size": 54483
    },
    "9": {
        "clone_proportion": {
            "0": 0.20719508091406896,
            "1": 0.24864633362904953,
            "3": 0.5441585854568816
        },
        "mrca": 0,
        "size": 32689
    }
}