{
    "N_max": 249845,
    "M": 249845,
    "picking": "adjacent",
    "mutation_rate": 24.188068577864748,
    "P_death": 0.047289799689692276,
    "D": 640,
    "new_clone_frequency": 0.02001148154660674,
    "depth_sequencing": 100,
    "min_alt_reads": 2,
    "n_sequencing": 10,
    "max_horizontal": 2
}