{
    "0": {
        "clone_proportion": {
            "0": 1.0
        },
        "mrca": 0,
        "size": 58208
    },
    "1": {
        "clone_proportion": {
            "0": 1.0
        },
        "mrca": 0,
        "size": 46566
    },
    "2": {
        "clone_proportion": {
            "0": 1.0
        },
        "mrca": 0,
        "size": 33261
    },
    "3": {
        "clone_proportion": {
            "1": 1.0
        },
        "mrca": 1,
        "size": 77610
    },
    "4": {
        "clone_proportion": {
            "4": 0.5150109521968819,
            "5": 0.00017179916677404115,
            "7": 0.4848172486363441
        },
        "mrca": 0,
        "size": 46566
    },
    "5": {
        "clone_proportion": {
            "1": 1.0
        },
        "mrca": 1,
        "size": 25870
    },
    "6": {
        "clone_proportion": {
            "1": 1.0
        },
        "mrca": 1,
        "size": 51740
    },
    "7": {
        "clone_proportion": {
            "0": 1.0
        },
        "mrca": 0,
        "size": 35820
    },
    "8": {
        "clone_proportion": {
            "1": 0.5851960975903071,
            "2": 0.035566646122393755,
            "3": 0.011830494716113225,
            "4": 0.3674067615711859
        },
        "mrca": 0,
        "size": 66523
    },
    "9": {
        "clone_proportion": {
            "0": 1.0
        },
        "mrca": 0,
        "size": 58208
    }
}