{
    "0": {
        "clone_proportion": {
            "5": 1.0
        },
        "mrca": 5,
        "size": 37036
    },
    "1": {
        "clone_proportion": {
            "5": 1.0
        },
        "mrca": 5,
        "size": 34721
    },
    "2": {
        "clone_proportion": {
            "5": 1.0
        },
        "mrca": 5,
        "size": 30863
    },
    "3": {
        "clone_proportion": {
            "5": 0.16022421669960796,
            "6": 0.17713767294171015,
            "7": 0.6626381103586819
        },
        "mrca": 3,
        "size": 30863
    },
    "4": {
        "clone_proportion": {
            "0": 1.0
        },
        "mrca": 0,
        "size": 29239
    },
    "5": {
        "clone_proportion": {
            "0": 1.0
        },
        "mrca": 0,
        "size": 30863
    },
    "6": {
        "clone_proportion": {
            "2": 0.7548115000792016,
            "3": 0.24518849992079836
        },
        "mrca": 2,
        "size": 50504
    },
    "7": {
        "clone_proportion": {
            "5": 1.0
        },
        "mrca": 5,
        "size": 34721
    },
    "8": {
        "clone_proportion": {
            "5": 1.0
        },
        "mrca": 5,
        "size": 46295
    },
    "9": {
        "clone_proportion": {
            "5": 1.0
        },
        "mrca": 5,
        "size": 138886
    }
}