{
    "0": {
        "clone_proportion": {
            "7": 0.3941791190545952,
            "8": 0.032750594133541686,
            "9": 0.5730702868118631
        },
        "mrca": 3,
        "size": 30717
    },
    "1": {
        "clone_proportion": {
            "0": 1.0
        },
        "mrca": 0,
        "size": 34557
    },
    "2": {
        "clone_proportion": {
            "7": 0.9920274914089348,
            "8": 0.007972508591065292
        },
        "mrca": 3,
        "size": 14550
    },
    "3": {
        "clone_proportion": {
            "0": 1.0
        },
        "mrca": 0,
        "size": 21265
    },
    "4": {
        "clone_proportion": {
            "0": 1.0
        },
        "mrca": 0,
        "size": 21265
    },
    "5": {
        "clone_proportion": {
            "0": 1.0
        },
        "mrca": 0,
        "size": 14550
    },
    "6": {
        "clone_proportion": {
            "1": 0.5971004427467662,
            "2": 0.3154787741991492,
            "3": 0.08742078305408456
        },
        "mrca": 0,
        "size": 34557
    },
    "7": {
        "clone_proportion": {
            "1": 1.0
        },
        "mrca": 1,
        "size": 18430
    },
    "8": {
        "clone_proportion": {
            "3": 0.09420735456893371,
            "4": 0.6354691919813061,
            "5": 0.27032345344976016
        },
        "mrca": 0,
        "size": 16262
    },
    "9": {
        "clone_proportion": {
            "7": 1.0
        },
        "mrca": 7,
        "size": 23038
    }
}