{
    "0": {
        "clone_proportion": {
            "0": 1.0
        },
        "mrca": 0,
        "size": 22160
    },
    "1": {
        "clone_proportion": {
            "2": 0.3462260461478295,
            "3": 0.29104419241298396,
            "4": 0.07778646851779429,
            "5": 0.28494329292139225
        },
        "mrca": 2,
        "size": 25570
    },
    "2": {
        "clone_proportion": {
            "8": 1.0
        },
        "mrca": 8,
        "size": 20775
    },
    "3": {
        "clone_proportion": {
            "0": 1.0
        },
        "mrca": 0,
        "size": 41551
    },
    "4": {
        "clone_proportion": {
            "0": 0.7478249882675716,
            "2": 0.25217501173242846
        },
        "mrca": 0,
        "size": 55402
    },
    "5": {
        "clone_proportion": {
            "0": 0.8917799317701847,
            "2": 0.10822006822981535
        },
        "mrca": 0,
        "size": 36934
    },
    "6": {
        "clone_proportion": {
            "0": 0.40323939255372915,
            "2": 0.5967606074462708
        },
        "mrca": 0,
        "size": 41551
    },
    "7": {
        "clone_proportion": {
            "0": 0.5917235238198381,
            "2": 0.40827647618016194
        },
        "mrca": 0,
        "size": 83103
    },
    "8": {
        "clone_proportion": {
            "0": 0.013958665503444542,
            "2": 0.9860413344965555
        },
        "mrca": 0,
        "size": 33241
    },
    "9": {
        "clone_proportion": {
            "0": 1.0
        },
        "mrca": 0,
        "size": 47487
    }
}