{
    "0": {
        "clone_proportion": {
            "3": 1.0
        },
        "mrca": 3,
        "size": 57684
    },
    "1": {
        "clone_proportion": {
            "0": 0.3870137299771167,
            "1": 0.6129862700228833
        },
        "mrca": 0,
        "size": 83904
    },
    "2": {
        "clone_proportion": {
            "3": 1.0
        },
        "mrca": 3,
        "size": 115369
    },
    "3": {
        "clone_proportion": {
            "3": 1.0
        },
        "mrca": 3,
        "size": 115369
    },
    "4": {
        "clone_proportion": {
            "0": 1.0
        },
        "mrca": 0,
        "size": 184590
    },
    "5": {
        "clone_proportion": {
            "0": 0.9444227747982015,
            "1": 0.05557722520179858
        },
        "mrca": 0,
        "size": 184590
    },
    "6": {
        "clone_proportion": {
            "3": 1.0
        },
        "mrca": 3,
        "size": 70996
    },
    "7": {
        "clone_proportion": {
            "3": 1.0
        },
        "mrca": 3,
        "size": 48576
    },
    "8": {
        "clone_proportion": {
            "0": 0.8642244975350777,
            "1": 0.13577550246492226
        },
        "mrca": 0,
        "size": 131850
    },
    "9": {
        "clone_proportion": {
            "0": 1.0
        },
        "mrca": 0,
        "size": 54291
    }
}