{
    "0": {
        "clone_proportion": {
            "3": 1.0
        },
        "mrca": 3,
        "size": 115791
    },
    "1": {
        "clone_proportion": {
            "5": 0.8891822533682081,
            "6": 0.11081774663179193
        },
        "mrca": 2,
        "size": 40526
    },
    "2": {
        "clone_proportion": {
            "0": 1.0
        },
        "mrca": 0,
        "size": 115791
    },
    "3": {
        "clone_proportion": {
            "3": 0.01411656716473153,
            "4": 0.0033792411697430224,
            "5": 0.8347539964245926,
            "6": 0.14436725282127774,
            "7": 0.0033829424196551174
        },
        "mrca": 0,
        "size": 270179
    },
    "4": {
        "clone_proportion": {
            "0": 1.0
        },
        "mrca": 0,
        "size": 270179
    },
    "5": {
        "clone_proportion": {
            "5": 1.0
        },
        "mrca": 5,
        "size": 101317
    },
    "6": {
        "clone_proportion": {
            "3": 1.0
        },
        "mrca": 3,
        "size": 45029
    },
    "7": {
        "clone_proportion": {
            "3": 1.0
        },
        "mrca": 3,
        "size": 57895
    },
    "8": {
        "clone_proportion": {
            "3": 1.0
        },
        "mrca": 3,
        "size": 90059
    },
    "9": {
        "clone_proportion": {
            "0": 1.0
        },
        "mrca": 0,
        "size": 90059
    }
}