{
    "0": {
        "clone_proportion": {
            "6": 0.012716152593831126,
            "7": 0.0006820081840982092,
            "8": 0.008602103225238703,
            "9": 0.2844634135609627,
            "10": 0.0009460113521362256,
            "11": 0.04551854622255467,
            "12": 0.0016060192722312668,
            "13": 0.015312183746204954,
            "14": 0.007898094777137326,
            "15": 0.058036696440357284,
            "16": 0.03350640207682492,
            "17": 0.08003696044352532,
            "18": 0.36450037400448804,
            "19": 0.00024200290403484842,
            "20": 6.600079200950411e-05,
            "21": 0.02490429885158622,
            "22": 2.2000264003168037e-05,
            "23": 6.600079200950411e-05,
            "24": 0.0002860034320411845,
            "25": 0.000594007128085537,
            "26": 0.005170062040744489,
            "27": 0.000550006600079201,
            "28": 0.000550006600079201,
            "29": 0.009438113257359089,
            "30": 0.0014300171602059225,
            "31": 0.0006380076560918731,
            "32": 0.0002860034320411845,
            "33": 0.00024200290403484842,
            "34": 0.00037400448805385665,
            "35": 2.2000264003168037e-05,
            "36": 0.004290051480617767,
            "37": 2.2000264003168037e-05,
            "38": 0.00037400448805385665,
            "39": 0.00112201346416157,
            "40": 0.0022220266643199716,
            "41": 0.0009020108241298895,
            "42": 2.2000264003168037e-05,
            "43": 0.00112201346416157,
            "44": 0.000594007128085537,
            "45": 0.0036300435605227262,
            "46": 6.600079200950411e-05,
            "47": 0.00019800237602851233,
            "48": 0.0031460377524530295,
            "49": 0.0001100013200158402,
            "50": 0.001166013992167906,
            "51": 2.2000264003168037e-05,
            "52": 0.0009460113521362256,
            "53": 2.2000264003168037e-05,
            "54": 2.2000264003168037e-05,
            "55": 0.0009020108241298895,
            "56": 0.00015400184802217626,
            "57": 0.00024200290403484842,
            "58": 0.000594007128085537,
            "59": 0.00019800237602851233,
            "60": 2.2000264003168037e-05,
            "61": 0.0014300171602059225,
            "62": 0.0007700092401108814,
            "63": 0.00015400184802217626,
            "64": 2.2000264003168037e-05,
            "65": 0.00019800237602851233,
            "66": 0.0001100013200158402,
            "67": 0.010186122233466802,
            "68": 2.2000264003168037e-05,
            "69": 0.00015400184802217626,
            "70": 0.0009900118801425618,
            "71": 6.600079200950411e-05,
            "72": 6.600079200950411e-05,
            "73": 0.00015400184802217626,
            "74": 2.2000264003168037e-05,
            "75": 0.004114049368592423,
            "76": 0.00024200290403484842,
            "77": 2.2000264003168037e-05,
            "78": 2.2000264003168037e-05,
            "79": 0.0004400052800633608
        },
        "mrca": 0,
        "size": 45454
    },
    "1": {
        "clone_proportion": {
            "1": 1.0
        },
        "mrca": 1,
        "size": 55555
    },
    "2": {
        "clone_proportion": {
            "1": 1.0
        },
        "mrca": 1,
        "size": 38461
    },
    "3": {
        "clone_proportion": {
            "0": 1.0
        },
        "mrca": 0,
        "size": 26315
    },
    "4": {
        "clone_proportion": {
            "0": 1.0
        },
        "mrca": 0,
        "size": 38461
    },
    "5": {
        "clone_proportion": {
            "1": 1.0
        },
        "mrca": 1,
        "size": 26315
    },
    "6": {
        "clone_proportion": {
            "1": 1.0
        },
        "mrca": 1,
        "size": 38461
    },
    "7": {
        "clone_proportion": {
            "1": 0.262250098000784,
            "2": 0.008750070000560004,
            "3": 0.0002660021280170241,
            "4": 0.027426219409755277,
            "5": 0.015232121856974855,
            "6": 0.04502436019488156,
            "7": 0.0004340034720277762,
            "8": 0.005474043792350339,
            "9": 0.1810214481715854,
            "10": 0.0006020048160385283,
            "11": 0.02896623172985384,
            "12": 0.0010220081760654086,
            "13": 0.009744077952623621,
            "14": 0.005026040208321666,
            "15": 0.03693229545836367,
            "16": 0.02132217057736462,
            "17": 0.05093240745925967,
            "18": 0.23195385563084506,
            "19": 0.0001540012320098561,
            "20": 4.200033600268802e-05,
            "21": 0.01584812678501428,
            "22": 1.4000112000896008e-05,
            "23": 4.200033600268802e-05,
            "24": 0.0001820014560116481,
            "25": 0.0003780030240241922,
            "26": 0.0032900263202105618,
            "27": 0.0003500028000224002,
            "28": 0.0003500028000224002,
            "29": 0.006006048048384387,
            "30": 0.0009100072800582405,
            "31": 0.0004060032480259842,
            "32": 0.0001820014560116481,
            "33": 0.0001540012320098561,
            "34": 0.0002380019040152321,
            "35": 1.4000112000896008e-05,
            "36": 0.0027300218401747215,
            "37": 1.4000112000896008e-05,
            "38": 0.0002380019040152321,
            "39": 0.0007140057120456964,
            "40": 0.0014140113120904966,
            "41": 0.0005740045920367363,
            "42": 1.4000112000896008e-05,
            "43": 0.0007140057120456964,
            "44": 0.0003780030240241922,
            "45": 0.0023100184801478412,
            "46": 4.200033600268802e-05,
            "47": 0.00012600100800806406,
            "48": 0.002002016016128129,
            "49": 7.000056000448004e-05,
            "50": 0.0007420059360474883,
            "51": 1.4000112000896008e-05,
            "52": 0.0006020048160385283,
            "53": 1.4000112000896008e-05,
            "54": 1.4000112000896008e-05,
            "55": 0.0005740045920367363,
            "56": 9.800078400627205e-05,
            "57": 0.0001540012320098561,
            "58": 0.0003780030240241922,
            "59": 0.00012600100800806406,
            "60": 1.4000112000896008e-05,
            "61": 0.0009100072800582405,
            "62": 0.0004900039200313603,
            "63": 9.800078400627205e-05,
            "64": 1.4000112000896008e-05,
            "65": 0.00012600100800806406,
            "66": 7.000056000448004e-05,
            "67": 0.006482051856414851,
            "68": 1.4000112000896008e-05,
            "69": 9.800078400627205e-05,
            "70": 0.0006300050400403203,
            "71": 4.200033600268802e-05,
            "72": 4.200033600268802e-05,
            "73": 9.800078400627205e-05,
            "74": 1.4000112000896008e-05,
            "75": 0.002618020944167553,
            "76": 0.0001540012320098561,
            "77": 1.4000112000896008e-05,
            "78": 1.4000112000896008e-05,
            "79": 0.0007140057120456964,
            "80": 0.00032200257602060816,
            "81": 0.0002380019040152321,
            "82": 7.000056000448004e-05,
            "83": 4.200033600268802e-05,
            "84": 0.0001820014560116481,
            "85": 0.004018032144257154,
            "86": 4.200033600268802e-05,
            "87": 0.00012600100800806406,
            "88": 0.002142017136137089,
            "89": 0.0003780030240241922,
            "90": 1.4000112000896008e-05,
            "91": 4.200033600268802e-05,
            "92": 0.00032200257602060816,
            "93": 0.0002380019040152321,
            "94": 0.0002660021280170241,
            "95": 7.000056000448004e-05,
            "96": 4.200033600268802e-05,
            "97": 0.0004060032480259842,
            "98": 0.0002100016800134401,
            "99": 0.00046200369602956824,
            "100": 1.4000112000896008e-05,