{
    "0": {
        "clone_proportion": {
            "0": 1.0
        },
        "mrca": 0,
        "size": 54674
    },
    "1": {
        "clone_proportion": {
            "2": 1.0
        },
        "mrca": 2,
        "size": 131219
    },
    "2": {
        "clone_proportion": {
            "2": 1.0
        },
        "mrca": 2,
        "size": 32804
    },
    "3": {
        "clone_proportion": {
            "2": 1.0
        },
        "mrca": 2,
        "size": 43739
    },
    "4": {
        "clone_proportion": {
            "0": 0.015767533665094233,
            "1": 0.44962238700188234,
            "2": 0.5346100793330234
        },
        "mrca": 0,
        "size": 131219
    },
    "5": {
        "clone_proportion": {
            "0": 1.0
        },
        "mrca": 0,
        "size": 32804
    },
    "6": {
        "clone_proportion": {
            "0": 1.0
        },
        "mrca": 0,
        "size": 43739
    },
    "7": {
        "clone_proportion": {
            "0": 0.5752085060722821,
            "1": 0.35969736136175195,
            "2": 0.06509413256596595
        },
        "mrca": 0,
        "size": 164024
    },
    "8": {
        "clone_proportion": {
            "2": 0.8899549607907391,
            "4": 0.0001600377994040497,
            "5": 0.05185224700691211,
            "6": 0.0580327544029447
        },
        "mrca": 0,
        "size": 131219
    },
    "9": {
        "clone_proportion": {
            "0": 1.0
        },
        "mrca": 0,
        "size": 65609
    }
}