{
    "0": {
        "clone_proportion": {
            "0": 1.0
        },
        "mrca": 0,
        "size": 100000
    },
    "1": {
        "clone_proportion": {
            "0": 1.0
        },
        "mrca": 0,
        "size": 41666
    },
    "2": {
        "clone_proportion": {
            "0": 1.0
        },
        "mrca": 0,
        "size": 25000
    },
    "3": {
        "clone_proportion": {
            "0": 1.0
        },
        "mrca": 0,
        "size": 125000
    },
    "4": {
        "clone_proportion": {
            "0": 1.0
        },
        "mrca": 0,
        "size": 166666
    },
    "5": {
        "clone_proportion": {
            "0": 1.0
        },
        "mrca": 0,
        "size": 35714
    },
    "6": {
        "clone_proportion": {
            "0": 1.0
        },
        "mrca": 0,
        "size": 38461
    },
    "7": {
        "clone_proportion": {
            "0": 1.0
        },
        "mrca": 0,
        "size": 45454
    },
    "8": {
        "clone_proportion": {
            "0": 1.0
        },
        "mrca": 0,
        "size": 50000
    },
    "9": {
        "clone_proportion": {
            "0": 0.28664,
            "1": 0.034528,
            "2": 0.000384,
            "3": 0.017712,
            "4": 0.014704,
            "5": 0.00824,
            "6": 0.000592,
            "7": 0.003536,
            "8": 0.019456,
            "9": 0.021264,
            "10": 0.002304,
            "11": 0.252464,
            "12": 0.020816,
            "13": 0.001776,
            "14": 0.006832,
            "15": 0.026112,
            "16": 0.012896,
            "17": 0.000912,
            "18": 0.000368,
            "19": 0.007088,
            "20": 0.000496,
            "21": 0.003344,
            "22": 1.6e-05,
            "23": 0.000112,
            "24": 0.000656,
            "25": 4.8e-05,
            "26": 0.014352,
            "27": 0.008944,
            "28": 0.00024,
            "29": 0.000592,
            "30": 0.003152,
            "31": 0.000112,
            "32": 0.002864,
            "33": 0.001744,
            "34": 0.010352,
            "35": 0.002096,
            "36": 4.8e-05,
            "37": 0.00088,
            "38": 0.00024,
            "39": 0.000528,
            "40": 0.033888,
            "41": 0.002448,
            "42": 0.014928,
            "43": 1.6e-05,
            "44": 0.003632,
            "45": 0.001488,
            "46": 1.6e-05,
            "47": 0.003712,
            "48": 0.000176,
            "49": 0.000752,
            "50": 0.002176,
            "51": 0.000112,
            "52": 0.000752,
            "53": 8e-05,
            "54": 1.6e-05,
            "55": 0.000208,
            "56": 0.001936,
            "57": 0.002352,
            "58": 0.000656,
            "59": 0.000784,
            "60": 0.000816,
            "61": 0.000336,
            "62": 1.6e-05,
            "63": 0.00104,
            "64": 0.000176,
            "65": 0.001584,
            "66": 1.6e-05,
            "67": 0.000848,
            "68": 4.8e-05,
            "69": 0.000368,
            "70": 0.000304,
            "71": 0.000112,
            "72": 0.001392,
            "73": 0.002224,
            "74": 1.6e-05,
            "75": 0.002544,
            "76": 0.000272,
            "77": 0.001456,
            "78": 4.8e-05,
            "79": 0.000176,
            "80": 0.004272,
            "81": 0.000336,
            "82": 0.00104,
            "83": 0.016688,
            "84": 0.001392,
            "85": 0.001008,
            "86": 4.8e-05,
            "87": 4.8e-05,
            "88": 0.000624,
            "89": 0.0004,
            "90": 4.8e-05,
            "91": 0.002512,
            "92": 1.6e-05,
            "93": 0.000176,
            "94": 0.003024,
            "95": 0.00024,
            "96": 0.001008,
            "97": 0.000512,
            "98": 0.000272,
            "99": 0.00024,
            "100": 8e-05,
            "101": 0.002448,
            "102": 0.000944,
            "103": 0.0004,
            "104": 4.8e-05,
            "105": 0.000272,
            "106": 0.00152,
            "107": 0.002384,
            "108": 0.000144,
            "109": 1.6e-05,
            "110": 0.000368,
            "111": 0.001712,
            "112": 4.8e-05,
            "113": 0.001168,
            "114": 0.000688,
            "115": 0.000112,
            "116": 0.00024,
            "117": 0.002416,
            "118": 1.6e-05,
            "119": 0.001712,
            "120": 0.0004,
            "121": 0.000976,
            "122": 0.000528,
            "123": 0.001008,
            "124": 0.000208,
            "125": 0.000144,
            "126": 0.000208,
            "127": 1.6e-05,
            "128": 0.005664,
            "129": 0.000112,
            "130": 0.001008,
            "131": 0.0004,
            "132": 0.000336,
            "133": 0.0012,
            "134": 1.6e-05,
            "135": 0.002672,
            "136": 4.8e-05,
            "137": 0.000848,
            "138": 1.6e-05,
            "139": 4.8e-05,
            "140": 0.000624,
            "141": 0.000368,
            "142": 0.000624,
            "143": 0.000272,
            "144": 0.000336,
            "145": 1.6e-05,
            "146": 1.6e-05,
            "147": 0.0004,
            "148": 0.000112,
            "149": 0.000208,
            "150": 1.6e-05,
            "151": 0.001808,
            "152": 0.001008,
            "153": 0.000144,
            "154": 8e-05,
            "155": 0.000208,
            "156": 0.000976,
            "157": 1.6e-05,
            "158": 0.0012,
            "159": 4.8e-05,
            "160": 0.000144,
            "161": 1.6e-05,
            "162": 4.8e-05,
            "163": 0.000688,
            "164": 0.000112,
            "165": 0.000496,
            "166": 0.000304,
            "167": 1.6e-05,
            "168": 1.6e-05,
            "169": 1.6e-05,
            "170": 1.6e-05,
            "171": 8e-05,
            "172": 0.001408,
            "173": 0.000272,
            "174": 8e-05,
            "175": 0.000592,
            "176": 8e-05,
            "177": 0.000432,
            "178": 0.000144,
            "179": 4.8e-05,
            "180": 0.00024,
            "181": 1.6e-05,
            "182": 0.000336,
            "183": 0.000304,
            "184": 4.8e-05,
            "185": 8e-05,
            "186": 4.8e-05,
            "187": 0.001488,
            "188": 8e-05,
            "189": 0.000176,
            "190": 0.000112,
            "191": 4.8e-05,
            "192": 0.000848,
            "193": 0.000368,
            "194": 0.000112,
            "195": 1.6e-05,
            "196": 0.0004,
            "197": 8e-05,
            "198": 0.000368,
            "199": 1.6e-05,
            "200": 0.0004,
            "201": 8e-05,
            "202": 0.000176,
            "203": 0.0028,
            "204": 0.000112,
            "205": 0.000208,
            "206": 0.002192,
            "207": 1.6e-05,
            "208": 0.000208,
            "209": 0.001232,
            "210": 1.6e-05,
            "211": 4.8e-05,
            "212": 0.000304,
            "213": 0.000144,
            "214": 1.6e-05,
            "215": 1.6e-05,
            "216": 0.000176,
            "217": 1.6e-05,
            "218": 0.000144,
            "219": 4.8e-05,
            "220": 0.000464,
            "221": 1.6e-05,
            "222": 1.6e-05,
            "223": 0.000208,
            "224": 1.6e-05,
            "225": 0.00024,
            "226": 1.6e-05,
            "227": 1.6e-05,
            "228": 4.8e-05,
            "229": 1.6e-05,
            "230": 0.001088,
            "231": 0.000112,
            "232": 0.000304,
            "233": 0.000176,
            "234": 0.00056,
            "235": 0.0004,
            "236": 0.001296,
            "237": 0.00032,
            "238": 0.000784,
            "239": 0.000496,
            "240": 1.6e-05,
            "241": 0.000624,
            "242": 0.000144,
            "243": 0.000592,