{
    "0": {
        "clone_proportion": {
            "3": 0.7841279476385902,
            "4": 0.07393673876037529,
            "6": 0.14193531360103456
        },
        "mrca": 1,
        "size": 75781
    },
    "1": {
        "clone_proportion": {
            "0": 1.0
        },
        "mrca": 0,
        "size": 15954
    },
    "2": {
        "clone_proportion": {
            "1": 0.5116288276162388,
            "3": 0.4883711723837612
        },
        "mrca": 1,
        "size": 101042
    },
    "3": {
        "clone_proportion": {
            "1": 1.0
        },
        "mrca": 1,
        "size": 16840
    },
    "4": {
        "clone_proportion": {
            "0": 1.0
        },
        "mrca": 0,
        "size": 18945
    },
    "5": {
        "clone_proportion": {
            "0": 1.0
        },
        "mrca": 0,
        "size": 37890
    },
    "6": {
        "clone_proportion": {
            "3": 0.833313539192399,
            "4": 0.16668646080760094
        },
        "mrca": 1,
        "size": 16840
    },
    "7": {
        "clone_proportion": {
            "0": 1.0
        },
        "mrca": 0,
        "size": 30312
    },
    "8": {
        "clone_proportion": {
            "3": 1.0
        },
        "mrca": 3,
        "size": 15954
    },
    "9": {
        "clone_proportion": {
            "1": 0.736478350515464,
            "3": 0.2635216494845361
        },
        "mrca": 1,
        "size": 60625
    }
}