{
    "N_max": 653799,
    "M": 653799,
    "picking": "adjacent",
    "mutation_rate": 42.30781674606034,
    "P_death": 0.25574447224413993,
    "D": 640,
    "new_clone_frequency": 0.0372490714603515,
    "depth_sequencing": 100,
    "min_alt_reads": 2,
    "n_sequencing": 10,
    "max_horizontal": 2
}