{
    "0": {
        "clone_proportion": {
            "7": 1.0
        },
        "mrca": 7,
        "size": 92295
    },
    "1": {
        "clone_proportion": {
            "4": 1.0
        },
        "mrca": 4,
        "size": 115369
    },
    "2": {
        "clone_proportion": {
            "7": 0.7020620969419596,
            "8": 0.0259127314333264,
            "9": 0.01674641148325359,
            "10": 0.0009361348034116913,
            "11": 0.042464114832535885,
            "12": 0.0016512377782400666,
            "13": 0.012221759933430413,
            "14": 0.007047014770126898,
            "15": 1.3001872269606823e-05,
            "16": 0.0682078219263574,
            "17": 0.12273767422508841
        },
        "mrca": 0,
        "size": 76912
    },
    "3": {
        "clone_proportion": {
            "6": 0.08517443466785415,
            "7": 0.9148255653321459
        },
        "mrca": 4,
        "size": 307651
    },
    "4": {
        "clone_proportion": {
            "4": 1.0
        },
        "mrca": 4,
        "size": 230738
    },
    "5": {
        "clone_proportion": {
            "7": 1.0
        },
        "mrca": 7,
        "size": 153825
    },
    "6": {
        "clone_proportion": {
            "0": 1.0
        },
        "mrca": 0,
        "size": 61530
    },
    "7": {
        "clone_proportion": {
            "4": 1.0
        },
        "mrca": 4,
        "size": 102550
    },
    "8": {
        "clone_proportion": {
            "4": 1.0
        },
        "mrca": 4,
        "size": 65925
    },
    "9": {
        "clone_proportion": {
            "4": 1.0
        },
        "mrca": 4,
        "size": 57684
    }
}