{
    "0": {
        "clone_proportion": {
            "0": 0.5877505103427354,
            "1": 0.05839079297465034,
            "2": 0.3538586966826142
        },
        "mrca": 0,
        "size": 158227
    },
    "1": {
        "clone_proportion": {
            "2": 1.0
        },
        "mrca": 2,
        "size": 39556
    },
    "2": {
        "clone_proportion": {
            "0": 1.0
        },
        "mrca": 0,
        "size": 158227
    },
    "3": {
        "clone_proportion": {
            "2": 1.0
        },
        "mrca": 2,
        "size": 90415
    },
    "4": {
        "clone_proportion": {
            "0": 1.0
        },
        "mrca": 0,
        "size": 210970
    },
    "5": {
        "clone_proportion": {
            "0": 1.0
        },
        "mrca": 0,
        "size": 63291
    },
    "6": {
        "clone_proportion": {
            "0": 0.7554719902671017,
            "1": 0.10218437206215783,
            "2": 0.14234363767074049
        },
        "mrca": 0,
        "size": 90415
    },
    "7": {
        "clone_proportion": {
            "0": 1.0
        },
        "mrca": 0,
        "size": 31645
    },
    "8": {
        "clone_proportion": {
            "2": 1.0
        },
        "mrca": 2,
        "size": 42194
    },
    "9": {
        "clone_proportion": {
            "0": 1.0
        },
        "mrca": 0,
        "size": 35161
    }
}