{
    "0": {
        "clone_proportion": {
            "0": 1.0
        },
        "mrca": 0,
        "size": 48555
    },
    "1": {
        "clone_proportion": {
            "0": 1.0
        },
        "mrca": 0,
        "size": 64740
    },
    "2": {
        "clone_proportion": {
            "0": 1.0
        },
        "mrca": 0,
        "size": 32370
    },
    "3": {
        "clone_proportion": {
            "0": 1.0
        },
        "mrca": 0,
        "size": 19422
    },
    "4": {
        "clone_proportion": {
            "0": 1.0
        },
        "mrca": 0,
        "size": 20444
    },
    "5": {
        "clone_proportion": {
            "1": 0.6288113601960643,
            "2": 0.0063792979168168385,
            "3": 0.3648093418871189
        },
        "mrca": 0,
        "size": 27746
    },
    "6": {
        "clone_proportion": {
            "0": 1.0
        },
        "mrca": 0,
        "size": 35313
    },
    "7": {
        "clone_proportion": {
            "0": 0.615183812171764,
            "1": 0.384816187828236
        },
        "mrca": 0,
        "size": 64740
    },
    "8": {
        "clone_proportion": {
            "0": 1.0
        },
        "mrca": 0,
        "size": 43160
    },
    "9": {
        "clone_proportion": {
            "0": 1.0
        },
        "mrca": 0,
        "size": 97111
    }
}