{
    "0": {
        "clone_proportion": {
            "2": 1.0
        },
        "mrca": 2,
        "size": 30330
    },
    "1": {
        "clone_proportion": {
            "0": 1.0
        },
        "mrca": 0,
        "size": 32225
    },
    "2": {
        "clone_proportion": {
            "0": 1.0
        },
        "mrca": 0,
        "size": 27137
    },
    "3": {
        "clone_proportion": {
            "0": 1.0
        },
        "mrca": 0,
        "size": 32225
    },
    "4": {
        "clone_proportion": {
            "1": 0.03081810529745581,
            "2": 0.9691818947025442
        },
        "mrca": 0,
        "size": 36829
    },
    "5": {
        "clone_proportion": {
            "2": 1.0
        },
        "mrca": 2,
        "size": 42967
    },
    "6": {
        "clone_proportion": {
            "0": 0.47073745946533024,
            "1": 0.19551287024250982,
            "2": 0.33374967029215996
        },
        "mrca": 0,
        "size": 128902
    },
    "7": {
        "clone_proportion": {
            "0": 1.0
        },
        "mrca": 0,
        "size": 85935
    },
    "8": {
        "clone_proportion": {
            "0": 1.0
        },
        "mrca": 0,
        "size": 27137
    },
    "9": {
        "clone_proportion": {
            "0": 1.0
        },
        "mrca": 0,
        "size": 46873
    }
}