{
    "0": {
        "clone_proportion": {
            "0": 1.0
        },
        "mrca": 0,
        "size": 39290
    },
    "1": {
        "clone_proportion": {
            "0": 1.0
        },
        "mrca": 0,
        "size": 78581
    },
    "2": {
        "clone_proportion": {
            "0": 1.0
        },
        "mrca": 0,
        "size": 209551
    },
    "3": {
        "clone_proportion": {
            "2": 1.0
        },
        "mrca": 2,
        "size": 31432
    },
    "4": {
        "clone_proportion": {
            "0": 1.0
        },
        "mrca": 0,
        "size": 36979
    },
    "5": {
        "clone_proportion": {
            "0": 1.0
        },
        "mrca": 0,
        "size": 44903
    },
    "6": {
        "clone_proportion": {
            "0": 1.0
        },
        "mrca": 0,
        "size": 52387
    },
    "7": {
        "clone_proportion": {
            "0": 1.0
        },
        "mrca": 0,
        "size": 31432
    },
    "8": {
        "clone_proportion": {
            "0": 0.6624990058060924,
            "2": 0.33750099419390756
        },
        "mrca": 0,
        "size": 62865
    },
    "9": {
        "clone_proportion": {
            "0": 0.3571486519375862,
            "2": 0.6428513480624138
        },
        "mrca": 0,
        "size": 36979
    }
}