{
    "0": {
        "clone_proportion": {
            "2": 0.9758022485295212,
            "3": 0.024197751470478743
        },
        "mrca": 2,
        "size": 26862
    },
    "1": {
        "clone_proportion": {
            "1": 1.0
        },
        "mrca": 1,
        "size": 31746
    },
    "2": {
        "clone_proportion": {
            "1": 1.0
        },
        "mrca": 1,
        "size": 21825
    },
    "3": {
        "clone_proportion": {
            "1": 1.0
        },
        "mrca": 1,
        "size": 43651
    },
    "4": {
        "clone_proportion": {
            "0": 0.8117590460808907,
            "1": 0.1882409539191093
        },
        "mrca": 0,
        "size": 116404
    },
    "5": {
        "clone_proportion": {
            "0": 1.0
        },
        "mrca": 0,
        "size": 18379
    },
    "6": {
        "clone_proportion": {
            "1": 1.0
        },
        "mrca": 1,
        "size": 43651
    },
    "7": {
        "clone_proportion": {
            "0": 1.0
        },
        "mrca": 0,
        "size": 29101
    },
    "8": {
        "clone_proportion": {
            "1": 1.0
        },
        "mrca": 1,
        "size": 26862
    },
    "9": {
        "clone_proportion": {
            "0": 0.05129321206845204,
            "1": 0.948706787931548
        },
        "mrca": 0,
        "size": 43651
    }
}