{
    "0": {
        "clone_proportion": {
            "1": 1.0
        },
        "mrca": 1,
        "size": 51210
    },
    "1": {
        "clone_proportion": {
            "1": 1.0
        },
        "mrca": 1,
        "size": 59088
    },
    "2": {
        "clone_proportion": {
            "3": 0.8895146445039823,
            "4": 0.11048535549601764
        },
        "mrca": 0,
        "size": 54867
    },
    "3": {
        "clone_proportion": {
            "3": 1.0
        },
        "mrca": 3,
        "size": 48009
    },
    "4": {
        "clone_proportion": {
            "1": 0.4605428627221246,
            "2": 0.5394571372778754
        },
        "mrca": 0,
        "size": 128025
    },
    "5": {
        "clone_proportion": {
            "16": 1.0
        },
        "mrca": 16,
        "size": 40428
    },
    "6": {
        "clone_proportion": {
            "0": 1.0
        },
        "mrca": 0,
        "size": 59088
    },
    "7": {
        "clone_proportion": {
            "7": 1.0
        },
        "mrca": 7,
        "size": 51210
    },
    "8": {
        "clone_proportion": {
            "7": 1.0
        },
        "mrca": 7,
        "size": 85350
    },
    "9": {
        "clone_proportion": {
            "16": 1.0
        },
        "mrca": 16,
        "size": 38407
    }
}