{
    "0": {
        "clone_proportion": {
            "0": 0.35426831997851294,
            "1": 0.6457316800214871
        },
        "mrca": 0,
        "size": 156373
    },
    "1": {
        "clone_proportion": {
            "0": 1.0
        },
        "mrca": 0,
        "size": 23456
    },
    "2": {
        "clone_proportion": {
            "1": 1.0
        },
        "mrca": 1,
        "size": 46912
    },
    "3": {
        "clone_proportion": {
            "0": 1.0
        },
        "mrca": 0,
        "size": 93824
    },
    "4": {
        "clone_proportion": {
            "1": 1.0
        },
        "mrca": 1,
        "size": 42647
    },
    "5": {
        "clone_proportion": {
            "0": 1.0
        },
        "mrca": 0,
        "size": 67017
    },
    "6": {
        "clone_proportion": {
            "0": 0.17384038199181445,
            "1": 0.8261596180081855
        },
        "mrca": 0,
        "size": 58640
    },
    "7": {
        "clone_proportion": {
            "0": 1.0
        },
        "mrca": 0,
        "size": 29320
    },
    "8": {
        "clone_proportion": {
            "0": 1.0
        },
        "mrca": 0,
        "size": 46912
    },
    "9": {
        "clone_proportion": {
            "0": 1.0
        },
        "mrca": 0,
        "size": 117280
    }
}