{
    "0": {
        "clone_proportion": {
            "5": 1.0
        },
        "mrca": 5,
        "size": 38074
    },
    "1": {
        "clone_proportion": {
            "6": 1.0
        },
        "mrca": 6,
        "size": 26652
    },
    "2": {
        "clone_proportion": {
            "0": 0.9792135674621042,
            "1": 0.020786432537895843
        },
        "mrca": 0,
        "size": 66630
    },
    "3": {
        "clone_proportion": {
            "4": 0.32434531548111506,
            "5": 0.675654684518885
        },
        "mrca": 1,
        "size": 59227
    },
    "4": {
        "clone_proportion": {
            "0": 0.13178748311571364,
            "1": 0.8682125168842864
        },
        "mrca": 0,
        "size": 88840
    },
    "5": {
        "clone_proportion": {
            "6": 1.0
        },
        "mrca": 6,
        "size": 133261
    },
    "6": {
        "clone_proportion": {
            "0": 0.7108809845414978,
            "1": 0.28911901545850216
        },
        "mrca": 0,
        "size": 33315
    },
    "7": {
        "clone_proportion": {
            "1": 1.0
        },
        "mrca": 1,
        "size": 44420
    },
    "8": {
        "clone_proportion": {
            "5": 1.0
        },
        "mrca": 5,
        "size": 44420
    },
    "9": {
        "clone_proportion": {
            "0": 1.0
        },
        "mrca": 0,
        "size": 26652
    }
}