{
    "0": {
        "clone_proportion": {
            "0": 1.0
        },
        "mrca": 0,
        "size": 100522
    },
    "1": {
        "clone_proportion": {
            "0": 1.0
        },
        "mrca": 0,
        "size": 78184
    },
    "2": {
        "clone_proportion": {
            "3": 0.37279579794672396,
            "4": 0.4076537398956308,
            "5": 0.2195504621576452
        },
        "mrca": 2,
        "size": 87957
    },
    "3": {
        "clone_proportion": {
            "2": 1.0
        },
        "mrca": 2,
        "size": 46910
    },
    "4": {
        "clone_proportion": {
            "3": 0.32239048626033173,
            "4": 0.2038268699478154,
            "5": 0.39558534283797764,
            "6": 0.0023079459281239697,
            "7": 0.07588935502575123
        },
        "mrca": 2,
        "size": 175914
    },
    "5": {
        "clone_proportion": {
            "3": 1.0
        },
        "mrca": 3,
        "size": 35182
    },
    "6": {
        "clone_proportion": {
            "2": 1.0
        },
        "mrca": 2,
        "size": 35182
    },
    "7": {
        "clone_proportion": {
            "2": 1.0
        },
        "mrca": 2,
        "size": 46910
    },
    "8": {
        "clone_proportion": {
            "2": 0.5181708107370647,
            "3": 0.4818291892629353
        },
        "mrca": 2,
        "size": 234552
    },
    "9": {
        "clone_proportion": {
            "2": 1.0
        },
        "mrca": 2,
        "size": 37034
    }
}