{
    "0": {
        "clone_proportion": {
            "34": 0.2763627636276363,
            "35": 0.01899018990189902,
            "36": 0.003930039300393004,
            "37": 0.017760177601776016,
            "38": 0.030030300303003032,
            "39": 0.006810068100681007,
            "40": 0.0035700357003570038,
            "41": 0.0005700057000570006,
            "42": 0.001950019500195002,
            "43": 0.010890108901089011,
            "44": 9.000090000900009e-05,
            "45": 3.000030000300003e-05,
            "46": 0.056490564905649056,
            "47": 0.030570305703057032,
            "48": 0.0003900039000390004,
            "49": 0.00027000270002700027,
            "50": 3.000030000300003e-05,
            "51": 0.15384153841538414,
            "52": 0.02043020430204302,
            "53": 0.0005100051000510005,
            "54": 0.0074100741007410076,
            "55": 0.023850238502385025,
            "56": 0.0006300063000630006,
            "57": 0.00033000330003300033,
            "58": 0.0028800288002880027,
            "59": 0.0016500165001650017,
            "60": 3.000030000300003e-05,
            "61": 0.0012900129001290014,
            "62": 0.008730087300873008,
            "63": 0.00015000150001500014,
            "64": 0.011520115201152011,
            "65": 3.000030000300003e-05,
            "66": 3.000030000300003e-05,
            "67": 0.003990039900399004,
            "68": 0.013080130801308014,
            "69": 0.003390033900339003,
            "70": 0.007560075600756008,
            "71": 3.000030000300003e-05,
            "72": 0.023070230702307022,
            "73": 0.0012300123001230013,
            "74": 0.01107011070110701,
            "75": 3.000030000300003e-05,
            "76": 3.000030000300003e-05,
            "77": 0.0022500225002250024,
            "78": 0.002010020100201002,
            "79": 0.015510155101551015,
            "80": 0.0021000210002100022,
            "81": 0.0017700177001770017,
            "82": 0.0007500075000750007,
            "83": 0.00015000150001500014,
            "84": 3.000030000300003e-05,
            "85": 0.0023700237002370022,
            "86": 0.007500075000750008,
            "87": 0.00015000150001500014,
            "88": 0.0005700057000570006,
            "89": 9.000090000900009e-05,
            "90": 0.011820118201182011,
            "91": 0.02244022440224402,
            "92": 0.00957009570095701,
            "93": 0.007710077100771008,
            "94": 0.03897038970389704,
            "95": 0.028290282902829027,
            "96": 0.006630066300663006,
            "97": 0.0002100021000210002,
            "98": 0.0009300093000930009,
            "99": 3.000030000300003e-05,
            "100": 0.0025800258002580028,
            "101": 3.000030000300003e-05,
            "102": 0.009030090300903008,
            "103": 0.006030060300603006,
            "104": 3.000030000300003e-05,
            "105": 3.000030000300003e-05,
            "106": 0.0017100171001710018,
            "107": 0.004110041100411004,
            "108": 0.002010020100201002,
            "109": 0.002970029700297003,
            "110": 3.000030000300003e-05,
            "111": 0.0017700177001770017,
            "112": 0.006660066600666007,
            "113": 0.0009300093000930009,
            "114": 0.00033000330003300033,
            "115": 0.0005100051000510005,
            "116": 0.002790027900279003,
            "117": 9.000090000900009e-05,
            "118": 3.000030000300003e-05,
            "119": 0.0011700117001170011,
            "120": 0.01092010920109201,
            "121": 0.00015000150001500014,
            "122": 0.00048000480004800047,
            "123": 0.0006300063000630006,
            "124": 0.0008100081000810009,
            "125": 0.0013500135001350013,
            "126": 0.0013500135001350013,
            "127": 3.000030000300003e-05,
            "128": 0.005790057900579006,
            "129": 0.0034200342003420036,
            "130": 0.003990039900399004,
            "131": 0.00027000270002700027,
            "132": 0.00015000150001500014,
            "133": 0.00033000330003300033,
            "134": 0.00027000270002700027,
            "135": 3.000030000300003e-05,
            "136": 0.0002100021000210002,
            "137": 0.002190021900219002,
            "138": 0.0033000330003300033,
            "139": 0.0005700057000570006,
            "140": 3.000030000300003e-05,
            "141": 0.00027000270002700027,
            "142": 0.00027000270002700027,
            "143": 0.0015300153001530014,
            "144": 0.0014400144001440014
        },
        "mrca": 0,
        "size": 33333
    },
    "1": {
        "clone_proportion": {
            "2": 1.0
        },
        "mrca": 2,
        "size": 100000
    },
    "2": {
        "clone_proportion": {
            "6": 0.1516806067224269,
            "7": 0.12334849339397358,
            "8": 0.12446449785799144,
            "9": 0.001728006912027648,
            "10": 0.017280069120276482,
            "11": 0.001368005472021888,
            "12": 1.2000048000192e-05,
            "13": 0.002196008784035136,
            "14": 0.16328465313861257,
            "15": 0.000756003024012096,
            "16": 0.17199668798675194,
            "17": 3.6000144000576004e-05,
            "18": 0.1663566654266617,
            "19": 0.000108000432001728,
            "20": 0.07538430153720616
        },
        "mrca": 0,
        "size": 83333
    },
    "3": {
        "clone_proportion": {
            "2": 1.0
        },
        "mrca": 2,
        "size": 31250
    },
    "4": {
        "clone_proportion": {
            "0": 1.0
        },
        "mrca": 0,
        "size": 29411
    },
    "5": {
        "clone_proportion": {
            "16": 0.03820815283261133,
            "17": 3.6000144000576004e-05,
            "18": 0.1663566654266617,
            "19": 0.000108000432001728,
            "20": 0.3482893931575726,
            "21": 0.00015600062400249602,
            "22": 0.0051240204960819845,
            "23": 0.0009240036960147841,
            "24": 0.015780063120252482,
            "25": 1.2000048000192e-05,
            "26": 0.0011880047520190081,
            "27": 1.2000048000192e-05,
            "28": 0.005136020544082177,
            "29": 0.00042000168000672,
            "30": 3.6000144000576004e-05,
            "31": 9.6000384001536e-05,
            "32": 0.008664034656138625,
            "33": 0.006888027552110209,
            "34": 0.1224004896019584,
            "35": 0.007596030384121537,
            "36": 0.001572006288025152,
            "37": 0.0071040284161136644,
            "38": 0.012012048048192192,
            "39": 0.002724010896043584,
            "40": 0.001428005712022848,
            "41": 0.00022800091200364802,
            "42": 0.00078000312001248,
            "43": 0.004356017424069696,
            "44": 3.6000144000576004e-05,
            "45": 1.2000048000192e-05,
            "46": 0.02259609038436154,
            "47": 0.012228048912195649,
            "48": 0.00015600062400249602,
            "49": 0.000108000432001728,
            "50": 1.2000048000192e-05,
            "51": 0.06153624614498458,
            "52": 0.008172032688130753,
            "53": 0.000204000816003264,
            "54": 0.0029640118560474243,
            "55": 0.00954003816015264,
            "56": 0.000252001008004032,
            "57": 0.000132000528002112,
            "58": 0.0011520046080184321,
            "59": 0.0006600026400105601,
            "60": 1.2000048000192e-05,
            "61": 0.000516002064008256,
            "62": 0.0034920139680558724,
            "63": 6.0000240000960005e-05,
            "64": 0.0046080184320737285,
            "65": 1.2000048000192e-05,
            "66": 1.2000048000192e-05,
            "67": 0.001596006384025536,
            "68": 0.005232020928083713,
            "69": 0.001356005424021696,
            "70": 0.003024012096048384,
            "71": 1.2000048000192e-05,