{
    "0": {
        "clone_proportion": {
            "0": 1.0
        },
        "mrca": 0,
        "size": 11809
    },
    "1": {
        "clone_proportion": {
            "0": 1.0
        },
        "mrca": 0,
        "size": 8529
    },
    "2": {
        "clone_proportion": {
            "1": 0.6913105784262636,
            "2": 0.007100052110474205,
            "3": 0.3015893694632621
        },
        "mrca": 0,
        "size": 15352
    },
    "3": {
        "clone_proportion": {
            "3": 0.5685252735799896,
            "4": 0.3871808233454924,
            "5": 0.04429390307451798
        },
        "mrca": 1,
        "size": 9595
    },
    "4": {
        "clone_proportion": {
            "0": 1.0
        },
        "mrca": 0,
        "size": 7676
    },
    "5": {
        "clone_proportion": {
            "1": 1.0
        },
        "mrca": 1,
        "size": 11809
    },
    "6": {
        "clone_proportion": {
            "1": 0.5988965894583257,
            "2": 0.004969906985227065,
            "3": 0.3961335035564472
        },
        "mrca": 0,
        "size": 21932
    },
    "7": {
        "clone_proportion": {
            "0": 1.0
        },
        "mrca": 0,
        "size": 10235
    },
    "8": {
        "clone_proportion": {
            "0": 1.0
        },
        "mrca": 0,
        "size": 17058
    },
    "9": {
        "clone_proportion": {
            "0": 1.0
        },
        "mrca": 0,
        "size": 11809
    }
}