{
    "0": {
        "clone_proportion": {
            "0": 1.0
        },
        "mrca": 0,
        "size": 81669
    },
    "1": {
        "clone_proportion": {
            "3": 1.0
        },
        "mrca": 3,
        "size": 73502
    },
    "2": {
        "clone_proportion": {
            "5": 1.0
        },
        "mrca": 5,
        "size": 40834
    },
    "3": {
        "clone_proportion": {
            "0": 0.9222784110930163,
            "1": 0.07772158890698361
        },
        "mrca": 0,
        "size": 105003
    },
    "4": {
        "clone_proportion": {
            "3": 1.0
        },
        "mrca": 3,
        "size": 147004
    },
    "5": {
        "clone_proportion": {
            "3": 0.6634953287048941,
            "5": 0.33650467129510586
        },
        "mrca": 3,
        "size": 81669
    },
    "6": {
        "clone_proportion": {
            "3": 0.4096147043617861,
            "5": 0.590385295638214
        },
        "mrca": 3,
        "size": 147004
    },
    "7": {
        "clone_proportion": {
            "3": 1.0
        },
        "mrca": 3,
        "size": 56540
    },
    "8": {
        "clone_proportion": {
            "3": 1.0
        },
        "mrca": 3,
        "size": 147004
    },
    "9": {
        "clone_proportion": {
            "3": 1.0
        },
        "mrca": 3,
        "size": 43236
    }
}