{
    "0": {
        "clone_proportion": {
            "1": 0.9152982853492457,
            "2": 0.08470171465075424
        },
        "mrca": 0,
        "size": 68877
    },
    "1": {
        "clone_proportion": {
            "0": 0.6575500809134678,
            "1": 0.34244991908653216
        },
        "mrca": 0,
        "size": 99489
    },
    "2": {
        "clone_proportion": {
            "2": 1.0
        },
        "mrca": 2,
        "size": 68877
    },
    "3": {
        "clone_proportion": {
            "2": 0.08872613236215486,
            "3": 0.1900063323159189,
            "4": 0.18349979394845026,
            "5": 0.5230090897212106,
            "6": 0.014758651652265394
        },
        "mrca": 0,
        "size": 298469
    },
    "4": {
        "clone_proportion": {
            "2": 1.0
        },
        "mrca": 2,
        "size": 52671
    },
    "5": {
        "clone_proportion": {
            "2": 0.16783987616804424,
            "3": 0.1900063323159189,
            "4": 0.18349979394845026,
            "5": 0.45865399756758657
        },
        "mrca": 0,
        "size": 298469
    },
    "6": {
        "clone_proportion": {
            "2": 0.5617444717444717,
            "3": 0.43825552825552827
        },
        "mrca": 2,
        "size": 81400
    },
    "7": {
        "clone_proportion": {
            "1": 1.0
        },
        "mrca": 1,
        "size": 55962
    },
    "8": {
        "clone_proportion": {
            "1": 0.052235638884793906,
            "2": 0.9477643611152061
        },
        "mrca": 0,
        "size": 223851
    },
    "9": {
        "clone_proportion": {
            "3": 0.04563287979656179,
            "4": 0.18349979394845026,
            "5": 0.5230090897212106,
            "6": 0.13722028083318535,
            "7": 0.03794363903789003,
            "8": 0.02531921238051523,
            "9": 0.0005327186407968667,
            "10": 0.0401281205083275,
            "12": 0.006714265133062395
        },
        "mrca": 0,
        "size": 298469
    }
}