{
    "0": {
        "clone_proportion": {
            "0": 1.0
        },
        "mrca": 0,
        "size": 8898
    },
    "1": {
        "clone_proportion": {
            "1": 1.0
        },
        "mrca": 1,
        "size": 12712
    },
    "2": {
        "clone_proportion": {
            "1": 1.0
        },
        "mrca": 1,
        "size": 14831
    },
    "3": {
        "clone_proportion": {
            "4": 0.32587735562822373,
            "5": 0.5140073492229377,
            "6": 0.00016856015912079022,
            "7": 0.09896166941981593,
            "8": 0.043943633482790005,
            "9": 0.01704143208711189
        },
        "mrca": 0,
        "size": 59326
    },
    "4": {
        "clone_proportion": {
            "1": 0.1453053885486318,
            "2": 0.8546946114513682
        },
        "mrca": 0,
        "size": 17797
    },
    "5": {
        "clone_proportion": {
            "1": 0.7759797724399494,
            "2": 0.22402022756005058
        },
        "mrca": 0,
        "size": 19775
    },
    "6": {
        "clone_proportion": {
            "2": 0.0343756145526057,
            "3": 0.27472959685349063,
            "4": 0.6908947885939036
        },
        "mrca": 0,
        "size": 25425
    },
    "7": {
        "clone_proportion": {
            "4": 1.0
        },
        "mrca": 4,
        "size": 9367
    },
    "8": {
        "clone_proportion": {
            "0": 0.5408612784320777,
            "1": 0.45913872156792235
        },
        "mrca": 0,
        "size": 11123
    },
    "9": {
        "clone_proportion": {
            "0": 1.0
        },
        "mrca": 0,
        "size": 12712
    }
}