{
    "0": {
        "clone_proportion": {
            "3": 1.0
        },
        "mrca": 3,
        "size": 14285
    },
    "1": {
        "clone_proportion": {
            "0": 1.0
        },
        "mrca": 0,
        "size": 5263
    },
    "2": {
        "clone_proportion": {
            "3": 1.0
        },
        "mrca": 3,
        "size": 20000
    },
    "3": {
        "clone_proportion": {
            "0": 1.0
        },
        "mrca": 0,
        "size": 5000
    },
    "4": {
        "clone_proportion": {
            "0": 0.8886988869888699,
            "1": 0.08667086670866708,
            "2": 0.012660126601266013,
            "3": 0.011970119701197011
        },
        "mrca": 0,
        "size": 33333
    },
    "5": {
        "clone_proportion": {
            "0": 1.0
        },
        "mrca": 0,
        "size": 7142
    },
    "6": {
        "clone_proportion": {
            "3": 1.0
        },
        "mrca": 3,
        "size": 6250
    },
    "7": {
        "clone_proportion": {
            "0": 0.4074640746407464,
            "1": 0.08667086670866708,
            "2": 0.012660126601266013,
            "3": 0.4932049320493205
        },
        "mrca": 0,
        "size": 33333
    },
    "8": {
        "clone_proportion": {
            "0": 1.0
        },
        "mrca": 0,
        "size": 14285
    },
    "9": {
        "clone_proportion": {
            "3": 0.3565,
            "4": 0.00545,
            "5": 5e-05,
            "6": 0.638
        },
        "mrca": 0,
        "size": 20000
    }
}