{
    "0": {
        "clone_proportion": {
            "0": 1.0
        },
        "mrca": 0,
        "size": 59123
    },
    "1": {
        "clone_proportion": {
            "0": 1.0
        },
        "mrca": 0,
        "size": 103466
    },
    "2": {
        "clone_proportion": {
            "0": 0.6608881913964387,
            "2": 0.14399312816907023,
            "3": 0.19511868043449107
        },
        "mrca": 0,
        "size": 275909
    },
    "3": {
        "clone_proportion": {
            "0": 1.0
        },
        "mrca": 0,
        "size": 45984
    },
    "4": {
        "clone_proportion": {
            "0": 1.0
        },
        "mrca": 0,
        "size": 48689
    },
    "5": {
        "clone_proportion": {
            "0": 1.0
        },
        "mrca": 0,
        "size": 275909
    },
    "6": {
        "clone_proportion": {
            "0": 1.0
        },
        "mrca": 0,
        "size": 75248
    },
    "7": {
        "clone_proportion": {
            "0": 1.0
        },
        "mrca": 0,
        "size": 275909
    },
    "8": {
        "clone_proportion": {
            "0": 1.0
        },
        "mrca": 0,
        "size": 68977
    },
    "9": {
        "clone_proportion": {
            "2": 0.8943164080433386,
            "3": 0.10568359195666147
        },
        "mrca": 2,
        "size": 43564
    }
}