{
    "0": {
        "clone_proportion": {
            "4": 1.0
        },
        "mrca": 4,
        "size": 44903
    },
    "1": {
        "clone_proportion": {
            "4": 1.0
        },
        "mrca": 4,
        "size": 89807
    },
    "2": {
        "clone_proportion": {
            "0": 1.0
        },
        "mrca": 0,
        "size": 157163
    },
    "3": {
        "clone_proportion": {
            "0": 1.0
        },
        "mrca": 0,
        "size": 39290
    },
    "4": {
        "clone_proportion": {
            "0": 0.37794299876084264,
            "1": 0.6220570012391574
        },
        "mrca": 0,
        "size": 33087
    },
    "5": {
        "clone_proportion": {
            "0": 1.0
        },
        "mrca": 0,
        "size": 44903
    },
    "6": {
        "clone_proportion": {
            "0": 1.0
        },
        "mrca": 0,
        "size": 209551
    },
    "7": {
        "clone_proportion": {
            "2": 0.013815318539727988,
            "3": 0.986184681460272
        },
        "mrca": 2,
        "size": 69850
    },
    "8": {
        "clone_proportion": {
            "0": 1.0
        },
        "mrca": 0,
        "size": 69850
    },
    "9": {
        "clone_proportion": {
            "0": 1.0
        },
        "mrca": 0,
        "size": 78581
    }
}