{
    "N_max": 255501,
    "M": 255501,
    "picking": "adjacent",
    "mutation_rate": 4.551964377993841,
    "P_death": 0.28245117561124444,
    "D": 640,
    "new_clone_frequency": 0.028052631110311144,
    "depth_sequencing": 100,
    "min_alt_reads": 2,
    "n_sequencing": 10,
    "max_horizontal": 2
}