{
    "0": {
        "clone_proportion": {
            "0": 1.0
        },
        "mrca": 0,
        "size": 48005
    },
    "1": {
        "clone_proportion": {
            "0": 1.0
        },
        "mrca": 0,
        "size": 66007
    },
    "2": {
        "clone_proportion": {
            "3": 1.0
        },
        "mrca": 3,
        "size": 31062
    },
    "3": {
        "clone_proportion": {
            "0": 1.0
        },
        "mrca": 0,
        "size": 31062
    },
    "4": {
        "clone_proportion": {
            "3": 0.9090134363548561,
            "4": 0.09098656364514388
        },
        "mrca": 2,
        "size": 35203
    },
    "5": {
        "clone_proportion": {
            "3": 0.10545851197600255,
            "4": 0.23953520081203508,
            "5": 0.004363173602799703,
            "6": 0.560728407593134,
            "7": 0.01463481145939067,
            "8": 0.07105307012892571,
            "9": 0.0042268244277122126
        },
        "mrca": 2,
        "size": 66007
    },
    "6": {
        "clone_proportion": {
            "6": 0.4284578018918842,
            "7": 0.02744084310996222,
            "8": 0.1332272817657586,
            "9": 0.1073203988296452,
            "10": 8.522000965826776e-05,
            "11": 0.030963270175837287,
            "12": 0.0005397267278356958,
            "13": 0.2461153878930773,
            "14": 0.004772320540862995,
            "15": 0.021077749055478226
        },
        "mrca": 2,
        "size": 35203
    },
    "7": {
        "clone_proportion": {
            "3": 1.0
        },
        "mrca": 3,
        "size": 66007
    },
    "8": {
        "clone_proportion": {
            "3": 0.10612829248246881,
            "4": 0.2095921099725599,
            "5": 0.003817755212959158,
            "6": 0.4906345692432096,
            "7": 0.01280538727680051,
            "8": 0.062171083155480734,
            "9": 0.050081524981110064,
            "10": 3.976828346832456e-05,
            "11": 0.014449142993491258,
            "12": 0.0002518657952993889,
            "13": 0.0500285006031523
        },
        "mrca": 2,
        "size": 75437
    },
    "9": {
        "clone_proportion": {
            "2": 1.0
        },
        "mrca": 2,
        "size": 33003
    }
}