{
    "0": {
        "clone_proportion": {
            "2": 1.0
        },
        "mrca": 2,
        "size": 46912
    },
    "1": {
        "clone_proportion": {
            "0": 1.0
        },
        "mrca": 0,
        "size": 26062
    },
    "2": {
        "clone_proportion": {
            "3": 1.0
        },
        "mrca": 3,
        "size": 27595
    },
    "3": {
        "clone_proportion": {
            "2": 0.002285129604365621,
            "3": 0.9977148703956343
        },
        "mrca": 2,
        "size": 29320
    },
    "4": {
        "clone_proportion": {
            "2": 0.5061604706684857,
            "3": 0.4938395293315143
        },
        "mrca": 2,
        "size": 93824
    },
    "5": {
        "clone_proportion": {
            "0": 1.0
        },
        "mrca": 0,
        "size": 117280
    },
    "6": {
        "clone_proportion": {
            "0": 1.0
        },
        "mrca": 0,
        "size": 156373
    },
    "7": {
        "clone_proportion": {
            "2": 1.0
        },
        "mrca": 2,
        "size": 23456
    },
    "8": {
        "clone_proportion": {
            "3": 1.0
        },
        "mrca": 3,
        "size": 39093
    },
    "9": {
        "clone_proportion": {
            "3": 1.0
        },
        "mrca": 3,
        "size": 23456
    }
}