{
    "0": {
        "clone_proportion": {
            "2": 1.0
        },
        "mrca": 2,
        "size": 19550
    },
    "1": {
        "clone_proportion": {
            "2": 1.0
        },
        "mrca": 2,
        "size": 15206
    },
    "2": {
        "clone_proportion": {
            "0": 1.0
        },
        "mrca": 0,
        "size": 24882
    },
    "3": {
        "clone_proportion": {
            "2": 0.8881289549446856,
            "3": 0.11187104505531442
        },
        "mrca": 2,
        "size": 68427
    },
    "4": {
        "clone_proportion": {
            "2": 0.3210574773115875,
            "3": 0.314612652900171,
            "4": 0.03171993511333246,
            "5": 0.332609934674909
        },
        "mrca": 2,
        "size": 91236
    },
    "5": {
        "clone_proportion": {
            "2": 1.0
        },
        "mrca": 2,
        "size": 22809
    },
    "6": {
        "clone_proportion": {
            "2": 1.0
        },
        "mrca": 2,
        "size": 21054
    },
    "7": {
        "clone_proportion": {
            "2": 1.0
        },
        "mrca": 2,
        "size": 34213
    },
    "8": {
        "clone_proportion": {
            "0": 1.0
        },
        "mrca": 0,
        "size": 54741
    },
    "9": {
        "clone_proportion": {
            "2": 1.0
        },
        "mrca": 2,
        "size": 45618
    }
}