{
    "N_max": 810537,
    "M": 810537,
    "picking": "adjacent",
    "mutation_rate": 27.621372481305574,
    "P_death": 0.0010835468487051525,
    "D": 640,
    "new_clone_frequency": 0.02901137880516355,
    "depth_sequencing": 100,
    "min_alt_reads": 2,
    "n_sequencing": 10,
    "max_horizontal": 2
}