{
    "0": {
        "clone_proportion": {
            "0": 1.0
        },
        "mrca": 0,
        "size": 166666
    },
    "1": {
        "clone_proportion": {
            "0": 1.0
        },
        "mrca": 0,
        "size": 38461
    },
    "2": {
        "clone_proportion": {
            "0": 1.0
        },
        "mrca": 0,
        "size": 41666
    },
    "3": {
        "clone_proportion": {
            "0": 1.0
        },
        "mrca": 0,
        "size": 33333
    },
    "4": {
        "clone_proportion": {
            "1": 0.004374017496069985,
            "2": 0.3622694490777963,
            "3": 0.011898047592190368,
            "4": 0.00011400045600182401,
            "5": 0.2656750627002508,
            "6": 0.002556010224040896,
            "7": 0.00483001932007728,
            "8": 0.00021000084000336,
            "9": 0.002346009384037536,
            "10": 0.0005760023040092161,
            "11": 0.00048600194400777604,
            "12": 0.06610826443305773,
            "13": 0.000102000408001632,
            "14": 0.00039000156000624,
            "15": 0.24598298393193574,
            "16": 0.000102000408001632,
            "17": 0.0006060024240096961,
            "18": 0.0010500042000168,
            "19": 0.000126000504002016,
            "20": 0.000258001032004128,
            "21": 0.00033000132000528005,
            "22": 7.200028800115201e-05,
            "23": 0.004344017376069504,
            "24": 0.00333001332005328,
            "25": 0.013044052176208704,
            "26": 3.0000120000480002e-05,
            "27": 5.4000216000864e-05,
            "28": 0.005634022536090144,
            "29": 5.4000216000864e-05,
            "30": 0.003048012192048768
        },
        "mrca": 0,
        "size": 166666
    },
    "5": {
        "clone_proportion": {
            "0": 1.0
        },
        "mrca": 0,
        "size": 166666
    },
    "6": {
        "clone_proportion": {
            "0": 1.0
        },
        "mrca": 0,
        "size": 62500
    },
    "7": {
        "clone_proportion": {
            "0": 0.5357721430885724,
            "1": 0.22688490753963017,
            "2": 0.23734294937179748
        },
        "mrca": 0,
        "size": 166666
    },
    "8": {
        "clone_proportion": {
            "0": 1.0
        },
        "mrca": 0,
        "size": 45454
    },
    "9": {
        "clone_proportion": {
            "0": 1.0
        },
        "mrca": 0,
        "size": 125000
    }
}