{
    "0": {
        "clone_proportion": {
            "1": 1.0
        },
        "mrca": 1,
        "size": 39885
    },
    "1": {
        "clone_proportion": {
            "1": 1.0
        },
        "mrca": 1,
        "size": 57612
    },
    "2": {
        "clone_proportion": {
            "0": 1.0
        },
        "mrca": 0,
        "size": 39885
    },
    "3": {
        "clone_proportion": {
            "0": 1.0
        },
        "mrca": 0,
        "size": 32406
    },
    "4": {
        "clone_proportion": {
            "0": 0.18641321957014798,
            "1": 0.813586780429852
        },
        "mrca": 0,
        "size": 74072
    },
    "5": {
        "clone_proportion": {
            "0": 1.0
        },
        "mrca": 0,
        "size": 32406
    },
    "6": {
        "clone_proportion": {
            "1": 1.0
        },
        "mrca": 1,
        "size": 86418
    },
    "7": {
        "clone_proportion": {
            "0": 1.0
        },
        "mrca": 0,
        "size": 30500
    },
    "8": {
        "clone_proportion": {
            "0": 0.7918142053738805,
            "1": 0.20818579462611955
        },
        "mrca": 0,
        "size": 57612
    },
    "9": {
        "clone_proportion": {
            "1": 0.5179476497951816,
            "2": 0.48205235020481846
        },
        "mrca": 0,
        "size": 86418
    }
}