{
    "0": {
        "clone_proportion": {
            "5": 0.3581803572532295,
            "6": 0.00970393720254651,
            "7": 0.03751776994869893,
            "8": 0.005624575066444156,
            "9": 0.002657766240187898,
            "10": 0.04085542987823722,
            "11": 0.001359787378700785,
            "12": 0.45732121886395943,
            "13": 0.0017306384819828172,
            "14": 0.08504851968601274
        },
        "mrca": 0,
        "size": 16179
    },
    "1": {
        "clone_proportion": {
            "3": 0.27226651832622534,
            "4": 0.7277334816737746
        },
        "mrca": 1,
        "size": 16179
    },
    "2": {
        "clone_proportion": {
            "1": 0.8617744563690509,
            "2": 0.05759397651289543,
            "3": 0.08063156711805361
        },
        "mrca": 0,
        "size": 17797
    },
    "3": {
        "clone_proportion": {
            "3": 1.0
        },
        "mrca": 3,
        "size": 9887
    },
    "4": {
        "clone_proportion": {
            "3": 1.0
        },
        "mrca": 3,
        "size": 22247
    },
    "5": {
        "clone_proportion": {
            "1": 1.0
        },
        "mrca": 1,
        "size": 8898
    },
    "6": {
        "clone_proportion": {
            "3": 1.0
        },
        "mrca": 3,
        "size": 11865
    },
    "7": {
        "clone_proportion": {
            "5": 1.0
        },
        "mrca": 5,
        "size": 10469
    },
    "8": {
        "clone_proportion": {
            "5": 1.0
        },
        "mrca": 5,
        "size": 9887
    },
    "9": {
        "clone_proportion": {
            "1": 1.0
        },
        "mrca": 1,
        "size": 9367
    }
}