{
    "N_max": 611549,
    "M": 611549,
    "picking": "adjacent",
    "mutation_rate": 19.87294733713535,
    "P_death": 0.03476543277918306,
    "D": 640,
    "new_clone_frequency": 0.021784579582066477,
    "depth_sequencing": 100,
    "min_alt_reads": 2,
    "n_sequencing": 10,
    "max_horizontal": 2
}