{
    "0": {
        "clone_proportion": {
            "0": 1.0
        },
        "mrca": 0,
        "size": 7692
    },
    "1": {
        "clone_proportion": {
            "0": 1.0
        },
        "mrca": 0,
        "size": 16666
    },
    "2": {
        "clone_proportion": {
            "0": 1.0
        },
        "mrca": 0,
        "size": 9090
    },
    "3": {
        "clone_proportion": {
            "0": 1.0
        },
        "mrca": 0,
        "size": 8333
    },
    "4": {
        "clone_proportion": {
            "0": 1.0
        },
        "mrca": 0,
        "size": 5555
    },
    "5": {
        "clone_proportion": {
            "0": 1.0
        },
        "mrca": 0,
        "size": 6250
    },
    "6": {
        "clone_proportion": {
            "0": 1.0
        },
        "mrca": 0,
        "size": 5555
    },
    "7": {
        "clone_proportion": {
            "0": 1.0
        },
        "mrca": 0,
        "size": 7692
    },
    "8": {
        "clone_proportion": {
            "0": 1.0
        },
        "mrca": 0,
        "size": 12500
    },
    "9": {
        "clone_proportion": {
            "1": 0.03705,
            "2": 0.01735,
            "3": 0.01735,
            "4": 0.0147,
            "5": 0.07585,
            "6": 0.14485,
            "7": 0.4252,
            "8": 0.00395,
            "9": 0.02195,
            "10": 0.00195,
            "11": 0.00105,
            "12": 0.00165,
            "13": 0.00055,
            "14": 0.0072,
            "15": 0.00065,
            "16": 0.00045,
            "17": 0.00455,
            "18": 0.00495,
            "19": 0.00105,
            "20": 0.0636,
            "21": 0.00235,
            "22": 0.00075,
            "23": 0.00055,
            "24": 5e-05,
            "25": 0.00085,
            "26": 0.02875,
            "27": 0.00505,
            "28": 0.00275,
            "29": 0.00065,
            "30": 0.0063,
            "31": 5e-05,
            "32": 0.00025,
            "33": 0.00445,
            "34": 0.04345,
            "35": 0.00035,
            "36": 0.00615,
            "37": 5e-05,
            "38": 0.00115,
            "39": 0.00145,
            "40": 0.00055,
            "41": 0.00755,
            "42": 0.00195,
            "43": 0.00115,
            "44": 0.00305,
            "45": 5e-05,
            "46": 0.00275,
            "47": 0.00085,
            "48": 0.00205,
            "49": 5e-05,
            "50": 0.00235,
            "51": 0.00215,
            "52": 0.00245,
            "53": 0.00235,
            "54": 0.00585,
            "55": 0.00015,
            "56": 0.00025,
            "57": 0.00025,
            "58": 0.00025,
            "59": 0.00015,
            "60": 0.00165,
            "61": 0.00125,
            "62": 0.00045,
            "63": 0.00015,
            "64": 0.00065,
            "65": 0.00095,
            "66": 5e-05,
            "67": 0.00045,
            "68": 0.00655,
            "69": 5e-05,
            "70": 0.0003
        },
        "mrca": 0,
        "size": 20000
    }
}