{
    "0": {
        "clone_proportion": {
            "0": 0.6056430605935195,
            "1": 0.034350122939844685,
            "2": 0.36000681646663585
        },
        "mrca": 0,
        "size": 41077
    },
    "1": {
        "clone_proportion": {
            "0": 1.0
        },
        "mrca": 0,
        "size": 10809
    },
    "2": {
        "clone_proportion": {
            "0": 1.0
        },
        "mrca": 0,
        "size": 51347
    },
    "3": {
        "clone_proportion": {
            "0": 1.0
        },
        "mrca": 0,
        "size": 11410
    },
    "4": {
        "clone_proportion": {
            "0": 0.8393584856053635,
            "1": 0.020609672377780698,
            "2": 0.1400318420168558
        },
        "mrca": 0,
        "size": 68463
    },
    "5": {
        "clone_proportion": {
            "0": 1.0
        },
        "mrca": 0,
        "size": 25673
    },
    "6": {
        "clone_proportion": {
            "0": 0.6910702113156101,
            "1": 0.0961826857532379,
            "2": 0.212747102931152
        },
        "mrca": 0,
        "size": 14670
    },
    "7": {
        "clone_proportion": {
            "0": 1.0
        },
        "mrca": 0,
        "size": 41077
    },
    "8": {
        "clone_proportion": {
            "0": 1.0
        },
        "mrca": 0,
        "size": 68463
    },
    "9": {
        "clone_proportion": {
            "0": 1.0
        },
        "mrca": 0,
        "size": 34231
    }
}