{
    "N_max": 768150,
    "M": 768150,
    "picking": "adjacent",
    "mutation_rate": 31.748095520709104,
    "P_death": 0.03857816640398842,
    "D": 640,
    "new_clone_frequency": 0.03529319916864312,
    "depth_sequencing": 100,
    "min_alt_reads": 2,
    "n_sequencing": 10,
    "max_horizontal": 2
}