{
    "0": {
        "clone_proportion": {
            "7": 0.17849249889498453,
            "8": 0.0008060112841579782,
            "9": 0.029952419333870675,
            "10": 0.006708093913314787,
            "11": 0.784040976573672
        },
        "mrca": 0,
        "size": 38461
    },
    "1": {
        "clone_proportion": {
            "6": 1.0
        },
        "mrca": 6,
        "size": 35714
    },
    "2": {
        "clone_proportion": {
            "0": 1.0
        },
        "mrca": 0,
        "size": 31250
    },
    "3": {
        "clone_proportion": {
            "1": 1.0
        },
        "mrca": 1,
        "size": 29411
    },
    "4": {
        "clone_proportion": {
            "1": 0.9120511205112051,
            "2": 0.01018810188101881,
            "3": 0.05945459454594546,
            "4": 0.018306183061830617
        },
        "mrca": 0,
        "size": 55555
    },
    "5": {
        "clone_proportion": {
            "6": 1.0
        },
        "mrca": 6,
        "size": 71428
    },
    "6": {
        "clone_proportion": {
            "1": 1.0
        },
        "mrca": 1,
        "size": 33333
    },
    "7": {
        "clone_proportion": {
            "1": 1.0
        },
        "mrca": 1,
        "size": 38461
    },
    "8": {
        "clone_proportion": {
            "0": 1.0
        },
        "mrca": 0,
        "size": 33333
    },
    "9": {
        "clone_proportion": {
            "0": 1.0
        },
        "mrca": 0,
        "size": 29411
    }
}