{
    "0": {
        "clone_proportion": {
            "4": 1.0
        },
        "mrca": 4,
        "size": 60890
    },
    "1": {
        "clone_proportion": {
            "0": 0.09936541720862402,
            "1": 0.22310249234690527,
            "2": 0.0020758608910435798,
            "3": 0.6754562295534271
        },
        "mrca": 0,
        "size": 76113
    },
    "2": {
        "clone_proportion": {
            "4": 1.0
        },
        "mrca": 4,
        "size": 16023
    },
    "3": {
        "clone_proportion": {
            "3": 1.0
        },
        "mrca": 3,
        "size": 76113
    },
    "4": {
        "clone_proportion": {
            "4": 0.4018071814276142,
            "5": 0.5981928185723858
        },
        "mrca": 3,
        "size": 101484
    },
    "5": {
        "clone_proportion": {
            "4": 0.7592980058926513,
            "5": 0.24070199410734874
        },
        "mrca": 3,
        "size": 23419
    },
    "6": {
        "clone_proportion": {
            "3": 1.0
        },
        "mrca": 3,
        "size": 30445
    },
    "7": {
        "clone_proportion": {
            "4": 1.0
        },
        "mrca": 4,
        "size": 16023
    },
    "8": {
        "clone_proportion": {
            "0": 0.8871243225488586,
            "1": 0.1128756774511414
        },
        "mrca": 0,
        "size": 60890
    },
    "9": {
        "clone_proportion": {
            "4": 1.0
        },
        "mrca": 4,
        "size": 23419
    }
}