{
    "N_max": 702515,
    "M": 702515,
    "picking": "adjacent",
    "mutation_rate": 39.485452709277595,
    "P_death": 0.05544029606307677,
    "D": 640,
    "new_clone_frequency": 0.0031184712778971058,
    "depth_sequencing": 100,
    "min_alt_reads": 2,
    "n_sequencing": 10,
    "max_horizontal": 2
}