{
    "0": {
        "clone_proportion": {
            "0": 1.0
        },
        "mrca": 0,
        "size": 23183
    },
    "1": {
        "clone_proportion": {
            "0": 1.0
        },
        "mrca": 0,
        "size": 36431
    },
    "2": {
        "clone_proportion": {
            "0": 1.0
        },
        "mrca": 0,
        "size": 12750
    },
    "3": {
        "clone_proportion": {
            "0": 1.0
        },
        "mrca": 0,
        "size": 18215
    },
    "4": {
        "clone_proportion": {
            "0": 1.0
        },
        "mrca": 0,
        "size": 15938
    },
    "5": {
        "clone_proportion": {
            "3": 0.8624080936415505,
            "4": 0.1375919063584495
        },
        "mrca": 3,
        "size": 85005
    },
    "6": {
        "clone_proportion": {
            "0": 1.0
        },
        "mrca": 0,
        "size": 51003
    },
    "7": {
        "clone_proportion": {
            "3": 0.751623427549644,
            "4": 0.21353954261693384,
            "5": 0.03483702983342222
        },
        "mrca": 3,
        "size": 63754
    },
    "8": {
        "clone_proportion": {
            "0": 1.0
        },
        "mrca": 0,
        "size": 28335
    },
    "9": {
        "clone_proportion": {
            "0": 0.5627624825011666,
            "1": 0.4372375174988334
        },
        "mrca": 0,
        "size": 36431
    }
}