{
    "0": {
        "clone_proportion": {
            "2": 0.2429757013414601,
            "3": 0.7570242986585399
        },
        "mrca": 2,
        "size": 183755
    },
    "1": {
        "clone_proportion": {
            "8": 1.0
        },
        "mrca": 8,
        "size": 43236
    },
    "2": {
        "clone_proportion": {
            "3": 1.0
        },
        "mrca": 3,
        "size": 183755
    },
    "3": {
        "clone_proportion": {
            "3": 0.4775217000897935,
            "4": 0.12384969116486626,
            "5": 9.251448940164893e-05,
            "6": 5.986231667165519e-05,
            "8": 0.39847623193926696
        },
        "mrca": 0,
        "size": 183755
    },
    "4": {
        "clone_proportion": {
            "0": 0.12168512421430709,
            "1": 0.011418736905118227,
            "2": 0.8668961388805747
        },
        "mrca": 0,
        "size": 66820
    },
    "5": {
        "clone_proportion": {
            "0": 0.4913225906515812,
            "1": 0.012456939478539125,
            "2": 0.49622046986987967
        },
        "mrca": 0,
        "size": 61251
    },
    "6": {
        "clone_proportion": {
            "2": 1.0
        },
        "mrca": 2,
        "size": 183755
    },
    "7": {
        "clone_proportion": {
            "2": 1.0
        },
        "mrca": 2,
        "size": 49001
    },
    "8": {
        "clone_proportion": {
            "3": 1.0
        },
        "mrca": 3,
        "size": 91877
    },
    "9": {
        "clone_proportion": {
            "0": 0.7606582713845685,
            "1": 0.008304581124764631,
            "2": 0.23103714749066687
        },
        "mrca": 0,
        "size": 91877
    }
}