{
    "0": {
        "clone_proportion": {
            "4": 1.0
        },
        "mrca": 4,
        "size": 105485
    },
    "1": {
        "clone_proportion": {
            "2": 0.6963217519078542,
            "3": 0.08708347158363748,
            "4": 0.2165947765085083
        },
        "mrca": 2,
        "size": 210970
    },
    "2": {
        "clone_proportion": {
            "4": 1.0
        },
        "mrca": 4,
        "size": 70323
    },
    "3": {
        "clone_proportion": {
            "4": 1.0
        },
        "mrca": 4,
        "size": 52742
    },
    "4": {
        "clone_proportion": {
            "2": 1.0
        },
        "mrca": 2,
        "size": 158227
    },
    "5": {
        "clone_proportion": {
            "0": 0.5176091387401053,
            "1": 0.004668910271602597,
            "2": 0.4777219509882922
        },
        "mrca": 0,
        "size": 42194
    },
    "6": {
        "clone_proportion": {
            "2": 1.0
        },
        "mrca": 2,
        "size": 105485
    },
    "7": {
        "clone_proportion": {
            "2": 1.0
        },
        "mrca": 2,
        "size": 79113
    },
    "8": {
        "clone_proportion": {
            "4": 1.0
        },
        "mrca": 4,
        "size": 90415
    },
    "9": {
        "clone_proportion": {
            "4": 1.0
        },
        "mrca": 4,
        "size": 79113
    }
}