{
    "0": {
        "clone_proportion": {
            "0": 0.6249441599945019,
            "2": 0.08536648225146902,
            "3": 0.08683550393457269,
            "4": 0.20285385381945636
        },
        "mrca": 0,
        "size": 116404
    },
    "1": {
        "clone_proportion": {
            "0": 0.1362790298101429,
            "2": 0.14227828527247216,
            "3": 0.14472666876664472,
            "4": 0.5767160161507402
        },
        "mrca": 0,
        "size": 69842
    },
    "2": {
        "clone_proportion": {
            "4": 1.0
        },
        "mrca": 4,
        "size": 49887
    },
    "3": {
        "clone_proportion": {
            "0": 1.0
        },
        "mrca": 0,
        "size": 69842
    },
    "4": {
        "clone_proportion": {
            "0": 1.0
        },
        "mrca": 0,
        "size": 34921
    },
    "5": {
        "clone_proportion": {
            "0": 0.7726710422322257,
            "2": 0.17073296450293804,
            "3": 0.05659599326483626
        },
        "mrca": 0,
        "size": 58202
    },
    "6": {
        "clone_proportion": {
            "0": 1.0
        },
        "mrca": 0,
        "size": 31746
    },
    "7": {
        "clone_proportion": {
            "0": 1.0
        },
        "mrca": 0,
        "size": 20541
    },
    "8": {
        "clone_proportion": {
            "0": 0.16387752998178756,
            "2": 0.11382197633529204,
            "3": 0.11578067191276359,
            "4": 0.6065198217701568
        },
        "mrca": 0,
        "size": 87303
    },
    "9": {
        "clone_proportion": {
            "0": 1.0
        },
        "mrca": 0,
        "size": 87303
    }
}