{
    "0": {
        "clone_proportion": {
            "1": 1.0
        },
        "mrca": 1,
        "size": 18977
    },
    "1": {
        "clone_proportion": {
            "0": 1.0
        },
        "mrca": 0,
        "size": 13284
    },
    "2": {
        "clone_proportion": {
            "1": 1.0
        },
        "mrca": 1,
        "size": 44280
    },
    "3": {
        "clone_proportion": {
            "1": 1.0
        },
        "mrca": 1,
        "size": 18977
    },
    "4": {
        "clone_proportion": {
            "0": 0.29582580548027704,
            "1": 0.704174194519723
        },
        "mrca": 0,
        "size": 53136
    },
    "5": {
        "clone_proportion": {
            "3": 0.36624749229338943,
            "4": 0.6337525077066105
        },
        "mrca": 1,
        "size": 20437
    },
    "6": {
        "clone_proportion": {
            "0": 0.2693247215666791,
            "1": 0.7306752784333209
        },
        "mrca": 0,
        "size": 24153
    },
    "7": {
        "clone_proportion": {
            "3": 0.5325654923215899,
            "4": 0.4674345076784101
        },
        "mrca": 1,
        "size": 22140
    },
    "8": {
        "clone_proportion": {
            "0": 1.0
        },
        "mrca": 0,
        "size": 44280
    },
    "9": {
        "clone_proportion": {
            "0": 1.0
        },
        "mrca": 0,
        "size": 37954
    }
}