{
    "0": {
        "clone_proportion": {
            "0": 1.0
        },
        "mrca": 0,
        "size": 12500
    },
    "1": {
        "clone_proportion": {
            "0": 1.0
        },
        "mrca": 0,
        "size": 5555
    },
    "2": {
        "clone_proportion": {
            "0": 1.0
        },
        "mrca": 0,
        "size": 33333
    },
    "3": {
        "clone_proportion": {
            "0": 1.0
        },
        "mrca": 0,
        "size": 12500
    },
    "4": {
        "clone_proportion": {
            "1": 1.0
        },
        "mrca": 1,
        "size": 6666
    },
    "5": {
        "clone_proportion": {
            "1": 1.0
        },
        "mrca": 1,
        "size": 6666
    },
    "6": {
        "clone_proportion": {
            "0": 1.0
        },
        "mrca": 0,
        "size": 11111
    },
    "7": {
        "clone_proportion": {
            "0": 1.0
        },
        "mrca": 0,
        "size": 9090
    },
    "8": {
        "clone_proportion": {
            "1": 0.38456307378442706,
            "2": 0.02227133628017681,
            "3": 0.028391703502210132,
            "4": 0.014110846650799048,
            "5": 0.0008500510030601836,
            "6": 0.49183951037062223,
            "7": 0.0011900714042842571,
            "8": 0.03213192791567494,
            "9": 0.024651479088745324
        },
        "mrca": 0,
        "size": 5882
    },
    "9": {
        "clone_proportion": {
            "0": 1.0
        },
        "mrca": 0,
        "size": 5263
    }
}