{
    "0": {
        "clone_proportion": {
            "1": 0.03485206545119119,
            "2": 0.22478133277824716,
            "3": 0.31295024223797685,
            "4": 0.4274163595325848
        },
        "mrca": 0,
        "size": 245007
    },
    "1": {
        "clone_proportion": {
            "4": 1.0
        },
        "mrca": 4,
        "size": 91877
    },
    "2": {
        "clone_proportion": {
            "2": 0.8091249838438671,
            "3": 0.19087501615613287
        },
        "mrca": 0,
        "size": 38685
    },
    "3": {
        "clone_proportion": {
            "4": 1.0
        },
        "mrca": 4,
        "size": 105003
    },
    "4": {
        "clone_proportion": {
            "3": 1.0
        },
        "mrca": 3,
        "size": 66820
    },
    "5": {
        "clone_proportion": {
            "3": 0.09291583902478844,
            "4": 0.9070841609752116
        },
        "mrca": 0,
        "size": 147004
    },
    "6": {
        "clone_proportion": {
            "0": 0.7783189573072842,
            "1": 0.13526162553399906,
            "2": 0.08641941715871677
        },
        "mrca": 0,
        "size": 73502
    },
    "7": {
        "clone_proportion": {
            "4": 1.0
        },
        "mrca": 4,
        "size": 38685
    },
    "8": {
        "clone_proportion": {
            "4": 1.0
        },
        "mrca": 4,
        "size": 105003
    },
    "9": {
        "clone_proportion": {
            "4": 1.0
        },
        "mrca": 4,
        "size": 40834
    }
}