{
    "0": {
        "clone_proportion": {
            "29": 0.19843517496279942,
            "30": 0.002904046464743436,
            "31": 0.0006000096001536025,
            "32": 0.007488119809916959,
            "33": 0.0027600441607065714,
            "34": 0.006600105601689627,
            "35": 0.0011760188163010608,
            "36": 0.002904046464743436,
            "37": 0.0018720299524792397,
            "38": 0.004656074497191955,
            "39": 0.0005040080641290261,
            "40": 0.0006960111361781788,
            "41": 0.11184178946863149,
            "42": 0.00012000192003072049,
            "43": 0.002184034944559113,
            "44": 0.03936062977007632,
            "45": 0.0004080065281044497,
            "46": 2.4000384006144097e-05,
            "47": 0.0006000096001536025,
            "48": 0.0020400326405222483,
            "49": 0.007920126722027552,
            "50": 0.01656026496423943,
            "51": 0.0007920126722027553,
            "52": 0.0018000288004608074,
            "53": 0.0037680602889646232,
            "54": 0.0002640042240675851,
            "55": 0.0015600249603993663,
            "56": 0.0002640042240675851,
            "57": 0.06451303220851534,
            "58": 0.002472039552632842,
            "59": 0.007896126338021408,
            "60": 0.024384390150242404,
            "61": 0.0019200307204915279,
            "62": 0.0004560072961167379,
            "63": 0.00016800268804300868,
            "64": 2.4000384006144097e-05,
            "65": 0.009000144002304037,
            "66": 0.002280036480583689,
            "67": 0.005544088705419286,
            "68": 0.3803340853453655,
            "69": 0.0009840157442519081,
            "70": 0.0010080161282580522,
            "71": 9.600153602457639e-05,
            "72": 0.001488023808380934,
            "73": 0.00012000192003072049,
            "74": 0.0014160226563625017,
            "75": 2.4000384006144097e-05,
            "76": 0.0004560072961167379,
            "77": 0.00199203187250996,
            "78": 0.0032880526088417414,
            "79": 0.0013680218883502136,
            "80": 0.00016800268804300868,
            "81": 0.003816061056976912,
            "82": 0.021816349061584986,
            "83": 7.20011520184323e-05,
            "84": 0.015312244995919934,
            "85": 2.4000384006144097e-05,
            "86": 0.00016800268804300868,
            "87": 2.4000384006144097e-05,
            "88": 0.000744011904190467,
            "89": 0.0004560072961167379,
            "90": 0.00016800268804300868,
            "91": 7.20011520184323e-05,
            "92": 0.006144098305572889,
            "93": 2.4000384006144097e-05,
            "94": 0.0008400134402150435,
            "95": 0.0008880142082273317,
            "96": 0.0010800172802764845,
            "97": 2.4000384006144097e-05,
            "98": 0.00012000192003072049,
            "99": 0.004056064897038352,
            "100": 0.0011280180482887727,
            "101": 0.0020400326405222483,
            "102": 0.004608073729179667,
            "103": 0.0004560072961167379,
            "104": 0.003960063361013776,
            "105": 2.4000384006144097e-05,
            "106": 0.0004320069121105938
        },
        "mrca": 0,
        "size": 41666
    },
    "1": {
        "clone_proportion": {
            "1": 0.25962,
            "2": 0.74038
        },
        "mrca": 0,
        "size": 50000
    },
    "2": {
        "clone_proportion": {
            "0": 0.3690374761499046,
            "1": 0.41120564482257926,
            "2": 0.21975687902751612
        },
        "mrca": 0,
        "size": 83333
    },
    "3": {
        "clone_proportion": {
            "1": 0.04878619514478058,
            "2": 0.5996663986655947,
            "3": 0.3234732938931756,
            "4": 0.000408001632006528,
            "5": 0.027666110664442658
        },
        "mrca": 0,
        "size": 166666
    },
    "4": {
        "clone_proportion": {
            "0": 1.0
        },
        "mrca": 0,
        "size": 166666
    },
    "5": {
        "clone_proportion": {
            "29": 1.0
        },
        "mrca": 29,
        "size": 29411
    },
    "6": {
        "clone_proportion": {
            "0": 1.0
        },
        "mrca": 0,
        "size": 50000
    },
    "7": {
        "clone_proportion": {
            "2": 0.7981807708923343,
            "3": 0.20181922910766573
        },
        "mrca": 0,
        "size": 41666
    },
    "8": {
        "clone_proportion": {
            "29": 0.8570399971199194,
            "30": 0.004356121971415199,
            "31": 0.0009000252007056198,
            "32": 0.011232314504806135,
            "33": 0.004140115923245851,
            "34": 0.009900277207761817,
            "35": 0.0017640493933830147,
            "36": 0.004356121971415199,
            "37": 0.0028080786262015336,
            "38": 0.006984195557475609,
            "39": 0.0007560211685927206,
            "40": 0.001044029232818519,
            "41": 0.09471865212225943
        },
        "mrca": 0,
        "size": 27777
    },
    "9": {
        "clone_proportion": {
            "0": 0.1968547874191497,
            "1": 0.20560282241128963,
            "2": 0.5975423901695607
        },
        "mrca": 0,
        "size": 166666
    }
}