{
    "0": {
        "clone_proportion": {
            "6": 1.0
        },
        "mrca": 6,
        "size": 40834
    },
    "1": {
        "clone_proportion": {
            "6": 1.0
        },
        "mrca": 6,
        "size": 61251
    },
    "2": {
        "clone_proportion": {
            "5": 0.26546216429484915,
            "6": 0.7345378357051509
        },
        "mrca": 3,
        "size": 36751
    },
    "3": {
        "clone_proportion": {
            "0": 0.08194062746591929,
            "1": 4.897825909499061e-05,
            "2": 0.542417893390656,
            "3": 0.335833038556774,
            "4": 0.039759462327555714
        },
        "mrca": 0,
        "size": 183755
    },
    "4": {
        "clone_proportion": {
            "0": 1.0
        },
        "mrca": 0,
        "size": 38685
    },
    "5": {
        "clone_proportion": {
            "10": 1.0
        },
        "mrca": 10,
        "size": 38685
    },
    "6": {
        "clone_proportion": {
            "6": 1.0
        },
        "mrca": 6,
        "size": 36751
    },
    "7": {
        "clone_proportion": {
            "6": 0.39130683225081425,
            "8": 0.11948343841069695,
            "10": 0.4892097293384888
        },
        "mrca": 2,
        "size": 52501
    },
    "8": {
        "clone_proportion": {
            "6": 1.0
        },
        "mrca": 6,
        "size": 40834
    },
    "9": {
        "clone_proportion": {
            "6": 0.70413544268665,
            "8": 0.14508742714404663,
            "10": 0.15077713016930336
        },
        "mrca": 2,
        "size": 43236
    }
}