{
    "0": {
        "clone_proportion": {
            "2": 1.0
        },
        "mrca": 2,
        "size": 164024
    },
    "1": {
        "clone_proportion": {
            "3": 1.0
        },
        "mrca": 3,
        "size": 41006
    },
    "2": {
        "clone_proportion": {
            "0": 1.0
        },
        "mrca": 0,
        "size": 41006
    },
    "3": {
        "clone_proportion": {
            "2": 0.6198519426243375,
            "3": 0.38014805737566243
        },
        "mrca": 2,
        "size": 218699
    },
    "4": {
        "clone_proportion": {
            "2": 1.0
        },
        "mrca": 2,
        "size": 50469
    },
    "5": {
        "clone_proportion": {
            "0": 1.0
        },
        "mrca": 0,
        "size": 72899
    },
    "6": {
        "clone_proportion": {
            "2": 0.4060387596308461,
            "3": 0.5939612403691539
        },
        "mrca": 2,
        "size": 131219
    },
    "7": {
        "clone_proportion": {
            "2": 1.0
        },
        "mrca": 2,
        "size": 164024
    },
    "8": {
        "clone_proportion": {
            "4": 0.981465674917693,
            "5": 0.018534325082307037
        },
        "mrca": 2,
        "size": 32804
    },
    "9": {
        "clone_proportion": {
            "2": 0.41887836365160536,
            "3": 0.5811216363483946
        },
        "mrca": 2,
        "size": 59645
    }
}