{
    "N_max": 285313,
    "M": 285313,
    "picking": "adjacent",
    "mutation_rate": 11.855808803709293,
    "P_death": 0.16854743549438791,
    "D": 640,
    "new_clone_frequency": 0.024143451181394174,
    "depth_sequencing": 100,
    "min_alt_reads": 2,
    "n_sequencing": 10,
    "max_horizontal": 2
}