{
    "0": {
        "clone_proportion": {
            "0": 1.0
        },
        "mrca": 0,
        "size": 5882
    },
    "1": {
        "clone_proportion": {
            "0": 1.0
        },
        "mrca": 0,
        "size": 9090
    },
    "2": {
        "clone_proportion": {
            "0": 1.0
        },
        "mrca": 0,
        "size": 7142
    },
    "3": {
        "clone_proportion": {
            "3": 0.6747,
            "4": 0.0678,
            "5": 0.0003,
            "6": 0.0055,
            "7": 0.2053,
            "8": 0.0013,
            "9": 0.0451
        },
        "mrca": 0,
        "size": 10000
    },
    "4": {
        "clone_proportion": {
            "0": 1.0
        },
        "mrca": 0,
        "size": 5882
    },
    "5": {
        "clone_proportion": {
            "2": 0.02632131606580329,
            "3": 0.9736786839341968
        },
        "mrca": 0,
        "size": 14285
    },
    "6": {
        "clone_proportion": {
            "0": 1.0
        },
        "mrca": 0,
        "size": 5000
    },
    "7": {
        "clone_proportion": {
            "0": 1.0
        },
        "mrca": 0,
        "size": 8333
    },
    "8": {
        "clone_proportion": {
            "3": 0.20165016501650165,
            "4": 0.0745874587458746,
            "5": 0.00033003300330033004,
            "6": 0.00605060506050605,
            "7": 0.22585258525852586,
            "8": 0.00143014301430143,
            "9": 0.1922992299229923,
            "10": 0.00033003300330033004,
            "11": 0.021012101210121013,
            "12": 0.0026402640264026403,
            "13": 0.008470847084708471,
            "14": 0.011111111111111112,
            "15": 0.039823982398239824,
            "16": 0.00033003300330033004,
            "17": 0.00011001100110011001,
            "18": 0.0007700770077007701,
            "19": 0.0049504950495049506,
            "20": 0.026842684268426842,
            "21": 0.0027502750275027505,
            "22": 0.00055005500550055,
            "23": 0.015291529152915291,
            "24": 0.0016501650165016502,
            "25": 0.00011001100110011001,
            "26": 0.0009900990099009901,
            "27": 0.00011001100110011001,
            "28": 0.011331133113311331,
            "29": 0.0029702970297029703,
            "30": 0.029922992299229925,
            "31": 0.0009900990099009901,
            "32": 0.00011001100110011001,
            "33": 0.017161716171617162,
            "34": 0.007150715071507151,
            "35": 0.0038503850385038503,
            "36": 0.0009900990099009901,
            "37": 0.0027502750275027505,
            "38": 0.0007700770077007701,
            "39": 0.0007700770077007701,
            "40": 0.0018701870187018703,
            "41": 0.00033003300330033004,
            "42": 0.0049504950495049506,
            "43": 0.00055005500550055,
            "44": 0.00143014301430143,
            "45": 0.00033003300330033004,
            "46": 0.07172717271727173
        },
        "mrca": 0,
        "size": 9090
    },
    "9": {
        "clone_proportion": {
            "9": 0.31692950788523655,
            "10": 0.0005700171005130154,
            "11": 0.03629108873266198,
            "12": 0.004560136804104123,
            "13": 0.014630438913167395,
            "14": 0.019190575717271518,
            "15": 0.06878206346190385,
            "16": 0.0005700171005130154,
            "17": 0.00019000570017100514,
            "18": 0.001330039901197036,
            "19": 0.00855025650769523,
            "20": 0.046361390841725254,
            "21": 0.004750142504275128,
            "22": 0.0009500285008550256,
            "23": 0.026410792323769715,
            "24": 0.002850085502565077,
            "25": 0.00019000570017100514,
            "26": 0.001710051301539046,
            "27": 0.00019000570017100514,
            "28": 0.019570587117613527,
            "29": 0.005130153904617138,
            "30": 0.051681550446513395,
            "31": 0.001710051301539046,
            "32": 0.00019000570017100514,
            "33": 0.0296408892266768,
            "34": 0.012350370511115333,
            "35": 0.00665019950598518,
            "36": 0.001710051301539046,
            "37": 0.004750142504275128,
            "38": 0.001330039901197036,
            "39": 0.001330039901197036,
            "40": 0.003230096902907087,
            "41": 0.0005700171005130154,
            "42": 0.00855025650769523,
            "43": 0.0009500285008550256,
            "44": 0.002470074102223067,
            "45": 0.0005700171005130154,
            "46": 0.13034391031730952,
            "47": 0.00019000570017100514,
            "48": 0.0005700171005130154,
            "49": 0.00019000570017100514,
            "50": 0.0020900627018810565,
            "51": 0.022420672620178606,
            "52": 0.004180125403762113,
            "53": 0.001330039901197036,
            "54": 0.00019000570017100514,
            "55": 0.002470074102223067,
            "56": 0.004750142504275128,
            "57": 0.00019000570017100514,
            "58": 0.00019000570017100514,
            "59": 0.001710051301539046,
            "60": 0.0005700171005130154,
            "61": 0.008170245107353221,
            "62": 0.00019000570017100514,
            "63": 0.0009500285008550256,
            "64": 0.00019000570017100514,
            "65": 0.00019000570017100514,
            "66": 0.001330039901197036,
            "67": 0.0005700171005130154,
            "68": 0.007790233707011211,
            "69": 0.005130153904617138,
            "70": 0.004750142504275128,
            "71": 0.00019000570017100514,
            "72": 0.0005700171005130154,
            "73": 0.003230096902907087,
            "74": 0.0020900627018810565,
            "75": 0.00019000570017100514,
            "76": 0.00019000570017100514,
            "77": 0.005510165304959149,
            "78": 0.001710051301539046,
            "79": 0.002470074102223067,
            "80": 0.00019000570017100514,
            "81": 0.0036101083032490976,
            "82": 0.0036101083032490976,
            "83": 0.010830324909747292,
            "84": 0.001710051301539046,
            "85": 0.008930267908037241,
            "86": 0.002850085502565077,
            "87": 0.00019000570017100514,
            "88": 0.0009500285008550256,
            "89": 0.00019000570017100514,
            "90": 0.005890176705301159,
            "91": 0.00703021090632719,
            "92": 0.00019000570017100514,
            "93": 0.0009500285008550256,
            "94": 0.005130153904617138,
            "95": 0.001330039901197036,
            "96": 0.00019000570017100514,
            "97": 0.00019000570017100514,
            "98": 0.00019000570017100514,
            "99": 0.003230096902907087,
            "100": 0.00019000570017100514,
            "101": 0.01824054721641649
        },
        "mrca": 0,
        "size": 5263
    }
}