{
    "0": {
        "clone_proportion": {
            "5": 0.7450783268220054,
            "6": 0.2549216731779947
        },
        "mrca": 4,
        "size": 78581
    },
    "1": {
        "clone_proportion": {
            "6": 1.0
        },
        "mrca": 6,
        "size": 31432
    },
    "2": {
        "clone_proportion": {
            "6": 1.0
        },
        "mrca": 6,
        "size": 78581
    },
    "3": {
        "clone_proportion": {
            "6": 1.0
        },
        "mrca": 6,
        "size": 104775
    },
    "4": {
        "clone_proportion": {
            "6": 1.0
        },
        "mrca": 6,
        "size": 89807
    },
    "5": {
        "clone_proportion": {
            "4": 0.19506084466714388,
            "5": 0.8049391553328561
        },
        "mrca": 4,
        "size": 125730
    },
    "6": {
        "clone_proportion": {
            "0": 0.5163938077028308,
            "1": 0.006407360511061764,
            "2": 0.4771988317861074
        },
        "mrca": 0,
        "size": 157163
    },
    "7": {
        "clone_proportion": {
            "6": 1.0
        },
        "mrca": 6,
        "size": 78581
    },
    "8": {
        "clone_proportion": {
            "6": 1.0
        },
        "mrca": 6,
        "size": 62865
    },
    "9": {
        "clone_proportion": {
            "2": 0.008255786208542113,
            "3": 0.08748270102600811,
            "4": 0.5244858029109998,
            "5": 0.37977570985445
        },
        "mrca": 2,
        "size": 104775
    }
}