{
    "0": {
        "clone_proportion": {
            "1": 1.0
        },
        "mrca": 1,
        "size": 33589
    },
    "1": {
        "clone_proportion": {
            "0": 1.0
        },
        "mrca": 0,
        "size": 51675
    },
    "2": {
        "clone_proportion": {
            "0": 1.0
        },
        "mrca": 0,
        "size": 67178
    },
    "3": {
        "clone_proportion": {
            "0": 1.0
        },
        "mrca": 0,
        "size": 134356
    },
    "4": {
        "clone_proportion": {
            "0": 1.0
        },
        "mrca": 0,
        "size": 111963
    },
    "5": {
        "clone_proportion": {
            "0": 0.2846029491885712,
            "1": 0.7153970508114288
        },
        "mrca": 0,
        "size": 111963
    },
    "6": {
        "clone_proportion": {
            "0": 1.0
        },
        "mrca": 0,
        "size": 83972
    },
    "7": {
        "clone_proportion": {
            "0": 0.30124818577648765,
            "1": 0.6987518142235123
        },
        "mrca": 0,
        "size": 51675
    },
    "8": {
        "clone_proportion": {
            "0": 0.4423591056595909,
            "1": 0.5576408943404091
        },
        "mrca": 0,
        "size": 167945
    },
    "9": {
        "clone_proportion": {
            "0": 1.0
        },
        "mrca": 0,
        "size": 41986
    }
}