{
    "0": {
        "clone_proportion": {
            "2": 0.11987111268771432,
            "3": 0.3273323873714083,
            "4": 0.10186827480193922,
            "5": 0.45092822513893815
        },
        "mrca": 2,
        "size": 33828
    },
    "1": {
        "clone_proportion": {
            "0": 1.0
        },
        "mrca": 0,
        "size": 101484
    },
    "2": {
        "clone_proportion": {
            "5": 1.0
        },
        "mrca": 5,
        "size": 16023
    },
    "3": {
        "clone_proportion": {
            "0": 1.0
        },
        "mrca": 0,
        "size": 15222
    },
    "4": {
        "clone_proportion": {
            "0": 1.0
        },
        "mrca": 0,
        "size": 60890
    },
    "5": {
        "clone_proportion": {
            "0": 1.0
        },
        "mrca": 0,
        "size": 43493
    },
    "6": {
        "clone_proportion": {
            "3": 0.1938433644712467,
            "4": 0.06791218320129282,
            "5": 0.7382444523274605
        },
        "mrca": 2,
        "size": 50742
    },
    "7": {
        "clone_proportion": {
            "0": 1.0
        },
        "mrca": 0,
        "size": 43493
    },
    "8": {
        "clone_proportion": {
            "0": 1.0
        },
        "mrca": 0,
        "size": 19028
    },
    "9": {
        "clone_proportion": {
            "0": 1.0
        },
        "mrca": 0,
        "size": 50742
    }
}