{
    "0": {
        "clone_proportion": {
            "0": 1.0
        },
        "mrca": 0,
        "size": 178262
    },
    "1": {
        "clone_proportion": {
            "0": 1.0
        },
        "mrca": 0,
        "size": 41137
    },
    "2": {
        "clone_proportion": {
            "4": 0.2994779200574438,
            "6": 0.3607811752034466,
            "7": 0.07255265677357588,
            "8": 0.26718824796553375
        },
        "mrca": 0,
        "size": 133696
    },
    "3": {
        "clone_proportion": {
            "0": 1.0
        },
        "mrca": 0,
        "size": 29710
    },
    "4": {
        "clone_proportion": {
            "3": 0.09340202137307516,
            "4": 0.4456463812560188,
            "6": 0.4509756257187468,
            "7": 0.009975971652159278
        },
        "mrca": 0,
        "size": 106957
    },
    "5": {
        "clone_proportion": {
            "0": 1.0
        },
        "mrca": 0,
        "size": 89131
    },
    "6": {
        "clone_proportion": {
            "0": 1.0
        },
        "mrca": 0,
        "size": 33424
    },
    "7": {
        "clone_proportion": {
            "1": 0.28395361839706346,
            "2": 0.7160463816029365
        },
        "mrca": 0,
        "size": 41137
    },
    "8": {
        "clone_proportion": {
            "3": 0.20262459633461546,
            "4": 0.7973754036653845
        },
        "mrca": 2,
        "size": 48617
    },
    "9": {
        "clone_proportion": {
            "0": 1.0
        },
        "mrca": 0,
        "size": 53478
    }
}