{
    "N_max": 518510,
    "M": 518510,
    "picking": "adjacent",
    "mutation_rate": 37.57864661987004,
    "P_death": 0.13759371927297717,
    "D": 640,
    "new_clone_frequency": 0.001936468540255587,
    "depth_sequencing": 100,
    "min_alt_reads": 2,
    "n_sequencing": 10,
    "max_horizontal": 2
}