{
    "0": {
        "clone_proportion": {
            "4": 1.0
        },
        "mrca": 4,
        "size": 8011
    },
    "1": {
        "clone_proportion": {
            "0": 0.05055548620646611,
            "1": 0.9494445137935339
        },
        "mrca": 0,
        "size": 8011
    },
    "2": {
        "clone_proportion": {
            "0": 1.0
        },
        "mrca": 0,
        "size": 8482
    },
    "3": {
        "clone_proportion": {
            "4": 1.0
        },
        "mrca": 4,
        "size": 9012
    },
    "4": {
        "clone_proportion": {
            "0": 1.0
        },
        "mrca": 0,
        "size": 13109
    },
    "5": {
        "clone_proportion": {
            "4": 1.0
        },
        "mrca": 4,
        "size": 11092
    },
    "6": {
        "clone_proportion": {
            "4": 0.5915190180645609,
            "5": 0.015845497728927568,
            "7": 0.003779341909087757,
            "8": 0.3888561422974238
        },
        "mrca": 1,
        "size": 28841
    },
    "7": {
        "clone_proportion": {
            "0": 1.0
        },
        "mrca": 0,
        "size": 24034
    },
    "8": {
        "clone_proportion": {
            "0": 1.0
        },
        "mrca": 0,
        "size": 8482
    },
    "9": {
        "clone_proportion": {
            "0": 1.0
        },
        "mrca": 0,
        "size": 9012
    }
}