{
    "0": {
        "clone_proportion": {
            "2": 1.0
        },
        "mrca": 2,
        "size": 73175
    },
    "1": {
        "clone_proportion": {
            "3": 1.0
        },
        "mrca": 3,
        "size": 25826
    },
    "2": {
        "clone_proportion": {
            "2": 0.9429129778225209,
            "3": 0.05708702217747905
        },
        "mrca": 2,
        "size": 33773
    },
    "3": {
        "clone_proportion": {
            "3": 0.425213529210796,
            "4": 0.3101013551987245,
            "5": 0.07229244960710625,
            "6": 0.042022548684660065,
            "7": 0.15037011729871314
        },
        "mrca": 0,
        "size": 43905
    },
    "4": {
        "clone_proportion": {
            "0": 1.0
        },
        "mrca": 0,
        "size": 21952
    },
    "5": {
        "clone_proportion": {
            "2": 1.0
        },
        "mrca": 2,
        "size": 25826
    },
    "6": {
        "clone_proportion": {
            "2": 1.0
        },
        "mrca": 2,
        "size": 146350
    },
    "7": {
        "clone_proportion": {
            "2": 1.0
        },
        "mrca": 2,
        "size": 31360
    },
    "8": {
        "clone_proportion": {
            "2": 1.0
        },
        "mrca": 2,
        "size": 73175
    },
    "9": {
        "clone_proportion": {
            "2": 1.0
        },
        "mrca": 2,
        "size": 27440
    }
}