{
    "0": {
        "clone_proportion": {
            "7": 1.0
        },
        "mrca": 7,
        "size": 58896
    },
    "1": {
        "clone_proportion": {
            "0": 0.1209329965829743,
            "1": 0.154865547466944,
            "2": 0.5404546129846977,
            "3": 0.18374684296538404
        },
        "mrca": 0,
        "size": 33655
    },
    "2": {
        "clone_proportion": {
            "7": 0.5927567237163814,
            "8": 0.04131010594947025,
            "9": 0.06036063569682151,
            "10": 0.02567237163814181,
            "11": 0.1062041564792176,
            "12": 0.1736960065199674
        },
        "mrca": 2,
        "size": 19632
    },
    "3": {
        "clone_proportion": {
            "0": 1.0
        },
        "mrca": 0,
        "size": 18121
    },
    "4": {
        "clone_proportion": {
            "3": 1.0
        },
        "mrca": 3,
        "size": 13857
    },
    "5": {
        "clone_proportion": {
            "0": 0.47449317440912797,
            "1": 0.06637123064384678,
            "2": 0.23162438875305624,
            "3": 0.22751120619396903
        },
        "mrca": 0,
        "size": 78528
    },
    "6": {
        "clone_proportion": {
            "3": 1.0
        },
        "mrca": 3,
        "size": 29448
    },
    "7": {
        "clone_proportion": {
            "3": 1.0
        },
        "mrca": 3,
        "size": 19632
    },
    "8": {
        "clone_proportion": {
            "0": 1.0
        },
        "mrca": 0,
        "size": 11779
    },
    "9": {
        "clone_proportion": {
            "2": 0.4062754686226569,
            "3": 0.5937245313773432
        },
        "mrca": 2,
        "size": 29448
    }
}