{
    "0": {
        "clone_proportion": {
            "6": 1.0
        },
        "mrca": 6,
        "size": 78614
    },
    "1": {
        "clone_proportion": {
            "2": 1.0
        },
        "mrca": 2,
        "size": 72567
    },
    "2": {
        "clone_proportion": {
            "4": 0.9877247936906711,
            "6": 0.012275206309328839
        },
        "mrca": 4,
        "size": 62891
    },
    "3": {
        "clone_proportion": {
            "6": 1.0
        },
        "mrca": 6,
        "size": 314457
    },
    "4": {
        "clone_proportion": {
            "4": 1.0
        },
        "mrca": 4,
        "size": 117921
    },
    "5": {
        "clone_proportion": {
            "2": 0.9801976104841044,
            "3": 0.019802389515895656
        },
        "mrca": 2,
        "size": 72567
    },
    "6": {
        "clone_proportion": {
            "2": 0.2566548791139831,
            "3": 0.08702436376896397,
            "4": 0.656320757117053
        },
        "mrca": 2,
        "size": 117921
    },
    "7": {
        "clone_proportion": {
            "6": 1.0
        },
        "mrca": 6,
        "size": 72567
    },
    "8": {
        "clone_proportion": {
            "4": 1.0
        },
        "mrca": 4,
        "size": 55492
    },
    "9": {
        "clone_proportion": {
            "0": 0.9432545626270047,
            "1": 5.7241530638529275e-05,
            "2": 0.05668819584235683
        },
        "mrca": 0,
        "size": 104819
    }
}