{
    "0": {
        "clone_proportion": {
            "0": 1.0
        },
        "mrca": 0,
        "size": 37034
    },
    "1": {
        "clone_proportion": {
            "0": 0.08766073194856577,
            "1": 0.008978819195743375,
            "2": 0.9033604488556909
        },
        "mrca": 0,
        "size": 234552
    },
    "2": {
        "clone_proportion": {
            "2": 1.0
        },
        "mrca": 2,
        "size": 37034
    },
    "3": {
        "clone_proportion": {
            "0": 1.0
        },
        "mrca": 0,
        "size": 35182
    },
    "4": {
        "clone_proportion": {
            "0": 1.0
        },
        "mrca": 0,
        "size": 78184
    },
    "5": {
        "clone_proportion": {
            "0": 1.0
        },
        "mrca": 0,
        "size": 41391
    },
    "6": {
        "clone_proportion": {
            "0": 0.7627818138408541,
            "1": 0.011971758927657833,
            "2": 0.2252464272314881
        },
        "mrca": 0,
        "size": 175914
    },
    "7": {
        "clone_proportion": {
            "2": 1.0
        },
        "mrca": 2,
        "size": 37034
    },
    "8": {
        "clone_proportion": {
            "0": 1.0
        },
        "mrca": 0,
        "size": 37034
    },
    "9": {
        "clone_proportion": {
            "0": 1.0
        },
        "mrca": 0,
        "size": 234552
    }
}