{
    "0": {
        "clone_proportion": {
            "4": 1.0
        },
        "mrca": 4,
        "size": 51675
    },
    "1": {
        "clone_proportion": {
            "0": 1.0
        },
        "mrca": 0,
        "size": 83972
    },
    "2": {
        "clone_proportion": {
            "4": 0.9305752793333512,
            "7": 0.0694247206666488
        },
        "mrca": 4,
        "size": 111963
    },
    "3": {
        "clone_proportion": {
            "0": 1.0
        },
        "mrca": 0,
        "size": 111963
    },
    "4": {
        "clone_proportion": {
            "4": 1.0
        },
        "mrca": 4,
        "size": 74642
    },
    "5": {
        "clone_proportion": {
            "3": 0.6292791485244316,
            "4": 0.37072085147556844
        },
        "mrca": 2,
        "size": 51675
    },
    "6": {
        "clone_proportion": {
            "0": 1.0
        },
        "mrca": 0,
        "size": 167945
    },
    "7": {
        "clone_proportion": {
            "0": 0.17566762928339635,
            "1": 0.005924558635267498,
            "2": 0.8184078120813362
        },
        "mrca": 0,
        "size": 67178
    },
    "8": {
        "clone_proportion": {
            "4": 1.0
        },
        "mrca": 4,
        "size": 55981
    },
    "9": {
        "clone_proportion": {
            "2": 0.6290292328715736,
            "3": 0.37097076712842636
        },
        "mrca": 2,
        "size": 37321
    }
}