{
    "0": {
        "clone_proportion": {
            "1": 1.0
        },
        "mrca": 1,
        "size": 5882
    },
    "1": {
        "clone_proportion": {
            "1": 0.6883225987118454,
            "2": 0.009101092131055727,
            "3": 0.1171940632875945,
            "4": 0.0015401848221786615,
            "5": 0.022402688322598712,
            "6": 0.005460655278633436,
            "7": 0.00014001680201624196,
            "8": 0.0130215625875105,
            "9": 0.03514421730607673,
            "10": 0.03668440212825539,
            "11": 0.005460655278633436,
            "12": 0.006020722486698404,
            "13": 0.009661159339120694,
            "14": 0.049845981517782134
        },
        "mrca": 0,
        "size": 7142
    },
    "2": {
        "clone_proportion": {
            "1": 0.4017601760176018,
            "2": 0.007150715071507151,
            "3": 0.09207920792079208,
            "4": 0.0012101210121012102,
            "5": 0.0176017601760176,
            "6": 0.0042904290429042905,
            "7": 0.00011001100110011001,
            "8": 0.01023102310231023,
            "9": 0.027612761276127613,
            "10": 0.028822882288228824,
            "11": 0.0042904290429042905,
            "12": 0.00473047304730473,
            "13": 0.007590759075907591,
            "14": 0.04906490649064906,
            "15": 0.05027502750275027,
            "16": 0.00033003300330033004,
            "17": 0.1111111111111111,
            "18": 0.021232123212321232,
            "19": 0.006930693069306931,
            "20": 0.039823982398239824,
            "21": 0.007590759075907591,
            "22": 0.00011001100110011001,
            "23": 0.10605060506050605
        },
        "mrca": 0,
        "size": 9090
    },
    "3": {
        "clone_proportion": {
            "1": 1.0
        },
        "mrca": 1,
        "size": 16666
    },
    "4": {
        "clone_proportion": {
            "1": 1.0
        },
        "mrca": 1,
        "size": 12500
    },
    "5": {
        "clone_proportion": {
            "1": 1.0
        },
        "mrca": 1,
        "size": 7692
    },
    "6": {
        "clone_proportion": {
            "1": 1.0
        },
        "mrca": 1,
        "size": 9090
    },
    "7": {
        "clone_proportion": {
            "0": 1.0
        },
        "mrca": 0,
        "size": 10000
    },
    "8": {
        "clone_proportion": {
            "0": 1.0
        },
        "mrca": 0,
        "size": 20000
    },
    "9": {
        "clone_proportion": {
            "0": 1.0
        },
        "mrca": 0,
        "size": 6250
    }
}