{
    "0": {
        "clone_proportion": {
            "14": 0.0035400141600566404,
            "15": 0.001764007056028224,
            "16": 0.34851739406957627,
            "17": 0.007848031392125568,
            "18": 0.24418897675590703,
            "19": 0.001632006528026112,
            "20": 0.1920367681470726,
            "21": 0.002112008448033792,
            "22": 0.011580046320185281,
            "23": 0.002832011328045312,
            "24": 0.008628034512138049,
            "25": 3.6000144000576004e-05,
            "26": 1.2000048000192e-05,
            "27": 0.0033240132960531844,
            "28": 0.00030000120000480004,
            "29": 0.07126828507314029,
            "30": 0.0021360085440341762,
            "31": 1.2000048000192e-05,
            "32": 0.008328033312133248,
            "33": 0.08990435961743846
        },
        "mrca": 0,
        "size": 83333
    },
    "1": {
        "clone_proportion": {
            "1": 1.0
        },
        "mrca": 1,
        "size": 71428
    },
    "2": {
        "clone_proportion": {
            "1": 1.0
        },
        "mrca": 1,
        "size": 83333
    },
    "3": {
        "clone_proportion": {
            "1": 1.0
        },
        "mrca": 1,
        "size": 55555
    },
    "4": {
        "clone_proportion": {
            "0": 1.0
        },
        "mrca": 0,
        "size": 38461
    },
    "5": {
        "clone_proportion": {
            "20": 0.12697326973269732,
            "21": 0.0031680316803168033,
            "22": 0.01737017370173702,
            "23": 0.004248042480424805,
            "24": 0.012942129421294213,
            "25": 5.4000540005400054e-05,
            "26": 1.800018000180002e-05,
            "27": 0.004986049860498605,
            "28": 0.00045000450004500047,
            "29": 0.1069030690306903,
            "30": 0.003204032040320403,
            "31": 1.800018000180002e-05,
            "32": 0.012492124921249213,
            "33": 0.22953829538295384,
            "34": 5.4000540005400054e-05,
            "35": 0.005184051840518405,
            "36": 0.00016200162001620016,
            "37": 0.014184141841418415,
            "38": 0.0005400054000540005,
            "39": 0.0005580055800558006,
            "40": 1.800018000180002e-05,
            "41": 0.001026010260102601,
            "42": 0.01058410584105841,
            "43": 0.09522095220952209,
            "44": 0.006012060120601206,
            "45": 0.006822068220682207,
            "46": 0.0006300063000630006,
            "47": 0.0007380073800738007,
            "48": 5.4000540005400054e-05,
            "49": 1.800018000180002e-05,
            "50": 0.03807038070380704,
            "51": 0.010926109261092611,
            "52": 0.0016020160201602016,
            "53": 0.14729547295472956,
            "54": 0.012978129781297813,
            "55": 0.09446494464944649,
            "56": 0.00016200162001620016,
            "57": 1.800018000180002e-05,
            "58": 9.000090000900009e-05,
            "59": 0.0029340293402934027,
            "60": 0.027288272882728826
        },
        "mrca": 0,
        "size": 55555
    },
    "6": {
        "clone_proportion": {
            "0": 0.843552,
            "1": 0.156448
        },
        "mrca": 0,
        "size": 125000
    },
    "7": {
        "clone_proportion": {
            "16": 0.5489723917791343,
            "17": 0.01831214649717198,
            "18": 0.4327154617236938
        },
        "mrca": 0,
        "size": 35714
    },
    "8": {
        "clone_proportion": {
            "1": 1.0
        },
        "mrca": 1,
        "size": 29411
    },
    "9": {
        "clone_proportion": {
            "3": 0.522336,
            "4": 0.00168,
            "5": 0.065136,
            "6": 0.000144,
            "7": 1.6e-05,
            "8": 0.016208,
            "9": 0.0012,
            "10": 0.008864,
            "11": 0.008512,
            "12": 0.000336,
            "13": 0.0004,
            "14": 0.01392,
            "15": 0.002352,
            "16": 0.358896
        },
        "mrca": 0,
        "size": 62500
    }
}