{
    "0": {
        "clone_proportion": {
            "2": 1.0
        },
        "mrca": 2,
        "size": 23474
    },
    "1": {
        "clone_proportion": {
            "2": 1.0
        },
        "mrca": 2,
        "size": 25150
    },
    "2": {
        "clone_proportion": {
            "0": 0.12058334871700203,
            "1": 0.015100609193280413,
            "2": 0.8643160420897176
        },
        "mrca": 0,
        "size": 27085
    },
    "3": {
        "clone_proportion": {
            "0": 1.0
        },
        "mrca": 0,
        "size": 35211
    },
    "4": {
        "clone_proportion": {
            "0": 1.0
        },
        "mrca": 0,
        "size": 58685
    },
    "5": {
        "clone_proportion": {
            "0": 1.0
        },
        "mrca": 0,
        "size": 70422
    },
    "6": {
        "clone_proportion": {
            "0": 1.0
        },
        "mrca": 0,
        "size": 70422
    },
    "7": {
        "clone_proportion": {
            "0": 0.6017176596886742,
            "1": 0.00813105107254329,
            "2": 0.3901512892387825
        },
        "mrca": 0,
        "size": 50301
    },
    "8": {
        "clone_proportion": {
            "2": 1.0
        },
        "mrca": 2,
        "size": 39123
    },
    "9": {
        "clone_proportion": {
            "2": 1.0
        },
        "mrca": 2,
        "size": 17605
    }
}