{
    "0": {
        "clone_proportion": {
            "2": 1.0
        },
        "mrca": 2,
        "size": 30851
    },
    "1": {
        "clone_proportion": {
            "2": 1.0
        },
        "mrca": 2,
        "size": 37021
    },
    "2": {
        "clone_proportion": {
            "2": 1.0
        },
        "mrca": 2,
        "size": 50484
    },
    "3": {
        "clone_proportion": {
            "2": 1.0
        },
        "mrca": 2,
        "size": 61702
    },
    "4": {
        "clone_proportion": {
            "3": 0.021693641909948068,
            "4": 0.48240306559774115,
            "5": 0.4897393233499723,
            "6": 0.003970654968991075,
            "7": 0.0021554984117380122,
            "8": 3.7815761609438814e-05
        },
        "mrca": 2,
        "size": 79332
    },
    "5": {
        "clone_proportion": {
            "2": 0.633203319143419,
            "3": 0.10638113965900987,
            "4": 0.2067441709704605,
            "5": 0.05367137022711066
        },
        "mrca": 2,
        "size": 185108
    },
    "6": {
        "clone_proportion": {
            "2": 0.7573632690105235,
            "3": 0.21276227931801975,
            "4": 0.029874451671456664
        },
        "mrca": 2,
        "size": 92554
    },
    "7": {
        "clone_proportion": {
            "2": 1.0
        },
        "mrca": 2,
        "size": 138831
    },
    "8": {
        "clone_proportion": {
            "0": 1.0
        },
        "mrca": 0,
        "size": 55532
    },
    "9": {
        "clone_proportion": {
            "2": 1.0
        },
        "mrca": 2,
        "size": 185108
    }
}