{
    "0": {
        "clone_proportion": {
            "3": 1.0
        },
        "mrca": 3,
        "size": 18042
    },
    "1": {
        "clone_proportion": {
            "3": 1.0
        },
        "mrca": 3,
        "size": 85701
    },
    "2": {
        "clone_proportion": {
            "0": 0.09101516919486581,
            "1": 0.044049008168028,
            "2": 0.06344807467911319,
            "3": 0.801487747957993
        },
        "mrca": 0,
        "size": 34280
    },
    "3": {
        "clone_proportion": {
            "0": 1.0
        },
        "mrca": 0,
        "size": 34280
    },
    "4": {
        "clone_proportion": {
            "3": 1.0
        },
        "mrca": 3,
        "size": 21425
    },
    "5": {
        "clone_proportion": {
            "0": 1.0
        },
        "mrca": 0,
        "size": 38089
    },
    "6": {
        "clone_proportion": {
            "0": 1.0
        },
        "mrca": 0,
        "size": 17140
    },
    "7": {
        "clone_proportion": {
            "0": 1.0
        },
        "mrca": 0,
        "size": 22853
    },
    "8": {
        "clone_proportion": {
            "0": 1.0
        },
        "mrca": 0,
        "size": 22853
    },
    "9": {
        "clone_proportion": {
            "0": 0.9346279393361279,
            "1": 0.013214432610769326,
            "2": 0.019034033727432637,
            "3": 0.03312359432567013
        },
        "mrca": 0,
        "size": 114269
    }
}