{
    "0": {
        "clone_proportion": {
            "4": 1.0
        },
        "mrca": 4,
        "size": 222184
    },
    "1": {
        "clone_proportion": {
            "4": 1.0
        },
        "mrca": 4,
        "size": 55546
    },
    "2": {
        "clone_proportion": {
            "4": 0.29957752733470155,
            "5": 0.026704593190028686,
            "6": 0.6737178794752697
        },
        "mrca": 0,
        "size": 166638
    },
    "3": {
        "clone_proportion": {
            "4": 1.0
        },
        "mrca": 4,
        "size": 60595
    },
    "4": {
        "clone_proportion": {
            "4": 1.0
        },
        "mrca": 4,
        "size": 74061
    },
    "5": {
        "clone_proportion": {
            "4": 0.8326432146329169,
            "5": 0.05340918638005737,
            "6": 0.11394759898702576
        },
        "mrca": 0,
        "size": 83319
    },
    "6": {
        "clone_proportion": {
            "4": 0.4868637405633769,
            "5": 0.05340918638005737,
            "6": 0.45972707305656574
        },
        "mrca": 0,
        "size": 83319
    },
    "7": {
        "clone_proportion": {
            "4": 1.0
        },
        "mrca": 4,
        "size": 51273
    },
    "8": {
        "clone_proportion": {
            "4": 1.0
        },
        "mrca": 4,
        "size": 44436
    },
    "9": {
        "clone_proportion": {
            "4": 1.0
        },
        "mrca": 4,
        "size": 111092
    }
}