{
    "0": {
        "clone_proportion": {
            "0": 1.0
        },
        "mrca": 0,
        "size": 14285
    },
    "1": {
        "clone_proportion": {
            "6": 0.36433185991159467,
            "7": 0.07276436586195172,
            "8": 0.011050663039782386,
            "9": 0.058993539612376744,
            "10": 0.004590275416524991,
            "11": 0.045902754165249915,
            "12": 0.05440326419585175,
            "13": 0.030771846310778648,
            "14": 0.0025501530091805507,
            "15": 0.025671540292417545,
            "16": 0.0005100306018361102,
            "17": 0.011390683441006461,
            "18": 0.12308738524311459,
            "19": 0.019381162869772185,
            "20": 0.009010540632437947,
            "21": 0.016490989459367562,
            "22": 0.08262495749744984,
            "23": 0.0011900714042842571,
            "24": 0.0005100306018361102,
            "25": 0.06477388643318599
        },
        "mrca": 0,
        "size": 5882
    },
    "2": {
        "clone_proportion": {
            "0": 1.0
        },
        "mrca": 0,
        "size": 5263
    },
    "3": {
        "clone_proportion": {
            "0": 1.0
        },
        "mrca": 0,
        "size": 7692
    },
    "4": {
        "clone_proportion": {
            "0": 1.0
        },
        "mrca": 0,
        "size": 11111
    },
    "5": {
        "clone_proportion": {
            "0": 1.0
        },
        "mrca": 0,
        "size": 20000
    },
    "6": {
        "clone_proportion": {
            "0": 1.0
        },
        "mrca": 0,
        "size": 5000
    },
    "7": {
        "clone_proportion": {
            "0": 1.0
        },
        "mrca": 0,
        "size": 8333
    },
    "8": {
        "clone_proportion": {
            "0": 1.0
        },
        "mrca": 0,
        "size": 33333
    },
    "9": {
        "clone_proportion": {
            "0": 1.0
        },
        "mrca": 0,
        "size": 5555
    }
}