{
    "N_max": 828205,
    "M": 828205,
    "picking": "adjacent",
    "mutation_rate": 32.324466538273214,
    "P_death": 0.26962323200786487,
    "D": 640,
    "new_clone_frequency": 0.00481966916709671,
    "depth_sequencing": 100,
    "min_alt_reads": 2,
    "n_sequencing": 10,
    "max_horizontal": 2
}