{
    "N_max": 708364,
    "M": 708364,
    "picking": "adjacent",
    "mutation_rate": 18.308573863477434,
    "P_death": 0.08130172813345071,
    "D": 640,
    "new_clone_frequency": 0.008456537807237055,
    "depth_sequencing": 100,
    "min_alt_reads": 2,
    "n_sequencing": 10,
    "max_horizontal": 2
}