{
    "0": {
        "clone_proportion": {
            "1": 0.3343876242466635,
            "2": 0.6656123757533364
        },
        "mrca": 0,
        "size": 197289
    },
    "1": {
        "clone_proportion": {
            "1": 1.0
        },
        "mrca": 1,
        "size": 61652
    },
    "2": {
        "clone_proportion": {
            "1": 0.1744293903866916,
            "2": 0.8255706096133084
        },
        "mrca": 0,
        "size": 197289
    },
    "3": {
        "clone_proportion": {
            "2": 1.0
        },
        "mrca": 2,
        "size": 70460
    },
    "4": {
        "clone_proportion": {
            "4": 1.0
        },
        "mrca": 4,
        "size": 58026
    },
    "5": {
        "clone_proportion": {
            "1": 1.0
        },
        "mrca": 1,
        "size": 61652
    },
    "6": {
        "clone_proportion": {
            "2": 1.0
        },
        "mrca": 2,
        "size": 98644
    },
    "7": {
        "clone_proportion": {
            "0": 1.0
        },
        "mrca": 0,
        "size": 109605
    },
    "8": {
        "clone_proportion": {
            "0": 0.28157721600856406,
            "1": 0.7184227839914359
        },
        "mrca": 0,
        "size": 89677
    },
    "9": {
        "clone_proportion": {
            "2": 0.12811524269088845,
            "3": 0.007266534203803576,
            "4": 0.864618223105308
        },
        "mrca": 0,
        "size": 70460
    }
}