{
    "0": {
        "clone_proportion": {
            "0": 1.0
        },
        "mrca": 0,
        "size": 39516
    },
    "1": {
        "clone_proportion": {
            "5": 1.0
        },
        "mrca": 5,
        "size": 51675
    },
    "2": {
        "clone_proportion": {
            "5": 0.8793519229738661,
            "6": 0.12064807702613387
        },
        "mrca": 3,
        "size": 55981
    },
    "3": {
        "clone_proportion": {
            "0": 0.19166919728717483,
            "1": 0.8083308027128252
        },
        "mrca": 0,
        "size": 39516
    },
    "4": {
        "clone_proportion": {
            "5": 1.0
        },
        "mrca": 5,
        "size": 39516
    },
    "5": {
        "clone_proportion": {
            "5": 1.0
        },
        "mrca": 5,
        "size": 33589
    },
    "6": {
        "clone_proportion": {
            "5": 1.0
        },
        "mrca": 5,
        "size": 33589
    },
    "7": {
        "clone_proportion": {
            "0": 0.2062913641113582,
            "1": 0.7937086358886418
        },
        "mrca": 0,
        "size": 74642
    },
    "8": {
        "clone_proportion": {
            "5": 1.0
        },
        "mrca": 5,
        "size": 95968
    },
    "9": {
        "clone_proportion": {
            "1": 0.9363182479926404,
            "2": 0.022837901806846906,
            "3": 0.04084385020051267
        },
        "mrca": 0,
        "size": 111963
    }
}