{
    "0": {
        "clone_proportion": {
            "4": 0.37557685481008163,
            "5": 0.01193645722399716,
            "6": 0.6124866879659212
        },
        "mrca": 1,
        "size": 45072
    },
    "1": {
        "clone_proportion": {
            "3": 1.0
        },
        "mrca": 3,
        "size": 97656
    },
    "2": {
        "clone_proportion": {
            "0": 0.3969058001314139,
            "1": 0.6030941998685861
        },
        "mrca": 0,
        "size": 83705
    },
    "3": {
        "clone_proportion": {
            "4": 1.0
        },
        "mrca": 4,
        "size": 83705
    },
    "4": {
        "clone_proportion": {
            "3": 1.0
        },
        "mrca": 3,
        "size": 58593
    },
    "5": {
        "clone_proportion": {
            "4": 0.2917793069550258,
            "5": 0.011018268206766609,
            "6": 0.6972024248382076
        },
        "mrca": 1,
        "size": 48828
    },
    "6": {
        "clone_proportion": {
            "4": 1.0
        },
        "mrca": 4,
        "size": 45072
    },
    "7": {
        "clone_proportion": {
            "6": 1.0
        },
        "mrca": 6,
        "size": 34466
    },
    "8": {
        "clone_proportion": {
            "3": 1.0
        },
        "mrca": 3,
        "size": 65104
    },
    "9": {
        "clone_proportion": {
            "3": 1.0
        },
        "mrca": 3,
        "size": 83705
    }
}