{
    "0": {
        "clone_proportion": {
            "4": 1.0
        },
        "mrca": 4,
        "size": 24061
    },
    "1": {
        "clone_proportion": {
            "4": 1.0
        },
        "mrca": 4,
        "size": 80206
    },
    "2": {
        "clone_proportion": {
            "2": 0.3787585977599069,
            "3": 0.0031170126550713797,
            "4": 0.6181243895850217
        },
        "mrca": 2,
        "size": 48123
    },
    "3": {
        "clone_proportion": {
            "4": 0.8619118270453582,
            "6": 0.1380881729546418
        },
        "mrca": 0,
        "size": 28308
    },
    "4": {
        "clone_proportion": {
            "4": 1.0
        },
        "mrca": 4,
        "size": 24061
    },
    "5": {
        "clone_proportion": {
            "0": 1.0
        },
        "mrca": 0,
        "size": 24061
    },
    "6": {
        "clone_proportion": {
            "0": 1.0
        },
        "mrca": 0,
        "size": 26735
    },
    "7": {
        "clone_proportion": {
            "0": 1.0
        },
        "mrca": 0,
        "size": 40103
    },
    "8": {
        "clone_proportion": {
            "0": 1.0
        },
        "mrca": 0,
        "size": 60154
    },
    "9": {
        "clone_proportion": {
            "4": 1.0
        },
        "mrca": 4,
        "size": 80206
    }
}