{
    "0": {
        "clone_proportion": {
            "4": 1.0
        },
        "mrca": 4,
        "size": 42650
    },
    "1": {
        "clone_proportion": {
            "0": 0.31260290531668783,
            "1": 0.17948771388674684,
            "2": 0.5079093807965653
        },
        "mrca": 0,
        "size": 47981
    },
    "2": {
        "clone_proportion": {
            "4": 1.0
        },
        "mrca": 4,
        "size": 25590
    },
    "3": {
        "clone_proportion": {
            "4": 1.0
        },
        "mrca": 4,
        "size": 19192
    },
    "4": {
        "clone_proportion": {
            "0": 1.0
        },
        "mrca": 0,
        "size": 23990
    },
    "5": {
        "clone_proportion": {
            "0": 1.0
        },
        "mrca": 0,
        "size": 127950
    },
    "6": {
        "clone_proportion": {
            "0": 0.996170399007951,
            "1": 0.0038296009920490187
        },
        "mrca": 0,
        "size": 27418
    },
    "7": {
        "clone_proportion": {
            "4": 1.0
        },
        "mrca": 4,
        "size": 31987
    },
    "8": {
        "clone_proportion": {
            "0": 1.0
        },
        "mrca": 0,
        "size": 19192
    },
    "9": {
        "clone_proportion": {
            "4": 1.0
        },
        "mrca": 4,
        "size": 27418
    }
}