{
    "0": {
        "clone_proportion": {
            "3": 1.0
        },
        "mrca": 3,
        "size": 33974
    },
    "1": {
        "clone_proportion": {
            "9": 1.0
        },
        "mrca": 9,
        "size": 32186
    },
    "2": {
        "clone_proportion": {
            "1": 0.4549830920876203,
            "2": 0.5450169079123798
        },
        "mrca": 0,
        "size": 152887
    },
    "3": {
        "clone_proportion": {
            "4": 1.0
        },
        "mrca": 4,
        "size": 30577
    },
    "4": {
        "clone_proportion": {
            "1": 1.0
        },
        "mrca": 1,
        "size": 67949
    },
    "5": {
        "clone_proportion": {
            "3": 0.04014245838831684,
            "4": 0.3495871944429455,
            "5": 0.09510470985876801,
            "6": 0.11536970993235189,
            "7": 0.008521013102835923,
            "8": 0.0002550907779778169,
            "9": 0.39101982349680403
        },
        "mrca": 0,
        "size": 203849
    },
    "6": {
        "clone_proportion": {
            "0": 1.0
        },
        "mrca": 0,
        "size": 30577
    },
    "7": {
        "clone_proportion": {
            "1": 1.0
        },
        "mrca": 1,
        "size": 61154
    },
    "8": {
        "clone_proportion": {
            "3": 1.0
        },
        "mrca": 3,
        "size": 38221
    },
    "9": {
        "clone_proportion": {
            "0": 1.0
        },
        "mrca": 0,
        "size": 33974
    }
}