{
    "0": {
        "clone_proportion": {
            "3": 1.0
        },
        "mrca": 3,
        "size": 1209897
    },
    "1": {
        "clone_proportion": {
            "6": 1.0
        },
        "mrca": 6,
        "size": 423464
    },
    "2": {
        "clone_proportion": {
            "0": 1.0
        },
        "mrca": 0,
        "size": 423464
    },
    "3": {
        "clone_proportion": {
            "3": 0.7015817165095498,
            "4": 0.0015987191355109288,
            "5": 0.05900383503674456,
            "6": 0.2378157293181947
        },
        "mrca": 0,
        "size": 2117320
    },
    "4": {
        "clone_proportion": {
            "3": 1.0
        },
        "mrca": 3,
        "size": 470515
    },
    "5": {
        "clone_proportion": {
            "3": 1.0
        },
        "mrca": 3,
        "size": 1209897
    },
    "6": {
        "clone_proportion": {
            "3": 1.0
        },
        "mrca": 3,
        "size": 846928
    },
    "7": {
        "clone_proportion": {
            "3": 1.0
        },
        "mrca": 3,
        "size": 498192
    },
    "8": {
        "clone_proportion": {
            "0": 1.0
        },
        "mrca": 0,
        "size": 769934
    },
    "9": {
        "clone_proportion": {
            "3": 1.0
        },
        "mrca": 3,
        "size": 1058660
    },
    "10": {
        "clone_proportion": {
            "0": 1.0
        },
        "mrca": 0,
        "size": 564618
    },
    "11": {
        "clone_proportion": {
            "6": 0.8672224793607013,
            "7": 0.0011665690589991121,
            "8": 0.13161095158029962
        },
        "mrca": 0,
        "size": 846928
    },
    "12": {
        "clone_proportion": {
            "3": 1.0
        },
        "mrca": 3,
        "size": 604948
    },
    "13": {
        "clone_proportion": {
            "0": 1.0
        },
        "mrca": 0,
        "size": 1058660
    },
    "14": {
        "clone_proportion": {
            "3": 1.0
        },
        "mrca": 3,
        "size": 564618
    },
    "15": {
        "clone_proportion": {
            "0": 1.0
        },
        "mrca": 0,
        "size": 423464
    },
    "16": {
        "clone_proportion": {
            "0": 1.0
        },
        "mrca": 0,
        "size": 651483
    },
    "17": {
        "clone_proportion": {
            "0": 0.8297781297952741,
            "1": 0.029131888014984987,
            "2": 0.10423323079800446,
            "3": 0.036856751391736435
        },
        "mrca": 0,
        "size": 1411546
    },
    "18": {
        "clone_proportion": {
            "3": 1.0
        },
        "mrca": 3,
        "size": 2823093
    },
    "19": {
        "clone_proportion": {
            "3": 0.09452195998002189,
            "4": 0.007194244604316547,
            "5": 0.26551757117201363,
            "6": 0.6327662242436479
        },
        "mrca": 0,
        "size": 470515
    },
    "20": {
        "clone_proportion": {
            "0": 1.0
        },
        "mrca": 0,
        "size": 941031
    },
    "21": {
        "clone_proportion": {
            "0": 0.6353012076359792,
            "1": 0.0534084739730938,
            "2": 0.1910943015894869,
            "3": 0.12019601680144013
        },
        "mrca": 0,
        "size": 769934
    },
    "22": {
        "clone_proportion": {
            "0": 1.0
        },
        "mrca": 0,
        "size": 651483
    },
    "23": {
        "clone_proportion": {
            "3": 1.0
        },
        "mrca": 3,
        "size": 1411546
    },
    "24": {
        "clone_proportion": {
            "0": 1.0
        },
        "mrca": 0,
        "size": 941031
    },
    "25": {
        "clone_proportion": {
            "3": 1.0
        },
        "mrca": 3,
        "size": 1693856
    },
    "26": {
        "clone_proportion": {
            "0": 1.0
        },
        "mrca": 0,
        "size": 604948
    },
    "27": {
        "clone_proportion": {
            "0": 1.0
        },
        "mrca": 0,
        "size": 445751
    },
    "28": {
        "clone_proportion": {
            "0": 1.0
        },
        "mrca": 0,
        "size": 2117320
    },
    "29": {
        "clone_proportion": {
            "3": 1.0
        },
        "mrca": 3,
        "size": 564618
    },
    "30": {
        "clone_proportion": {
            "0": 1.0
        },
        "mrca": 0,
        "size": 2117320
    },
    "31": {
        "clone_proportion": {
            "0": 1.0
        },
        "mrca": 0,
        "size": 564618
    },
    "32": {
        "clone_proportion": {
            "3": 0.03271624420449486,
            "4": 0.003597118479625007,
            "5": 0.13275864450799177,
            "6": 0.8309279928078883
        },
        "mrca": 0,
        "size": 941031
    },
    "33": {
        "clone_proportion": {
            "3": 1.0
        },
        "mrca": 3,
        "size": 1411546
    },
    "34": {
        "clone_proportion": {
            "0": 1.0
        },
        "mrca": 0,
        "size": 423464
    },
    "35": {
        "clone_proportion": {
            "3": 1.0
        },
        "mrca": 3,
        "size": 1209897
    },
    "36": {
        "clone_proportion": {
            "6": 1.0
        },
        "mrca": 6,
        "size": 769934
    },
    "37": {
        "clone_proportion": {
            "3": 1.0
        },
        "mrca": 3,
        "size": 564618
    },
    "38": {
        "clone_proportion": {
            "0": 1.0
        },
        "mrca": 0,
        "size": 529330
    },
    "39": {
        "clone_proportion": {
            "3": 0.9114405134132433,
            "4": 0.005195837803902788,
            "5": 0.08336364878285389
        },
        "mrca": 0,
        "size": 651483
    },
    "40": {
        "clone_proportion": {
            "3": 1.0
        },
        "mrca": 3,
        "size": 1209897
    },
    "41": {
        "clone_proportion": {
            "3": 0.08369729622505835,
            "4": 0.005995203836930456,
            "5": 0.2212646426433447,
            "6": 0.6890428572946665
        },
        "mrca": 0,
        "size": 564618
    },
    "42": {
        "clone_proportion": {
            "0": 1.0
        },
        "mrca": 0,
        "size": 529330
    },
    "43": {
        "clone_proportion": {
            "0": 1.0
        },
        "mrca": 0,
        "size": 1209897
    },
    "44": {
        "clone_proportion": {
            "3": 1.0
        },
        "mrca": 3,
        "size": 445751
    },
    "45": {
        "clone_proportion": {
            "0": 1.0
        },
        "mrca": 0,
        "size": 769934
    },
    "46": {
        "clone_proportion": {
            "3": 1.0
        },
        "mrca": 3,
        "size": 651483
    },
    "47": {
        "clone_proportion": {
            "6": 1.0
        },
        "mrca": 6,
        "size": 769934
    },
    "48": {
        "clone_proportion": {
            "3": 1.0
        },
        "mrca": 3,
        "size": 846928
    },
    "49": {
        "clone_proportion": {
            "0": 1.0
        },
        "mrca": 0,
        "size": 1209897
    },
    "50": {
        "clone_proportion": {
            "0": 0.6535094663902322,
            "1": 0.014565938847923182,
            "2": 0.05211659693818092,
            "3": 0.2798079978236636
        },
        "mrca": 0,
        "size": 2823093
    },
    "51": {
        "clone_proportion": {
            "0": 1.0
        },
        "mrca": 0,
        "size": 423464
    },
    "52": {
        "clone_proportion": {
            "0": 1.0
        },
        "mrca": 0,
        "size": 1209897
    },
    "53": {
        "clone_proportion": {
            "6": 0.6806411985740437,
            "7": 0.001983171146867071,
            "8": 0.31737563027908916
        },
        "mrca": 0,
        "size": 498192
    },
    "54": {
        "clone_proportion": {
            "0": 1.0
        },
        "mrca": 0,
        "size": 2823093
    },