{
    "0": {
        "clone_proportion": {
            "0": 1.0
        },
        "mrca": 0,
        "size": 14285
    },
    "1": {
        "clone_proportion": {
            "0": 1.0
        },
        "mrca": 0,
        "size": 9090
    },
    "2": {
        "clone_proportion": {
            "0": 1.0
        },
        "mrca": 0,
        "size": 5263
    },
    "3": {
        "clone_proportion": {
            "2": 0.6595463818552743,
            "3": 0.005880235209408376,
            "4": 0.0008400336013440538,
            "5": 0.00012000480019200768,
            "6": 0.0006000240009600384,
            "7": 0.001080043201728069,
            "8": 0.0032401296051842074,
            "9": 0.040201608064322575,
            "10": 0.0046801872074883,
            "11": 0.00012000480019200768,
            "12": 0.023640945637825515,
            "13": 0.025081003240129605,
            "14": 0.004200168006720269,
            "15": 0.007080283211328453,
            "16": 0.0032401296051842074,
            "17": 0.0008400336013440538,
            "18": 0.00012000480019200768,
            "19": 0.00012000480019200768,
            "20": 0.0006000240009600384,
            "21": 0.0015600624024961,
            "22": 0.002280091203648146,
            "23": 0.0020400816032641305,
            "24": 0.0078003120124804995,
            "25": 0.0006000240009600384,
            "26": 0.0013200528021120844,
            "27": 0.001080043201728069,
            "28": 0.0015600624024961,
            "29": 0.0008400336013440538,
            "30": 0.004440177607104284,
            "31": 0.00012000480019200768,
            "32": 0.0015600624024961,
            "33": 0.0008400336013440538,
            "34": 0.0015600624024961,
            "35": 0.00012000480019200768,
            "36": 0.015480619224768991,
            "37": 0.00012000480019200768,
            "38": 0.0006000240009600384,
            "39": 0.00012000480019200768,
            "40": 0.001080043201728069,
            "41": 0.0015600624024961,
            "42": 0.003960158406336254,
            "43": 0.003000120004800192,
            "44": 0.005400216008640346,
            "45": 0.002280091203648146,
            "46": 0.0078003120124804995,
            "47": 0.007320292811712469,
            "48": 0.0013200528021120844,
            "49": 0.02844113764550582,
            "50": 0.0013200528021120844,
            "51": 0.0015600624024961,
            "52": 0.02580103204128165,
            "53": 0.010680427217088683,
            "54": 0.00024000960038401536,
            "55": 0.0018000720028801152,
            "56": 0.00012000480019200768,
            "57": 0.0034801392055682227,
            "58": 0.001080043201728069,
            "59": 0.00012000480019200768,
            "60": 0.002760110404416177,
            "61": 0.001080043201728069,
            "62": 0.010200408016320653,
            "63": 0.005880235209408376,
            "64": 0.004440177607104284,
            "65": 0.0061202448097923915,
            "66": 0.0006000240009600384,
            "67": 0.00012000480019200768,
            "68": 0.00012000480019200768,
            "69": 0.00012000480019200768,
            "70": 0.0006000240009600384,
            "71": 0.00036001440057602306,
            "72": 0.0006000240009600384,
            "73": 0.00012000480019200768,
            "74": 0.00012000480019200768,
            "75": 0.00012000480019200768,
            "76": 0.00012000480019200768,
            "77": 0.0006000240009600384,
            "78": 0.0020400816032641305,
            "79": 0.00012000480019200768,
            "80": 0.00012000480019200768,
            "81": 0.0006000240009600384,
            "82": 0.00036001440057602306,
            "83": 0.0006000240009600384,
            "84": 0.0006000240009600384,
            "85": 0.00828033121324853,
            "86": 0.00036001440057602306,
            "87": 0.00012000480019200768,
            "88": 0.0171606864274571,
            "89": 0.00012000480019200768,
            "90": 0.00012000480019200768,
            "91": 0.0006000240009600384,
            "92": 0.0008400336013440538,
            "93": 0.00024000960038401536
        },
        "mrca": 0,
        "size": 8333
    },
    "4": {
        "clone_proportion": {
            "0": 1.0
        },
        "mrca": 0,
        "size": 14285
    },
    "5": {
        "clone_proportion": {
            "0": 1.0
        },
        "mrca": 0,
        "size": 12500
    },
    "6": {
        "clone_proportion": {
            "0": 1.0
        },
        "mrca": 0,
        "size": 5555
    },
    "7": {
        "clone_proportion": {
            "0": 1.0
        },
        "mrca": 0,
        "size": 8333
    },
    "8": {
        "clone_proportion": {
            "0": 1.0
        },
        "mrca": 0,
        "size": 14285
    },
    "9": {
        "clone_proportion": {
            "0": 1.0
        },
        "mrca": 0,
        "size": 7142
    }
}