{
    "0": {
        "clone_proportion": {
            "0": 0.8577235772357723,
            "1": 0.14227642276422764
        },
        "mrca": 0,
        "size": 44280
    },
    "1": {
        "clone_proportion": {
            "0": 1.0
        },
        "mrca": 0,
        "size": 24153
    },
    "2": {
        "clone_proportion": {
            "0": 1.0
        },
        "mrca": 0,
        "size": 53136
    },
    "3": {
        "clone_proportion": {
            "0": 1.0
        },
        "mrca": 0,
        "size": 88561
    },
    "4": {
        "clone_proportion": {
            "0": 1.0
        },
        "mrca": 0,
        "size": 20437
    },
    "5": {
        "clone_proportion": {
            "0": 0.30922189225505586,
            "1": 0.3276611601043349,
            "2": 0.13422386829417013,
            "3": 0.14676889375684557,
            "4": 0.01874414245548266,
            "5": 0.0012533733810593827,
            "6": 0.03258770790754395,
            "7": 0.029538961845507618
        },
        "mrca": 0,
        "size": 88561
    },
    "6": {
        "clone_proportion": {
            "0": 1.0
        },
        "mrca": 0,
        "size": 13983
    },
    "7": {
        "clone_proportion": {
            "0": 1.0
        },
        "mrca": 0,
        "size": 18977
    },
    "8": {
        "clone_proportion": {
            "0": 1.0
        },
        "mrca": 0,
        "size": 22140
    },
    "9": {
        "clone_proportion": {
            "0": 1.0
        },
        "mrca": 0,
        "size": 88561
    }
}