{
    "0": {
        "clone_proportion": {
            "1": 1.0
        },
        "mrca": 1,
        "size": 15206
    },
    "1": {
        "clone_proportion": {
            "0": 1.0
        },
        "mrca": 0,
        "size": 19550
    },
    "2": {
        "clone_proportion": {
            "6": 1.0
        },
        "mrca": 6,
        "size": 17106
    },
    "3": {
        "clone_proportion": {
            "0": 1.0
        },
        "mrca": 0,
        "size": 15206
    },
    "4": {
        "clone_proportion": {
            "4": 0.0524792844929633,
            "6": 0.9475207155070366
        },
        "mrca": 4,
        "size": 15206
    },
    "5": {
        "clone_proportion": {
            "4": 0.39290476973383753,
            "6": 0.6070952302661625
        },
        "mrca": 4,
        "size": 54741
    },
    "6": {
        "clone_proportion": {
            "1": 1.0
        },
        "mrca": 1,
        "size": 27370
    },
    "7": {
        "clone_proportion": {
            "4": 1.0
        },
        "mrca": 4,
        "size": 27370
    },
    "8": {
        "clone_proportion": {
            "0": 1.0
        },
        "mrca": 0,
        "size": 22809
    },
    "9": {
        "clone_proportion": {
            "6": 1.0
        },
        "mrca": 6,
        "size": 30412
    }
}