{
    "0": {
        "clone_proportion": {
            "4": 0.7272331944192788,
            "5": 0.27276680558072114
        },
        "mrca": 2,
        "size": 27595
    },
    "1": {
        "clone_proportion": {
            "0": 0.6691223492696903,
            "1": 0.00015348016268897246,
            "2": 0.3307241705676208
        },
        "mrca": 0,
        "size": 78186
    },
    "2": {
        "clone_proportion": {
            "0": 0.6128685687000119,
            "1": 0.00035812343320997973,
            "2": 0.3867733078667781
        },
        "mrca": 0,
        "size": 33508
    },
    "3": {
        "clone_proportion": {
            "0": 0.45596009549795363,
            "1": 0.00010231923601637107,
            "2": 0.54393758526603
        },
        "mrca": 0,
        "size": 117280
    },
    "4": {
        "clone_proportion": {
            "2": 0.8621071883833066,
            "3": 0.13789281161669345
        },
        "mrca": 2,
        "size": 36086
    },
    "5": {
        "clone_proportion": {
            "2": 1.0
        },
        "mrca": 2,
        "size": 26062
    },
    "6": {
        "clone_proportion": {
            "5": 0.826373345270832,
            "6": 0.037699047131802776,
            "7": 0.13592760759736522
        },
        "mrca": 3,
        "size": 31274
    },
    "7": {
        "clone_proportion": {
            "2": 0.35464149591998567,
            "3": 0.6453585040800143
        },
        "mrca": 2,
        "size": 39093
    },
    "8": {
        "clone_proportion": {
            "3": 0.2004348613879326,
            "4": 0.7953977169777133,
            "5": 0.0041674216343540495
        },
        "mrca": 2,
        "size": 27595
    },
    "9": {
        "clone_proportion": {
            "5": 0.7906053687870241,
            "6": 0.017592551143739647,
            "7": 0.19180208006923616
        },
        "mrca": 3,
        "size": 67017
    }
}