{
    "0": {
        "clone_proportion": {
            "0": 0.14207958426874057,
            "2": 0.0051859333787801455,
            "3": 0.8527344823524793
        },
        "mrca": 0,
        "size": 280181
    },
    "1": {
        "clone_proportion": {
            "3": 1.0
        },
        "mrca": 3,
        "size": 44239
    },
    "2": {
        "clone_proportion": {
            "3": 1.0
        },
        "mrca": 3,
        "size": 60038
    },
    "3": {
        "clone_proportion": {
            "3": 1.0
        },
        "mrca": 3,
        "size": 140090
    },
    "4": {
        "clone_proportion": {
            "3": 1.0
        },
        "mrca": 3,
        "size": 44239
    },
    "5": {
        "clone_proportion": {
            "0": 1.0
        },
        "mrca": 0,
        "size": 140090
    },
    "6": {
        "clone_proportion": {
            "0": 1.0
        },
        "mrca": 0,
        "size": 105068
    },
    "7": {
        "clone_proportion": {
            "0": 0.3903245417523756,
            "2": 0.012100568801685585,
            "3": 0.5975748894459388
        },
        "mrca": 0,
        "size": 120077
    },
    "8": {
        "clone_proportion": {
            "0": 1.0
        },
        "mrca": 0,
        "size": 105068
    },
    "9": {
        "clone_proportion": {
            "0": 1.0
        },
        "mrca": 0,
        "size": 105068
    }
}