{
    "0": {
        "clone_proportion": {
            "0": 1.0
        },
        "mrca": 0,
        "size": 55465
    },
    "1": {
        "clone_proportion": {
            "3": 0.4150489813089729,
            "4": 0.0003004988280545706,
            "5": 0.5846505198629726
        },
        "mrca": 1,
        "size": 16639
    },
    "2": {
        "clone_proportion": {
            "2": 1.0
        },
        "mrca": 2,
        "size": 36976
    },
    "3": {
        "clone_proportion": {
            "2": 1.0
        },
        "mrca": 2,
        "size": 25599
    },
    "4": {
        "clone_proportion": {
            "0": 0.4313428530217799,
            "1": 0.0062382806865714695,
            "2": 0.5624188662916486
        },
        "mrca": 0,
        "size": 27732
    },
    "5": {
        "clone_proportion": {
            "6": 1.0
        },
        "mrca": 6,
        "size": 22186
    },
    "6": {
        "clone_proportion": {
            "6": 1.0
        },
        "mrca": 6,
        "size": 17515
    },
    "7": {
        "clone_proportion": {
            "0": 1.0
        },
        "mrca": 0,
        "size": 83197
    },
    "8": {
        "clone_proportion": {
            "0": 1.0
        },
        "mrca": 0,
        "size": 47541
    },
    "9": {
        "clone_proportion": {
            "0": 0.9159740376814207,
            "1": 0.001559542053547282,
            "2": 0.08246642026503201
        },
        "mrca": 0,
        "size": 110930
    }
}