{
    "0": {
        "clone_proportion": {
            "1": 1.0
        },
        "mrca": 1,
        "size": 12593
    },
    "1": {
        "clone_proportion": {
            "1": 0.7912049128255806,
            "2": 0.2087950871744194
        },
        "mrca": 0,
        "size": 14167
    },
    "2": {
        "clone_proportion": {
            "0": 1.0
        },
        "mrca": 0,
        "size": 8095
    },
    "3": {
        "clone_proportion": {
            "1": 0.29321663019693656,
            "2": 0.7067833698030634
        },
        "mrca": 0,
        "size": 14167
    },
    "4": {
        "clone_proportion": {
            "1": 1.0
        },
        "mrca": 1,
        "size": 9444
    },
    "5": {
        "clone_proportion": {
            "1": 1.0
        },
        "mrca": 1,
        "size": 28334
    },
    "6": {
        "clone_proportion": {
            "0": 1.0
        },
        "mrca": 0,
        "size": 7083
    },
    "7": {
        "clone_proportion": {
            "1": 0.26179026779017955,
            "2": 0.7382097322098204
        },
        "mrca": 0,
        "size": 22667
    },
    "8": {
        "clone_proportion": {
            "2": 1.0
        },
        "mrca": 2,
        "size": 6666
    },
    "9": {
        "clone_proportion": {
            "1": 0.5441912173429683,
            "2": 0.4558087826570317
        },
        "mrca": 0,
        "size": 12593
    }
}