{
    "0": {
        "clone_proportion": {
            "2": 1.0
        },
        "mrca": 2,
        "size": 31772
    },
    "1": {
        "clone_proportion": {
            "2": 0.8224537328465316,
            "3": 0.17754626715346847
        },
        "mrca": 2,
        "size": 31772
    },
    "2": {
        "clone_proportion": {
            "0": 1.0
        },
        "mrca": 0,
        "size": 57768
    },
    "3": {
        "clone_proportion": {
            "0": 1.0
        },
        "mrca": 0,
        "size": 79431
    },
    "4": {
        "clone_proportion": {
            "0": 1.0
        },
        "mrca": 0,
        "size": 45389
    },
    "5": {
        "clone_proportion": {
            "2": 1.0
        },
        "mrca": 2,
        "size": 127091
    },
    "6": {
        "clone_proportion": {
            "2": 1.0
        },
        "mrca": 2,
        "size": 31772
    },
    "7": {
        "clone_proportion": {
            "2": 1.0
        },
        "mrca": 2,
        "size": 211818
    },
    "8": {
        "clone_proportion": {
            "0": 1.0
        },
        "mrca": 0,
        "size": 35303
    },
    "9": {
        "clone_proportion": {
            "4": 0.6961499421665133,
            "6": 0.1882302953048651,
            "7": 0.11561976252862168
        },
        "mrca": 2,
        "size": 42363
    }
}