{
    "0": {
        "clone_proportion": {
            "0": 0.12465652893690372,
            "1": 0.8753434710630963
        },
        "mrca": 0,
        "size": 58593
    },
    "1": {
        "clone_proportion": {
            "0": 1.0
        },
        "mrca": 0,
        "size": 34466
    },
    "2": {
        "clone_proportion": {
            "1": 0.1536106332432211,
            "2": 0.8463893667567789
        },
        "mrca": 0,
        "size": 195312
    },
    "3": {
        "clone_proportion": {
            "1": 0.4505304333579094,
            "2": 0.5494695666420906
        },
        "mrca": 0,
        "size": 195312
    },
    "4": {
        "clone_proportion": {
            "0": 1.0
        },
        "mrca": 0,
        "size": 48828
    },
    "5": {
        "clone_proportion": {
            "2": 1.0
        },
        "mrca": 2,
        "size": 195312
    },
    "6": {
        "clone_proportion": {
            "1": 1.0
        },
        "mrca": 1,
        "size": 39062
    },
    "7": {
        "clone_proportion": {
            "0": 0.08949782911444254,
            "1": 0.9105021708855575
        },
        "mrca": 0,
        "size": 48828
    },
    "8": {
        "clone_proportion": {
            "0": 1.0
        },
        "mrca": 0,
        "size": 45072
    },
    "9": {
        "clone_proportion": {
            "3": 0.3440921875426668,
            "4": 0.002648753447475492,
            "5": 0.6532590590098577
        },
        "mrca": 0,
        "size": 36621
    }
}