{
    "0": {
        "clone_proportion": {
            "0": 1.0
        },
        "mrca": 0,
        "size": 140921
    },
    "1": {
        "clone_proportion": {
            "3": 1.0
        },
        "mrca": 3,
        "size": 246611
    },
    "2": {
        "clone_proportion": {
            "1": 1.0
        },
        "mrca": 1,
        "size": 54802
    },
    "3": {
        "clone_proportion": {
            "3": 1.0
        },
        "mrca": 3,
        "size": 197289
    },
    "4": {
        "clone_proportion": {
            "1": 1.0
        },
        "mrca": 1,
        "size": 70460
    },
    "5": {
        "clone_proportion": {
            "1": 0.049343855967641376,
            "2": 0.008819548986512172,
            "3": 0.9418365950458465
        },
        "mrca": 0,
        "size": 197289
    },
    "6": {
        "clone_proportion": {
            "1": 0.054072958958684976,
            "2": 0.02645864695953652,
            "3": 0.9194683940817785
        },
        "mrca": 0,
        "size": 65763
    },
    "7": {
        "clone_proportion": {
            "0": 1.0
        },
        "mrca": 0,
        "size": 109605
    },
    "8": {
        "clone_proportion": {
            "3": 1.0
        },
        "mrca": 3,
        "size": 65763
    },
    "9": {
        "clone_proportion": {
            "0": 1.0
        },
        "mrca": 0,
        "size": 51918
    }
}