{
    "0": {
        "clone_proportion": {
            "4": 1.0
        },
        "mrca": 4,
        "size": 74642
    },
    "1": {
        "clone_proportion": {
            "0": 0.9843176892297433,
            "1": 0.015682310770256752
        },
        "mrca": 0,
        "size": 95968
    },
    "2": {
        "clone_proportion": {
            "4": 1.0
        },
        "mrca": 4,
        "size": 55981
    },
    "3": {
        "clone_proportion": {
            "4": 1.0
        },
        "mrca": 4,
        "size": 134356
    },
    "4": {
        "clone_proportion": {
            "2": 1.0
        },
        "mrca": 2,
        "size": 61071
    },
    "5": {
        "clone_proportion": {
            "4": 1.0
        },
        "mrca": 4,
        "size": 134356
    },
    "6": {
        "clone_proportion": {
            "0": 0.37126269956458635,
            "1": 0.15748427672955975,
            "2": 0.47125302370585387
        },
        "mrca": 0,
        "size": 51675
    },
    "7": {
        "clone_proportion": {
            "4": 1.0
        },
        "mrca": 4,
        "size": 61071
    },
    "8": {
        "clone_proportion": {
            "2": 0.9469425303782036,
            "3": 0.0008484908028062717,
            "4": 0.052208978818990115
        },
        "mrca": 2,
        "size": 223927
    },
    "9": {
        "clone_proportion": {
            "2": 1.0
        },
        "mrca": 2,
        "size": 111963
    }
}