{
    "0": {
        "clone_proportion": {
            "0": 1.0
        },
        "mrca": 0,
        "size": 6398
    },
    "1": {
        "clone_proportion": {
            "1": 1.0
        },
        "mrca": 1,
        "size": 24314
    },
    "2": {
        "clone_proportion": {
            "0": 1.0
        },
        "mrca": 0,
        "size": 9351
    },
    "3": {
        "clone_proportion": {
            "1": 0.1554762178970402,
            "3": 0.46815616722330994,
            "4": 0.37636761487964987
        },
        "mrca": 1,
        "size": 8683
    },
    "4": {
        "clone_proportion": {
            "1": 1.0
        },
        "mrca": 1,
        "size": 40523
    },
    "5": {
        "clone_proportion": {
            "0": 1.0
        },
        "mrca": 0,
        "size": 12157
    },
    "6": {
        "clone_proportion": {
            "0": 0.20181629731997433,
            "1": 0.7981837026800257
        },
        "mrca": 0,
        "size": 20261
    },
    "7": {
        "clone_proportion": {
            "1": 1.0
        },
        "mrca": 1,
        "size": 11051
    },
    "8": {
        "clone_proportion": {
            "0": 0.8582368860482524,
            "1": 0.14176311395174757
        },
        "mrca": 0,
        "size": 17367
    },
    "9": {
        "clone_proportion": {
            "0": 1.0
        },
        "mrca": 0,
        "size": 8683
    }
}