{
    "0": {
        "clone_proportion": {
            "0": 1.0
        },
        "mrca": 0,
        "size": 48717
    },
    "1": {
        "clone_proportion": {
            "0": 1.0
        },
        "mrca": 0,
        "size": 82820
    },
    "2": {
        "clone_proportion": {
            "0": 1.0
        },
        "mrca": 0,
        "size": 63708
    },
    "3": {
        "clone_proportion": {
            "0": 0.33925457978952045,
            "2": 0.10785265465996301,
            "3": 0.5528927655505166
        },
        "mrca": 0,
        "size": 207051
    },
    "4": {
        "clone_proportion": {
            "0": 1.0
        },
        "mrca": 0,
        "size": 75291
    },
    "5": {
        "clone_proportion": {
            "0": 1.0
        },
        "mrca": 0,
        "size": 82820
    },
    "6": {
        "clone_proportion": {
            "0": 0.5114827336392176,
            "2": 0.2696329389036465,
            "3": 0.21888432745713596
        },
        "mrca": 0,
        "size": 82820
    },
    "7": {
        "clone_proportion": {
            "0": 0.807143159000489,
            "2": 0.13481565554421912,
            "3": 0.05804118545529187
        },
        "mrca": 0,
        "size": 165641
    },
    "8": {
        "clone_proportion": {
            "0": 1.0
        },
        "mrca": 0,
        "size": 55213
    },
    "9": {
        "clone_proportion": {
            "0": 1.0
        },
        "mrca": 0,
        "size": 48717
    }
}