{
    "0": {
        "clone_proportion": {
            "1": 1.0
        },
        "mrca": 1,
        "size": 13857
    },
    "1": {
        "clone_proportion": {
            "0": 0.8290595751002823,
            "1": 0.17094042489971772
        },
        "mrca": 0,
        "size": 33655
    },
    "2": {
        "clone_proportion": {
            "2": 0.7880883251833741,
            "3": 0.1312270782396088,
            "4": 3.820293398533007e-05,
            "5": 0.08064639364303179
        },
        "mrca": 0,
        "size": 26176
    },
    "3": {
        "clone_proportion": {
            "2": 1.0
        },
        "mrca": 2,
        "size": 12399
    },
    "4": {
        "clone_proportion": {
            "1": 1.0
        },
        "mrca": 1,
        "size": 23558
    },
    "5": {
        "clone_proportion": {
            "2": 1.0
        },
        "mrca": 2,
        "size": 12399
    },
    "6": {
        "clone_proportion": {
            "0": 1.0
        },
        "mrca": 0,
        "size": 47117
    },
    "7": {
        "clone_proportion": {
            "2": 0.9389095231020651,
            "3": 0.061090476897934926
        },
        "mrca": 2,
        "size": 33655
    },
    "8": {
        "clone_proportion": {
            "0": 1.0
        },
        "mrca": 0,
        "size": 23558
    },
    "9": {
        "clone_proportion": {
            "2": 0.7449698616181339,
            "3": 0.1458103404363698,
            "4": 4.2448425163426435e-05,
            "5": 0.1091773495203328
        },
        "mrca": 0,
        "size": 23558
    }
}