{
    "0": {
        "clone_proportion": {
            "0": 1.0
        },
        "mrca": 0,
        "size": 70140
    },
    "1": {
        "clone_proportion": {
            "0": 1.0
        },
        "mrca": 0,
        "size": 33007
    },
    "2": {
        "clone_proportion": {
            "1": 1.0
        },
        "mrca": 1,
        "size": 35070
    },
    "3": {
        "clone_proportion": {
            "6": 0.01813872255489022,
            "8": 2.49500998003992e-05,
            "9": 0.9818363273453093
        },
        "mrca": 0,
        "size": 40080
    },
    "4": {
        "clone_proportion": {
            "0": 1.0
        },
        "mrca": 0,
        "size": 140281
    },
    "5": {
        "clone_proportion": {
            "0": 1.0
        },
        "mrca": 0,
        "size": 35070
    },
    "6": {
        "clone_proportion": {
            "0": 0.6205838323353293,
            "1": 0.3794161676646707
        },
        "mrca": 0,
        "size": 93520
    },
    "7": {
        "clone_proportion": {
            "0": 1.0
        },
        "mrca": 0,
        "size": 93520
    },
    "8": {
        "clone_proportion": {
            "0": 1.0
        },
        "mrca": 0,
        "size": 62347
    },
    "9": {
        "clone_proportion": {
            "0": 0.3756593954947248,
            "1": 0.6243406045052752
        },
        "mrca": 0,
        "size": 56112
    }
}