{
    "0": {
        "clone_proportion": {
            "22": 0.11664,
            "23": 0.038496,
            "24": 0.15728,
            "25": 0.009536,
            "26": 0.0024,
            "27": 0.007744,
            "28": 0.001184,
            "29": 0.010464,
            "30": 0.004512,
            "31": 0.037888,
            "32": 0.0256,
            "33": 0.011552,
            "34": 0.008544,
            "35": 0.288864,
            "36": 0.107904,
            "37": 0.011072,
            "38": 0.00048,
            "39": 0.077568,
            "40": 0.000416,
            "41": 0.000608,
            "42": 0.000544,
            "43": 0.012128,
            "44": 0.002272,
            "45": 0.00144,
            "46": 3.2e-05,
            "47": 0.004608,
            "48": 0.005152,
            "49": 0.055072
        },
        "mrca": 0,
        "size": 31250
    },
    "1": {
        "clone_proportion": {
            "0": 1.0
        },
        "mrca": 0,
        "size": 62500
    },
    "2": {
        "clone_proportion": {
            "0": 1.0
        },
        "mrca": 0,
        "size": 100000
    },
    "3": {
        "clone_proportion": {
            "0": 1.0
        },
        "mrca": 0,
        "size": 25000
    },
    "4": {
        "clone_proportion": {
            "0": 0.013506054024216096,
            "1": 0.016122064488257953,
            "2": 0.003738014952059808,
            "3": 0.4436297745190981,
            "4": 0.0039060156240624962,
            "5": 0.006312025248100993,
            "6": 0.00468001872007488,
            "7": 0.10590642362569451,
            "8": 0.026340105360421442,
            "9": 0.02902811611246445,
            "10": 0.08443833775335101,
            "11": 0.0028740114960459843,
            "12": 0.021594086376345505,
            "13": 0.00015000060000240002,
            "14": 0.17907671630686522,
            "15": 0.001644006576026304,
            "16": 0.05705422821691287
        },
        "mrca": 0,
        "size": 166666
    },
    "5": {
        "clone_proportion": {
            "0": 1.0
        },
        "mrca": 0,
        "size": 55555
    },
    "6": {
        "clone_proportion": {
            "0": 1.0
        },
        "mrca": 0,
        "size": 45454
    },
    "7": {
        "clone_proportion": {
            "0": 1.0
        },
        "mrca": 0,
        "size": 25000
    },
    "8": {
        "clone_proportion": {
            "35": 0.23829067213881988,
            "36": 0.121395399071174,
            "37": 0.012456348777765778,
            "38": 0.0005400151204233718,
            "39": 0.0872664434604169,
            "40": 0.00046801310436692226,
            "41": 0.0006840191525362711,
            "42": 0.0006120171364798214,
            "43": 0.013644382042697195,
            "44": 0.0025560715700039603,
            "45": 0.0016200453612701155,
            "46": 3.600100802822479e-05,
            "47": 0.00518414515606437,
            "48": 0.005796162292544192,
            "49": 0.15563235770601577,
            "50": 0.12305144544047233,
            "51": 0.0016560463692983404,
            "52": 0.06735788602080858,
            "53": 0.16175252907081397
        },
        "mrca": 0,
        "size": 27777
    },
    "9": {
        "clone_proportion": {
            "19": 0.02458,
            "20": 0.20018,
            "21": 0.03342,
            "22": 0.12456,
            "23": 0.02406,
            "24": 0.0983,
            "25": 0.00596,
            "26": 0.0015,
            "27": 0.00484,
            "28": 0.00074,
            "29": 0.00654,
            "30": 0.00282,
            "31": 0.02368,
            "32": 0.016,
            "33": 0.00722,
            "34": 0.00534,
            "35": 0.18054,
            "36": 0.06744,
            "37": 0.00692,
            "38": 0.0003,
            "39": 0.04848,
            "40": 0.00026,
            "41": 0.00038,
            "42": 0.00034,
            "43": 0.00758,
            "44": 0.00142,
            "45": 0.0009,
            "46": 2e-05,
            "47": 0.00288,
            "48": 0.00322,
            "49": 0.08646,
            "50": 0.01312
        },
        "mrca": 0,
        "size": 50000
    }
}