{
    "0": {
        "clone_proportion": {
            "2": 1.0
        },
        "mrca": 2,
        "size": 41659
    },
    "1": {
        "clone_proportion": {
            "2": 1.0
        },
        "mrca": 2,
        "size": 66655
    },
    "2": {
        "clone_proportion": {
            "2": 0.21189644618874445,
            "3": 0.0005280908316230391,
            "4": 0.005160887672679701,
            "5": 0.18609200782534596,
            "6": 0.0007321259256592134,
            "7": 0.5955904415559476
        },
        "mrca": 0,
        "size": 83319
    },
    "3": {
        "clone_proportion": {
            "2": 1.0
        },
        "mrca": 2,
        "size": 41659
    },
    "4": {
        "clone_proportion": {
            "0": 1.0
        },
        "mrca": 0,
        "size": 39209
    },
    "5": {
        "clone_proportion": {
            "0": 1.0
        },
        "mrca": 0,
        "size": 55546
    },
    "6": {
        "clone_proportion": {
            "2": 1.0
        },
        "mrca": 2,
        "size": 51273
    },
    "7": {
        "clone_proportion": {
            "2": 1.0
        },
        "mrca": 2,
        "size": 33327
    },
    "8": {
        "clone_proportion": {
            "2": 0.5964143725151901,
            "3": 0.0006601155202160379,
            "4": 0.006451128947565824,
            "5": 0.23261570774885604,
            "6": 0.0009151601530267797,
            "7": 0.16294351511514515
        },
        "mrca": 0,
        "size": 66655
    },
    "9": {
        "clone_proportion": {
            "0": 1.0
        },
        "mrca": 0,
        "size": 33327
    }
}