{
    "0": {
        "clone_proportion": {
            "5": 1.0
        },
        "mrca": 5,
        "size": 17515
    },
    "1": {
        "clone_proportion": {
            "0": 1.0
        },
        "mrca": 0,
        "size": 66558
    },
    "2": {
        "clone_proportion": {
            "0": 1.0
        },
        "mrca": 0,
        "size": 83197
    },
    "3": {
        "clone_proportion": {
            "0": 0.5147119805282611,
            "1": 0.44058415216803387,
            "2": 0.006670873523843866,
            "3": 0.03803299377986118
        },
        "mrca": 0,
        "size": 110930
    },
    "4": {
        "clone_proportion": {
            "0": 1.0
        },
        "mrca": 0,
        "size": 83197
    },
    "5": {
        "clone_proportion": {
            "5": 1.0
        },
        "mrca": 5,
        "size": 18488
    },
    "6": {
        "clone_proportion": {
            "5": 1.0
        },
        "mrca": 5,
        "size": 36976
    },
    "7": {
        "clone_proportion": {
            "1": 1.0
        },
        "mrca": 1,
        "size": 27732
    },
    "8": {
        "clone_proportion": {
            "4": 0.16293647454774926,
            "5": 0.8370635254522507
        },
        "mrca": 1,
        "size": 23770
    },
    "9": {
        "clone_proportion": {
            "1": 1.0
        },
        "mrca": 1,
        "size": 16639
    }
}