{
    "0": {
        "clone_proportion": {
            "0": 0.4494259699129058,
            "1": 0.2876583531274743,
            "2": 0.2629156769596199
        },
        "mrca": 0,
        "size": 20208
    },
    "1": {
        "clone_proportion": {
            "0": 0.7740572246726555,
            "1": 0.1342401219315059,
            "2": 0.09170265339583862
        },
        "mrca": 0,
        "size": 43303
    },
    "2": {
        "clone_proportion": {
            "0": 0.8425388300188706,
            "1": 0.15746116998112933
        },
        "mrca": 0,
        "size": 27556
    },
    "3": {
        "clone_proportion": {
            "2": 1.0
        },
        "mrca": 2,
        "size": 27556
    },
    "4": {
        "clone_proportion": {
            "2": 1.0
        },
        "mrca": 2,
        "size": 16840
    },
    "5": {
        "clone_proportion": {
            "2": 1.0
        },
        "mrca": 2,
        "size": 25260
    },
    "6": {
        "clone_proportion": {
            "0": 1.0
        },
        "mrca": 0,
        "size": 15156
    },
    "7": {
        "clone_proportion": {
            "2": 1.0
        },
        "mrca": 2,
        "size": 21651
    },
    "8": {
        "clone_proportion": {
            "0": 1.0
        },
        "mrca": 0,
        "size": 20208
    },
    "9": {
        "clone_proportion": {
            "2": 1.0
        },
        "mrca": 2,
        "size": 16840
    }
}