{
    "N_max": 490268,
    "M": 490268,
    "picking": "adjacent",
    "mutation_rate": 49.69689841489847,
    "P_death": 0.27681134121201234,
    "D": 640,
    "new_clone_frequency": 0.03511304432040829,
    "depth_sequencing": 100,
    "min_alt_reads": 2,
    "n_sequencing": 10,
    "max_horizontal": 2
}