{
    "0": {
        "clone_proportion": {
            "1": 0.47469826154357214,
            "2": 0.2098327981397409,
            "3": 0.315468940316687
        },
        "mrca": 0,
        "size": 9031
    },
    "1": {
        "clone_proportion": {
            "3": 1.0
        },
        "mrca": 3,
        "size": 9595
    },
    "2": {
        "clone_proportion": {
            "0": 1.0
        },
        "mrca": 0,
        "size": 9595
    },
    "3": {
        "clone_proportion": {
            "1": 1.0
        },
        "mrca": 1,
        "size": 38382
    },
    "4": {
        "clone_proportion": {
            "1": 1.0
        },
        "mrca": 1,
        "size": 10235
    },
    "5": {
        "clone_proportion": {
            "1": 1.0
        },
        "mrca": 1,
        "size": 10235
    },
    "6": {
        "clone_proportion": {
            "1": 1.0
        },
        "mrca": 1,
        "size": 25588
    },
    "7": {
        "clone_proportion": {
            "1": 1.0
        },
        "mrca": 1,
        "size": 8080
    },
    "8": {
        "clone_proportion": {
            "3": 0.28734733756717146,
            "4": 0.00723009281875916,
            "5": 0.3210552027357108,
            "7": 0.13063019052271618,
            "8": 0.2537371763556424
        },
        "mrca": 0,
        "size": 10235
    },
    "9": {
        "clone_proportion": {
            "5": 0.3225638353309015,
            "7": 0.1741792600312663,
            "8": 0.5032569046378322
        },
        "mrca": 0,
        "size": 7676
    }
}