{
    "0": {
        "clone_proportion": {
            "0": 1.0
        },
        "mrca": 0,
        "size": 25000
    },
    "1": {
        "clone_proportion": {
            "9": 0.008552,
            "10": 0.042448,
            "11": 0.001264,
            "12": 0.000136,
            "13": 0.242448,
            "14": 0.000456,
            "15": 0.083944,
            "16": 0.01256,
            "17": 0.128624,
            "18": 0.001048,
            "19": 0.044064,
            "20": 0.000184,
            "21": 0.007,
            "22": 0.163064,
            "23": 0.000424,
            "24": 0.007168,
            "25": 0.030512,
            "26": 0.000104,
            "27": 2.4e-05,
            "28": 0.025616,
            "29": 2.4e-05,
            "30": 0.009528,
            "31": 0.13268,
            "32": 0.01696,
            "33": 0.006896,
            "34": 0.034272
        },
        "mrca": 0,
        "size": 125000
    },
    "2": {
        "clone_proportion": {
            "7": 0.00986,
            "8": 0.03638,
            "9": 0.06146,
            "10": 0.10612,
            "11": 0.00316,
            "12": 0.00034,
            "13": 0.60612,
            "14": 0.00114,
            "15": 0.17542
        },
        "mrca": 0,
        "size": 50000
    },
    "3": {
        "clone_proportion": {
            "47": 0.007704123265972256,
            "48": 0.0038640618249892,
            "49": 0.01447223155570489,
            "50": 0.0002640042240675851,
            "51": 0.00016800268804300868,
            "52": 7.20011520184323e-05,
            "53": 0.0009600153602457639,
            "54": 0.11748187971007536,
            "55": 0.0027600441607065714,
            "56": 0.0004080065281044497,
            "57": 0.1799788796620746,
            "58": 0.0036240579849277587,
            "59": 0.0018480295684730956,
            "60": 0.013440215043440696,
            "61": 0.00292804684874958,
            "62": 0.03050448807180915,
            "63": 0.11479383670138722,
            "64": 0.012840205443287093,
            "65": 0.0025680410886574187,
            "66": 0.007392118273892382,
            "67": 0.013488215811452983,
            "68": 0.0384246147938367,
            "69": 0.00638410214563433,
            "70": 2.4000384006144097e-05,
            "71": 0.012504200067201075,
            "72": 0.0032880526088417414,
            "73": 2.4000384006144097e-05,
            "74": 0.00036000576009216146,
            "75": 0.005640090241443863,
            "76": 0.04425670810732972,
            "77": 0.0027120433926942833,
            "78": 0.007944127106033696,
            "79": 0.0003120049920798733,
            "80": 0.0005040080641290261,
            "81": 0.018696299140786254,
            "82": 0.0010320165122641963,
            "83": 0.02692843085489368,
            "84": 7.20011520184323e-05,
            "85": 0.00146402342437479,
            "86": 0.00597609561752988,
            "87": 0.002688043008688139,
            "88": 0.0004560072961167379,
            "89": 0.0002640042240675851,
            "90": 0.017304276868429894,
            "91": 0.0004560072961167379,
            "92": 0.018120289924638794,
            "93": 0.004344069505112081,
            "94": 0.007032112513800221,
            "95": 0.0006960111361781788,
            "96": 0.0005520088321413143,
            "97": 0.00016800268804300868,
            "98": 0.0006000096001536025,
            "99": 0.021336341381462103,
            "100": 0.01610425766812269,
            "101": 0.0027840445447127153,
            "102": 0.0013200211203379254,
            "103": 0.11044976719627514,
            "104": 0.008520136322181154,
            "105": 0.00024000384006144098,
            "106": 0.00638410214563433,
            "107": 0.00784812557000912,
            "108": 0.01224019584313349,
            "109": 0.0004560072961167379,
            "110": 0.003432054912878606,
            "111": 0.0005520088321413143,
            "112": 0.0003120049920798733,
            "113": 0.0008160130562088994,
            "114": 0.0011040176642826286,
            "115": 0.013248211971391543,
            "116": 0.0036240579849277587,
            "117": 0.004200067201075217,
            "118": 0.0011280180482887727,
            "119": 2.4000384006144097e-05,
            "120": 0.00016800268804300868,
            "121": 0.0006480103681658906,
            "122": 0.00146402342437479,
            "123": 0.020808332933326932
        },
        "mrca": 0,
        "size": 41666
    },
    "4": {
        "clone_proportion": {
            "0": 1.0
        },
        "mrca": 0,
        "size": 166666
    },
    "5": {
        "clone_proportion": {
            "0": 1.0
        },
        "mrca": 0,
        "size": 27777
    },
    "6": {
        "clone_proportion": {
            "7": 0.5528364226913816,
            "8": 0.025466203729629835,
            "9": 0.04302234417875343,
            "10": 0.07428459427675421,
            "11": 0.002212017696141569,
            "12": 0.0002380019040152321,
            "13": 0.3019404155233242
        },
        "mrca": 0,
        "size": 71428
    },
    "7": {
        "clone_proportion": {
            "0": 1.0
        },
        "mrca": 0,
        "size": 125000
    },
    "8": {
        "clone_proportion": {
            "0": 1.0
        },
        "mrca": 0,
        "size": 38461
    },
    "9": {
        "clone_proportion": {
            "0": 1.0
        },
        "mrca": 0,
        "size": 100000
    }
}