{
    "0": {
        "clone_proportion": {
            "0": 1.0
        },
        "mrca": 0,
        "size": 16022
    },
    "1": {
        "clone_proportion": {
            "0": 1.0
        },
        "mrca": 0,
        "size": 9613
    },
    "2": {
        "clone_proportion": {
            "0": 1.0
        },
        "mrca": 0,
        "size": 10300
    },
    "3": {
        "clone_proportion": {
            "0": 1.0
        },
        "mrca": 0,
        "size": 8011
    },
    "4": {
        "clone_proportion": {
            "0": 0.5647000083215444,
            "1": 0.4352999916784555
        },
        "mrca": 0,
        "size": 48068
    },
    "5": {
        "clone_proportion": {
            "1": 0.08488328548246162,
            "4": 0.8730495568593184,
            "5": 0.042067157658219945
        },
        "mrca": 1,
        "size": 16022
    },
    "6": {
        "clone_proportion": {
            "4": 0.3652325871681784,
            "5": 0.4551330060192505,
            "6": 0.17544589609164793,
            "7": 0.004188510720923137
        },
        "mrca": 4,
        "size": 36051
    },
    "7": {
        "clone_proportion": {
            "7": 0.24815878167519662,
            "8": 0.7518412183248034
        },
        "mrca": 5,
        "size": 8011
    },
    "8": {
        "clone_proportion": {
            "0": 1.0
        },
        "mrca": 0,
        "size": 28841
    },
    "9": {
        "clone_proportion": {
            "0": 0.19747025047848882,
            "1": 0.8025297495215112
        },
        "mrca": 0,
        "size": 48068
    }
}