{
    "N_max": 388444,
    "M": 388444,
    "picking": "adjacent",
    "mutation_rate": 12.78741607460609,
    "P_death": 0.2944455910005663,
    "D": 640,
    "new_clone_frequency": 0.03354454117938881,
    "depth_sequencing": 100,
    "min_alt_reads": 2,
    "n_sequencing": 10,
    "max_horizontal": 2
}