{
    "0": {
        "clone_proportion": {
            "0": 1.0
        },
        "mrca": 0,
        "size": 83333
    },
    "1": {
        "clone_proportion": {
            "0": 1.0
        },
        "mrca": 0,
        "size": 38461
    },
    "2": {
        "clone_proportion": {
            "0": 1.0
        },
        "mrca": 0,
        "size": 35714
    },
    "3": {
        "clone_proportion": {
            "0": 1.0
        },
        "mrca": 0,
        "size": 125000
    },
    "4": {
        "clone_proportion": {
            "6": 0.6184409475275803,
            "7": 0.09766478131825054,
            "8": 0.0015680125441003528,
            "9": 0.002156017248137985,
            "10": 0.018984151873214984,
            "11": 0.2611860894887159
        },
        "mrca": 0,
        "size": 35714
    },
    "5": {
        "clone_proportion": {
            "0": 1.0
        },
        "mrca": 0,
        "size": 25000
    },
    "6": {
        "clone_proportion": {
            "0": 1.0
        },
        "mrca": 0,
        "size": 41666
    },
    "7": {
        "clone_proportion": {
            "0": 1.0
        },
        "mrca": 0,
        "size": 62500
    },
    "8": {
        "clone_proportion": {
            "0": 1.0
        },
        "mrca": 0,
        "size": 38461
    },
    "9": {
        "clone_proportion": {
            "0": 0.6180744722978891,
            "1": 0.006294025176100704,
            "2": 0.005376021504086017,
            "3": 0.012612050448201793,
            "4": 0.030204120816483267,
            "5": 0.02281809127236509,
            "6": 0.17241068964275857,
            "7": 0.02092808371233485,
            "8": 0.00033600134400537605,
            "9": 0.00046200184800739203,
            "10": 0.004068016272065088,
            "11": 0.077250309001236,
            "12": 0.00666002664010656,
            "13": 0.004026016104064416,
            "14": 0.0009060036240144961,
            "15": 5.4000216000864e-05,
            "16": 0.0009540038160152641,
            "17": 0.000834003336013344,
            "18": 0.015732062928251713
        },
        "mrca": 0,
        "size": 166666
    }
}