{
    "0": {
        "clone_proportion": {
            "2": 0.4637525155613797,
            "3": 0.5362474844386202
        },
        "mrca": 2,
        "size": 42734
    },
    "1": {
        "clone_proportion": {
            "3": 0.10512417580637322,
            "4": 0.8948758241936268
        },
        "mrca": 2,
        "size": 185181
    },
    "2": {
        "clone_proportion": {
            "2": 0.6102776787739365,
            "3": 0.3897223212260636
        },
        "mrca": 2,
        "size": 30863
    },
    "3": {
        "clone_proportion": {
            "2": 1.0
        },
        "mrca": 2,
        "size": 46295
    },
    "4": {
        "clone_proportion": {
            "2": 1.0
        },
        "mrca": 2,
        "size": 34721
    },
    "5": {
        "clone_proportion": {
            "0": 1.0
        },
        "mrca": 0,
        "size": 37036
    },
    "6": {
        "clone_proportion": {
            "0": 1.0
        },
        "mrca": 0,
        "size": 46295
    },
    "7": {
        "clone_proportion": {
            "0": 1.0
        },
        "mrca": 0,
        "size": 55554
    },
    "8": {
        "clone_proportion": {
            "0": 1.0
        },
        "mrca": 0,
        "size": 27777
    },
    "9": {
        "clone_proportion": {
            "0": 1.0
        },
        "mrca": 0,
        "size": 42734
    }
}