{
    "0": {
        "clone_proportion": {
            "15": 0.01696,
            "16": 0.11284,
            "17": 0.00456,
            "18": 0.0028,
            "19": 0.18024,
            "20": 0.02656,
            "21": 0.05628,
            "22": 0.59844,
            "23": 0.00132
        },
        "mrca": 0,
        "size": 25000
    },
    "1": {
        "clone_proportion": {
            "0": 1.0
        },
        "mrca": 0,
        "size": 83333
    },
    "2": {
        "clone_proportion": {
            "0": 1.0
        },
        "mrca": 0,
        "size": 33333
    },
    "3": {
        "clone_proportion": {
            "0": 1.0
        },
        "mrca": 0,
        "size": 125000
    },
    "4": {
        "clone_proportion": {
            "0": 1.0
        },
        "mrca": 0,
        "size": 166666
    },
    "5": {
        "clone_proportion": {
            "6": 0.25754812076993233,
            "7": 0.0006000096001536025,
            "8": 0.004632074113185811,
            "9": 0.256156098497576,
            "10": 0.0023760380166082656,
            "11": 0.019560312965007442,
            "12": 0.016416262660202564,
            "13": 0.03295252724043585,
            "14": 0.4097585561368982
        },
        "mrca": 0,
        "size": 41666
    },
    "6": {
        "clone_proportion": {
            "0": 1.0
        },
        "mrca": 0,
        "size": 38461
    },
    "7": {
        "clone_proportion": {
            "6": 1.0
        },
        "mrca": 6,
        "size": 25000
    },
    "8": {
        "clone_proportion": {
            "0": 1.0
        },
        "mrca": 0,
        "size": 100000
    },
    "9": {
        "clone_proportion": {
            "0": 0.08080696968363621,
            "1": 0.0043560522726272715,
            "2": 0.09900118801425617,
            "3": 0.03330839970079641,
            "4": 0.7825273903286839
        },
        "mrca": 0,
        "size": 45454
    }
}