{
    "0": {
        "clone_proportion": {
            "0": 1.0
        },
        "mrca": 0,
        "size": 46011
    },
    "1": {
        "clone_proportion": {
            "0": 0.812007669607971,
            "1": 0.023636688545334242,
            "2": 0.16435564184669477
        },
        "mrca": 0,
        "size": 207051
    },
    "2": {
        "clone_proportion": {
            "2": 0.9811892808241508,
            "4": 0.018810719175849252
        },
        "mrca": 2,
        "size": 92022
    },
    "3": {
        "clone_proportion": {
            "2": 1.0
        },
        "mrca": 2,
        "size": 103525
    },
    "4": {
        "clone_proportion": {
            "2": 1.0
        },
        "mrca": 2,
        "size": 55213
    },
    "5": {
        "clone_proportion": {
            "0": 0.7744468754075083,
            "1": 0.01772751640900068,
            "2": 0.20782560818349102
        },
        "mrca": 0,
        "size": 276068
    },
    "6": {
        "clone_proportion": {
            "0": 1.0
        },
        "mrca": 0,
        "size": 51762
    },
    "7": {
        "clone_proportion": {
            "2": 1.0
        },
        "mrca": 2,
        "size": 92022
    },
    "8": {
        "clone_proportion": {
            "0": 1.0
        },
        "mrca": 0,
        "size": 82820
    },
    "9": {
        "clone_proportion": {
            "2": 1.0
        },
        "mrca": 2,
        "size": 276068
    }
}