{
    "0": {
        "clone_proportion": {
            "8": 0.7258712587125872,
            "9": 0.019844198441984418,
            "10": 0.25428454284542845
        },
        "mrca": 2,
        "size": 12195
    },
    "1": {
        "clone_proportion": {
            "0": 1.0
        },
        "mrca": 0,
        "size": 16550
    },
    "2": {
        "clone_proportion": {
            "0": 1.0
        },
        "mrca": 0,
        "size": 12872
    },
    "3": {
        "clone_proportion": {
            "5": 0.27468818782098314,
            "6": 0.7253118121790169
        },
        "mrca": 2,
        "size": 13630
    },
    "4": {
        "clone_proportion": {
            "1": 1.0
        },
        "mrca": 1,
        "size": 15447
    },
    "5": {
        "clone_proportion": {
            "6": 0.544305764151432,
            "8": 0.45569423584856805
        },
        "mrca": 6,
        "size": 19309
    },
    "6": {
        "clone_proportion": {
            "0": 1.0
        },
        "mrca": 0,
        "size": 38618
    },
    "7": {
        "clone_proportion": {
            "0": 1.0
        },
        "mrca": 0,
        "size": 15447
    },
    "8": {
        "clone_proportion": {
            "0": 1.0
        },
        "mrca": 0,
        "size": 17824
    },
    "9": {
        "clone_proportion": {
            "1": 0.2654884443581278,
            "2": 0.7345115556418722
        },
        "mrca": 0,
        "size": 15447
    }
}