{
    "0": {
        "clone_proportion": {
            "0": 1.0
        },
        "mrca": 0,
        "size": 65104
    },
    "1": {
        "clone_proportion": {
            "0": 1.0
        },
        "mrca": 0,
        "size": 45072
    },
    "2": {
        "clone_proportion": {
            "0": 1.0
        },
        "mrca": 0,
        "size": 41852
    },
    "3": {
        "clone_proportion": {
            "0": 0.31125583681494223,
            "1": 0.6887441631850577
        },
        "mrca": 0,
        "size": 32552
    },
    "4": {
        "clone_proportion": {
            "0": 1.0
        },
        "mrca": 0,
        "size": 45072
    },
    "5": {
        "clone_proportion": {
            "5": 0.9145973068455276,
            "6": 0.03420203778608366,
            "7": 0.05120065536838871
        },
        "mrca": 0,
        "size": 39062
    },
    "6": {
        "clone_proportion": {
            "0": 0.7833466453674122,
            "1": 0.21665335463258786
        },
        "mrca": 0,
        "size": 195312
    },
    "7": {
        "clone_proportion": {
            "0": 1.0
        },
        "mrca": 0,
        "size": 30838
    },
    "8": {
        "clone_proportion": {
            "2": 0.38806352240436226,
            "3": 0.019831551281285466,
            "4": 0.1950301654620393,
            "5": 0.39707476085231297
        },
        "mrca": 0,
        "size": 117187
    },
    "9": {
        "clone_proportion": {
            "2": 1.0
        },
        "mrca": 2,
        "size": 117187
    }
}