{
    "0": {
        "clone_proportion": {
            "0": 1.0
        },
        "mrca": 0,
        "size": 28334
    },
    "1": {
        "clone_proportion": {
            "1": 1.0
        },
        "mrca": 1,
        "size": 6666
    },
    "2": {
        "clone_proportion": {
            "1": 1.0
        },
        "mrca": 1,
        "size": 16191
    },
    "3": {
        "clone_proportion": {
            "1": 1.0
        },
        "mrca": 1,
        "size": 8718
    },
    "4": {
        "clone_proportion": {
            "0": 1.0
        },
        "mrca": 0,
        "size": 14167
    },
    "5": {
        "clone_proportion": {
            "1": 1.0
        },
        "mrca": 1,
        "size": 28334
    },
    "6": {
        "clone_proportion": {
            "0": 1.0
        },
        "mrca": 0,
        "size": 7555
    },
    "7": {
        "clone_proportion": {
            "0": 0.6143149572951224,
            "1": 0.3856850427048775
        },
        "mrca": 0,
        "size": 28334
    },
    "8": {
        "clone_proportion": {
            "1": 1.0
        },
        "mrca": 1,
        "size": 22667
    },
    "9": {
        "clone_proportion": {
            "1": 0.7654408131573375,
            "2": 0.19136020328933437,
            "3": 0.04319898355332816
        },
        "mrca": 0,
        "size": 14167
    }
}