{
    "0": {
        "clone_proportion": {
            "0": 1.0
        },
        "mrca": 0,
        "size": 75291
    },
    "1": {
        "clone_proportion": {
            "0": 1.0
        },
        "mrca": 0,
        "size": 59157
    },
    "2": {
        "clone_proportion": {
            "2": 1.0
        },
        "mrca": 2,
        "size": 138034
    },
    "3": {
        "clone_proportion": {
            "0": 1.0
        },
        "mrca": 0,
        "size": 207051
    },
    "4": {
        "clone_proportion": {
            "0": 1.0
        },
        "mrca": 0,
        "size": 55213
    },
    "5": {
        "clone_proportion": {
            "0": 1.0
        },
        "mrca": 0,
        "size": 207051
    },
    "6": {
        "clone_proportion": {
            "0": 0.12272323881164687,
            "1": 0.001986223217681613,
            "2": 0.8752905379706715
        },
        "mrca": 0,
        "size": 165641
    },
    "7": {
        "clone_proportion": {
            "0": 0.7777251871528617,
            "1": 0.0031779763342187875,
            "2": 0.21909683651291958
        },
        "mrca": 0,
        "size": 103525
    },
    "8": {
        "clone_proportion": {
            "0": 1.0
        },
        "mrca": 0,
        "size": 46011
    },
    "9": {
        "clone_proportion": {
            "0": 1.0
        },
        "mrca": 0,
        "size": 46011
    }
}