{
    "0": {
        "clone_proportion": {
            "5": 1.0
        },
        "mrca": 5,
        "size": 91969
    },
    "1": {
        "clone_proportion": {
            "1": 0.5185565528148042,
            "2": 0.021093060034093943,
            "3": 0.4603503871511019
        },
        "mrca": 0,
        "size": 48689
    },
    "2": {
        "clone_proportion": {
            "5": 1.0
        },
        "mrca": 5,
        "size": 82772
    },
    "3": {
        "clone_proportion": {
            "1": 0.6715958638236798,
            "2": 0.011166806206439126,
            "3": 0.31723732996988113
        },
        "mrca": 0,
        "size": 91969
    },
    "4": {
        "clone_proportion": {
            "0": 1.0
        },
        "mrca": 0,
        "size": 75248
    },
    "5": {
        "clone_proportion": {
            "0": 1.0
        },
        "mrca": 0,
        "size": 59123
    },
    "6": {
        "clone_proportion": {
            "5": 1.0
        },
        "mrca": 5,
        "size": 43564
    },
    "7": {
        "clone_proportion": {
            "1": 0.21399809357433067,
            "2": 0.003722241753621665,
            "3": 0.24210881123848804,
            "5": 0.5401708534335596
        },
        "mrca": 0,
        "size": 275909
    },
    "8": {
        "clone_proportion": {
            "5": 1.0
        },
        "mrca": 5,
        "size": 45984
    },
    "9": {
        "clone_proportion": {
            "0": 1.0
        },
        "mrca": 0,
        "size": 45984
    }
}