{
    "N_max": 383241,
    "M": 383241,
    "picking": "adjacent",
    "mutation_rate": 21.580072655615062,
    "P_death": 0.09123642816954247,
    "D": 640,
    "new_clone_frequency": 0.023357661671664073,
    "depth_sequencing": 100,
    "min_alt_reads": 2,
    "n_sequencing": 10,
    "max_horizontal": 2
}