{
    "0": {
        "clone_proportion": {
            "0": 1.0
        },
        "mrca": 0,
        "size": 14285
    },
    "1": {
        "clone_proportion": {
            "0": 1.0
        },
        "mrca": 0,
        "size": 10000
    },
    "2": {
        "clone_proportion": {
            "0": 1.0
        },
        "mrca": 0,
        "size": 5882
    },
    "3": {
        "clone_proportion": {
            "2": 0.6628965158606345,
            "3": 0.0006500260010400416,
            "4": 0.33645345813832556
        },
        "mrca": 0,
        "size": 7692
    },
    "4": {
        "clone_proportion": {
            "2": 0.4139748384903094,
            "3": 0.0008500510030601836,
            "4": 0.4969398163889833,
            "5": 0.01037062223733424,
            "6": 0.0035702142128527714,
            "7": 0.015810948656919416,
            "8": 0.018531111866712004,
            "9": 0.00017001020061203673,
            "10": 0.013090785447126827,
            "11": 0.0032301938116286975,
            "12": 0.01037062223733424,
            "13": 0.0015300918055083305,
            "14": 0.011560693641618497
        },
        "mrca": 0,
        "size": 5882
    },
    "5": {
        "clone_proportion": {
            "0": 1.0
        },
        "mrca": 0,
        "size": 5882
    },
    "6": {
        "clone_proportion": {
            "0": 1.0
        },
        "mrca": 0,
        "size": 12500
    },
    "7": {
        "clone_proportion": {
            "0": 1.0
        },
        "mrca": 0,
        "size": 5263
    },
    "8": {
        "clone_proportion": {
            "0": 1.0
        },
        "mrca": 0,
        "size": 7692
    },
    "9": {
        "clone_proportion": {
            "0": 1.0
        },
        "mrca": 0,
        "size": 25000
    }
}