{
    "0": {
        "clone_proportion": {
            "0": 0.5179957402259846,
            "1": 0.4820042597740154
        },
        "mrca": 0,
        "size": 27701
    },
    "1": {
        "clone_proportion": {
            "0": 0.5756484539990253,
            "1": 0.4243515460009747
        },
        "mrca": 0,
        "size": 36934
    },
    "2": {
        "clone_proportion": {
            "0": 1.0
        },
        "mrca": 0,
        "size": 30219
    },
    "3": {
        "clone_proportion": {
            "3": 0.9703679191360067,
            "4": 0.02963208086399326
        },
        "mrca": 3,
        "size": 66482
    },
    "4": {
        "clone_proportion": {
            "0": 1.0
        },
        "mrca": 0,
        "size": 20775
    },
    "5": {
        "clone_proportion": {
            "0": 1.0
        },
        "mrca": 0,
        "size": 18467
    },
    "6": {
        "clone_proportion": {
            "1": 0.34363417569193744,
            "2": 0.6563658243080626
        },
        "mrca": 0,
        "size": 20775
    },
    "7": {
        "clone_proportion": {
            "3": 1.0
        },
        "mrca": 3,
        "size": 18467
    },
    "8": {
        "clone_proportion": {
            "3": 0.001095033242080563,
            "4": 0.9989049667579194
        },
        "mrca": 3,
        "size": 25570
    },
    "9": {
        "clone_proportion": {
            "0": 1.0
        },
        "mrca": 0,
        "size": 30219
    }
}