{
    "0": {
        "clone_proportion": {
            "1": 1.0
        },
        "mrca": 1,
        "size": 17296
    },
    "1": {
        "clone_proportion": {
            "5": 1.0
        },
        "mrca": 5,
        "size": 44477
    },
    "2": {
        "clone_proportion": {
            "1": 1.0
        },
        "mrca": 1,
        "size": 20756
    },
    "3": {
        "clone_proportion": {
            "0": 0.27673925611871264,
            "1": 0.7232607438812874
        },
        "mrca": 0,
        "size": 51890
    },
    "4": {
        "clone_proportion": {
            "1": 1.0
        },
        "mrca": 1,
        "size": 22238
    },
    "5": {
        "clone_proportion": {
            "5": 1.0
        },
        "mrca": 5,
        "size": 18314
    },
    "6": {
        "clone_proportion": {
            "0": 1.0
        },
        "mrca": 0,
        "size": 16386
    },
    "7": {
        "clone_proportion": {
            "5": 1.0
        },
        "mrca": 5,
        "size": 44477
    },
    "8": {
        "clone_proportion": {
            "1": 1.0
        },
        "mrca": 1,
        "size": 23949
    },
    "9": {
        "clone_proportion": {
            "1": 0.6172865677394488,
            "2": 0.04937367508190403,
            "3": 0.3333397571786471
        },
        "mrca": 0,
        "size": 51890
    }
}