{
    "0": {
        "clone_proportion": {
            "4": 1.0
        },
        "mrca": 4,
        "size": 18720
    },
    "1": {
        "clone_proportion": {
            "4": 1.0
        },
        "mrca": 4,
        "size": 24961
    },
    "2": {
        "clone_proportion": {
            "4": 1.0
        },
        "mrca": 4,
        "size": 14976
    },
    "3": {
        "clone_proportion": {
            "4": 1.0
        },
        "mrca": 4,
        "size": 23041
    },
    "4": {
        "clone_proportion": {
            "3": 0.014632973768817044,
            "4": 0.985367026231183
        },
        "mrca": 1,
        "size": 33281
    },
    "5": {
        "clone_proportion": {
            "0": 0.614759024077561,
            "1": 0.385240975922439
        },
        "mrca": 0,
        "size": 49922
    },
    "6": {
        "clone_proportion": {
            "0": 1.0
        },
        "mrca": 0,
        "size": 42790
    },
    "7": {
        "clone_proportion": {
            "0": 1.0
        },
        "mrca": 0,
        "size": 21395
    },
    "8": {
        "clone_proportion": {
            "1": 0.4188133488241657,
            "3": 0.03437362285164857,
            "4": 0.5468130283241858
        },
        "mrca": 1,
        "size": 24961
    },
    "9": {
        "clone_proportion": {
            "4": 1.0
        },
        "mrca": 4,
        "size": 23041
    }
}