{
    "0": {
        "clone_proportion": {
            "0": 0.7471385621604515,
            "1": 0.2528614378395485
        },
        "mrca": 0,
        "size": 18959
    },
    "1": {
        "clone_proportion": {
            "1": 1.0
        },
        "mrca": 1,
        "size": 21487
    },
    "2": {
        "clone_proportion": {
            "1": 1.0
        },
        "mrca": 1,
        "size": 35812
    },
    "3": {
        "clone_proportion": {
            "0": 0.1269437928937538,
            "1": 0.8730562071062462
        },
        "mrca": 0,
        "size": 46044
    },
    "4": {
        "clone_proportion": {
            "0": 1.0
        },
        "mrca": 0,
        "size": 26859
    },
    "5": {
        "clone_proportion": {
            "0": 1.0
        },
        "mrca": 0,
        "size": 26859
    },
    "6": {
        "clone_proportion": {
            "0": 1.0
        },
        "mrca": 0,
        "size": 40289
    },
    "7": {
        "clone_proportion": {
            "0": 1.0
        },
        "mrca": 0,
        "size": 29301
    },
    "8": {
        "clone_proportion": {
            "1": 0.07723285894679363,
            "2": 0.9227671410532063
        },
        "mrca": 0,
        "size": 29301
    },
    "9": {
        "clone_proportion": {
            "1": 1.0
        },
        "mrca": 1,
        "size": 26859
    }
}