{
    "0": {
        "clone_proportion": {
            "0": 1.0
        },
        "mrca": 0,
        "size": 18476
    },
    "1": {
        "clone_proportion": {
            "1": 0.08786252311578188,
            "2": 0.9121374768842181
        },
        "mrca": 0,
        "size": 22171
    },
    "2": {
        "clone_proportion": {
            "0": 1.0
        },
        "mrca": 0,
        "size": 83143
    },
    "3": {
        "clone_proportion": {
            "0": 1.0
        },
        "mrca": 0,
        "size": 36952
    },
    "4": {
        "clone_proportion": {
            "2": 1.0
        },
        "mrca": 2,
        "size": 27714
    },
    "5": {
        "clone_proportion": {
            "0": 1.0
        },
        "mrca": 0,
        "size": 17503
    },
    "6": {
        "clone_proportion": {
            "0": 1.0
        },
        "mrca": 0,
        "size": 25582
    },
    "7": {
        "clone_proportion": {
            "0": 1.0
        },
        "mrca": 0,
        "size": 33257
    },
    "8": {
        "clone_proportion": {
            "0": 0.8367150571906233,
            "1": 0.11756852651455925,
            "2": 0.04571641629481736
        },
        "mrca": 0,
        "size": 83143
    },
    "9": {
        "clone_proportion": {
            "0": 1.0
        },
        "mrca": 0,
        "size": 83143
    }
}