{
    "0": {
        "clone_proportion": {
            "0": 1.0
        },
        "mrca": 0,
        "size": 26315
    },
    "1": {
        "clone_proportion": {
            "24": 1.0
        },
        "mrca": 24,
        "size": 38461
    },
    "2": {
        "clone_proportion": {
            "0": 0.6880568805688057,
            "1": 0.01783817838178382,
            "2": 0.2941049410494105
        },
        "mrca": 0,
        "size": 55555
    },
    "3": {
        "clone_proportion": {
            "0": 1.0
        },
        "mrca": 0,
        "size": 25000
    },
    "4": {
        "clone_proportion": {
            "2": 0.17109171091710917,
            "3": 0.03291032910329103,
            "4": 0.5061350613506135,
            "5": 0.03144031440314403,
            "6": 0.15606156061560617,
            "7": 0.10236102361023611
        },
        "mrca": 0,
        "size": 33333
    },
    "5": {
        "clone_proportion": {
            "0": 1.0
        },
        "mrca": 0,
        "size": 50000
    },
    "6": {
        "clone_proportion": {
            "0": 0.681002724010896,
            "1": 0.005946023784095136,
            "2": 0.31305125220500885
        },
        "mrca": 0,
        "size": 166666
    },
    "7": {
        "clone_proportion": {
            "4": 0.04972219888879555,
            "5": 0.006288025152100608,
            "6": 0.031212124848499393,
            "7": 0.07162828651314605,
            "8": 0.013236052944211776,
            "9": 0.0015420061680246721,
            "10": 0.07596630386521547,
            "11": 0.000126000504002016,
            "12": 0.0700562802251209,
            "13": 0.004848019392077569,
            "14": 0.0009600038400153601,
            "15": 6.000024000096e-06,
            "16": 0.00111000444001776,
            "17": 0.001794007176028704,
            "18": 0.010722042888171553,
            "19": 5.4000216000864e-05,
            "20": 0.0012840051360205442,
            "21": 0.005814023256093024,
            "22": 1.8000072000288002e-05,
            "23": 0.001656006624026496,
            "24": 0.6519566078264313
        },
        "mrca": 0,
        "size": 166666
    },
    "8": {
        "clone_proportion": {
            "0": 1.0
        },
        "mrca": 0,
        "size": 100000
    },
    "9": {
        "clone_proportion": {
            "0": 1.0
        },
        "mrca": 0,
        "size": 166666
    }
}