{
    "0": {
        "clone_proportion": {
            "3": 1.0
        },
        "mrca": 3,
        "size": 44217
    },
    "1": {
        "clone_proportion": {
            "3": 1.0
        },
        "mrca": 3,
        "size": 44217
    },
    "2": {
        "clone_proportion": {
            "3": 1.0
        },
        "mrca": 3,
        "size": 95803
    },
    "3": {
        "clone_proportion": {
            "3": 1.0
        },
        "mrca": 3,
        "size": 71852
    },
    "4": {
        "clone_proportion": {
            "0": 0.0014474071058642604,
            "1": 0.03846936698554854,
            "2": 0.8238912635411719,
            "3": 0.13619196236741524
        },
        "mrca": 0,
        "size": 44217
    },
    "5": {
        "clone_proportion": {
            "3": 1.0
        },
        "mrca": 3,
        "size": 38321
    },
    "6": {
        "clone_proportion": {
            "2": 0.20275912459552556,
            "3": 0.7972408754044744
        },
        "mrca": 2,
        "size": 114964
    },
    "7": {
        "clone_proportion": {
            "3": 1.0
        },
        "mrca": 3,
        "size": 143705
    },
    "8": {
        "clone_proportion": {
            "3": 1.0
        },
        "mrca": 3,
        "size": 31934
    },
    "9": {
        "clone_proportion": {
            "3": 1.0
        },
        "mrca": 3,
        "size": 143705
    }
}