{
    "0": {
        "clone_proportion": {
            "0": 1.0
        },
        "mrca": 0,
        "size": 25000
    },
    "1": {
        "clone_proportion": {
            "0": 1.0
        },
        "mrca": 0,
        "size": 12500
    },
    "2": {
        "clone_proportion": {
            "0": 1.0
        },
        "mrca": 0,
        "size": 7142
    },
    "3": {
        "clone_proportion": {
            "0": 1.0
        },
        "mrca": 0,
        "size": 16666
    },
    "4": {
        "clone_proportion": {
            "0": 1.0
        },
        "mrca": 0,
        "size": 11111
    },
    "5": {
        "clone_proportion": {
            "0": 1.0
        },
        "mrca": 0,
        "size": 5882
    },
    "6": {
        "clone_proportion": {
            "0": 1.0
        },
        "mrca": 0,
        "size": 33333
    },
    "7": {
        "clone_proportion": {
            "0": 1.0
        },
        "mrca": 0,
        "size": 16666
    },
    "8": {
        "clone_proportion": {
            "0": 1.0
        },
        "mrca": 0,
        "size": 8333
    },
    "9": {
        "clone_proportion": {
            "0": 0.44011760470418815,
            "1": 0.234249369974799,
            "2": 0.009720388815552622,
            "3": 0.00078003120124805,
            "4": 6.000240009600384e-05,
            "5": 0.002700108004320173,
            "6": 0.01734069362774511,
            "7": 0.04296171846873875,
            "8": 0.15396615864634586,
            "9": 0.023880955238209527,
            "10": 0.030721228849153966,
            "11": 0.003300132005280211,
            "12": 0.0069002760110404415,
            "13": 0.010740429617184688,
            "14": 0.004560182407296292,
            "15": 0.0016200648025921037,
            "16": 6.000240009600384e-05,
            "17": 0.016320652826113044
        },
        "mrca": 0,
        "size": 16666
    }
}