{
    "0": {
        "clone_proportion": {
            "4": 1.0
        },
        "mrca": 4,
        "size": 70045
    },
    "1": {
        "clone_proportion": {
            "0": 0.550117781426226,
            "1": 0.08677278892140766,
            "2": 0.3631094296523663
        },
        "mrca": 0,
        "size": 70045
    },
    "2": {
        "clone_proportion": {
            "8": 0.13720092178727747,
            "9": 0.0005258518025890468,
            "10": 0.20059699645823345,
            "11": 0.1852235643472478,
            "12": 0.4764526656046522
        },
        "mrca": 0,
        "size": 64657
    },
    "3": {
        "clone_proportion": {
            "2": 0.7232411390718392,
            "3": 0.2767588609281608
        },
        "mrca": 0,
        "size": 210136
    },
    "4": {
        "clone_proportion": {
            "12": 0.5547846198323215,
            "13": 0.08939642157335133,
            "14": 0.13489233668476225,
            "15": 0.0016596532930733567,
            "16": 0.002184317882496547,
            "17": 0.007281059608321823,
            "18": 0.03666227661602047,
            "19": 0.07407407407407407,
            "20": 0.0015739937682695705,
            "21": 0.0038546786161703767,
            "22": 0.09363656805113874
        },
        "mrca": 0,
        "size": 93393
    },
    "5": {
        "clone_proportion": {
            "12": 1.0
        },
        "mrca": 12,
        "size": 56036
    },
    "6": {
        "clone_proportion": {
            "12": 1.0
        },
        "mrca": 12,
        "size": 140090
    },
    "7": {
        "clone_proportion": {
            "2": 0.07683631950888714,
            "3": 0.9231636804911129
        },
        "mrca": 0,
        "size": 70045
    },
    "8": {
        "clone_proportion": {
            "0": 1.0
        },
        "mrca": 0,
        "size": 49443
    },
    "9": {
        "clone_proportion": {
            "2": 1.0
        },
        "mrca": 2,
        "size": 105068
    }
}