{
    "0": {
        "clone_proportion": {
            "0": 1.0
        },
        "mrca": 0,
        "size": 22884
    },
    "1": {
        "clone_proportion": {
            "2": 1.0
        },
        "mrca": 2,
        "size": 34327
    },
    "2": {
        "clone_proportion": {
            "0": 0.14181142794712115,
            "1": 0.8581885720528788
        },
        "mrca": 0,
        "size": 9153
    },
    "3": {
        "clone_proportion": {
            "2": 1.0
        },
        "mrca": 2,
        "size": 15256
    },
    "4": {
        "clone_proportion": {
            "0": 1.0
        },
        "mrca": 0,
        "size": 34327
    },
    "5": {
        "clone_proportion": {
            "0": 1.0
        },
        "mrca": 0,
        "size": 11442
    },
    "6": {
        "clone_proportion": {
            "0": 1.0
        },
        "mrca": 0,
        "size": 8581
    },
    "7": {
        "clone_proportion": {
            "0": 1.0
        },
        "mrca": 0,
        "size": 10562
    },
    "8": {
        "clone_proportion": {
            "0": 0.6707596845026109,
            "1": 0.1995673927767703,
            "2": 0.12967292272061876
        },
        "mrca": 0,
        "size": 45769
    },
    "9": {
        "clone_proportion": {
            "0": 1.0
        },
        "mrca": 0,
        "size": 7226
    }
}