{
    "0": {
        "clone_proportion": {
            "5": 1.0
        },
        "mrca": 5,
        "size": 50504
    },
    "1": {
        "clone_proportion": {
            "0": 0.7982302031882264,
            "1": 0.20176979681177368
        },
        "mrca": 0,
        "size": 138886
    },
    "2": {
        "clone_proportion": {
            "5": 1.0
        },
        "mrca": 5,
        "size": 39681
    },
    "3": {
        "clone_proportion": {
            "3": 0.31067653581406063,
            "5": 0.6893234641859394
        },
        "mrca": 3,
        "size": 34721
    },
    "4": {
        "clone_proportion": {
            "6": 0.5569803903215238,
            "8": 0.44301960967847615
        },
        "mrca": 5,
        "size": 42734
    },
    "5": {
        "clone_proportion": {
            "5": 1.0
        },
        "mrca": 5,
        "size": 34721
    },
    "6": {
        "clone_proportion": {
            "5": 1.0
        },
        "mrca": 5,
        "size": 37036
    },
    "7": {
        "clone_proportion": {
            "5": 1.0
        },
        "mrca": 5,
        "size": 37036
    },
    "8": {
        "clone_proportion": {
            "5": 1.0
        },
        "mrca": 5,
        "size": 27777
    },
    "9": {
        "clone_proportion": {
            "5": 1.0
        },
        "mrca": 5,
        "size": 32679
    }
}