{
    "N_max": 574823,
    "M": 574823,
    "picking": "adjacent",
    "mutation_rate": 25.63938652426293,
    "P_death": 0.0658479022679664,
    "D": 640,
    "new_clone_frequency": 0.03169522724469988,
    "depth_sequencing": 100,
    "min_alt_reads": 2,
    "n_sequencing": 10,
    "max_horizontal": 2
}