{
    "0": {
        "clone_proportion": {
            "3": 1.0
        },
        "mrca": 3,
        "size": 91695
    },
    "1": {
        "clone_proportion": {
            "3": 1.0
        },
        "mrca": 3,
        "size": 43434
    },
    "2": {
        "clone_proportion": {
            "3": 1.0
        },
        "mrca": 3,
        "size": 41262
    },
    "3": {
        "clone_proportion": {
            "8": 1.0
        },
        "mrca": 8,
        "size": 68771
    },
    "4": {
        "clone_proportion": {
            "3": 1.0
        },
        "mrca": 3,
        "size": 206314
    },
    "5": {
        "clone_proportion": {
            "3": 1.0
        },
        "mrca": 3,
        "size": 137543
    },
    "6": {
        "clone_proportion": {
            "0": 1.0
        },
        "mrca": 0,
        "size": 45847
    },
    "7": {
        "clone_proportion": {
            "3": 1.0
        },
        "mrca": 3,
        "size": 75023
    },
    "8": {
        "clone_proportion": {
            "3": 0.6300284274735901,
            "4": 0.009822382818464044,
            "5": 0.21287888151341763,
            "6": 0.008964469293239205,
            "7": 0.13830583890128906
        },
        "mrca": 0,
        "size": 137543
    },
    "9": {
        "clone_proportion": {
            "3": 1.0
        },
        "mrca": 3,
        "size": 43434
    }
}