{
    "0": {
        "clone_proportion": {
            "0": 1.0
        },
        "mrca": 0,
        "size": 20000
    },
    "1": {
        "clone_proportion": {
            "0": 1.0
        },
        "mrca": 0,
        "size": 33333
    },
    "2": {
        "clone_proportion": {
            "9": 0.5255,
            "10": 0.1488,
            "11": 0.0147,
            "12": 0.0107,
            "13": 0.0102,
            "14": 0.0033,
            "15": 0.0416,
            "16": 0.0378,
            "17": 0.0074,
            "18": 0.2
        },
        "mrca": 0,
        "size": 10000
    },
    "3": {
        "clone_proportion": {
            "0": 1.0
        },
        "mrca": 0,
        "size": 5882
    },
    "4": {
        "clone_proportion": {
            "0": 1.0
        },
        "mrca": 0,
        "size": 11111
    },
    "5": {
        "clone_proportion": {
            "0": 1.0
        },
        "mrca": 0,
        "size": 6250
    },
    "6": {
        "clone_proportion": {
            "0": 1.0
        },
        "mrca": 0,
        "size": 7692
    },
    "7": {
        "clone_proportion": {
            "0": 1.0
        },
        "mrca": 0,
        "size": 11111
    },
    "8": {
        "clone_proportion": {
            "0": 0.4215642156421564,
            "1": 0.05343053430534305,
            "2": 0.024150241502415026,
            "3": 0.23631236312363124,
            "4": 0.14157141571415713,
            "5": 0.11109111091110911,
            "6": 0.011880118801188012
        },
        "mrca": 0,
        "size": 33333
    },
    "9": {
        "clone_proportion": {
            "0": 1.0
        },
        "mrca": 0,
        "size": 10000
    }
}