{
    "0": {
        "clone_proportion": {
            "0": 1.0
        },
        "mrca": 0,
        "size": 44494
    },
    "1": {
        "clone_proportion": {
            "4": 1.0
        },
        "mrca": 4,
        "size": 19775
    },
    "2": {
        "clone_proportion": {
            "0": 1.0
        },
        "mrca": 0,
        "size": 9367
    },
    "3": {
        "clone_proportion": {
            "2": 0.2972242512783053,
            "3": 0.16048210372534696,
            "4": 0.5422936449963477
        },
        "mrca": 2,
        "size": 13690
    },
    "4": {
        "clone_proportion": {
            "0": 1.0
        },
        "mrca": 0,
        "size": 25425
    },
    "5": {
        "clone_proportion": {
            "2": 0.16603175673397835,
            "3": 0.03703266695883761,
            "4": 0.48540269022013954,
            "5": 0.02496375956578903,
            "6": 0.1419782220274416,
            "7": 0.06110305768128645,
            "8": 0.009287664767555541,
            "9": 0.07420018204497185
        },
        "mrca": 2,
        "size": 59326
    },
    "6": {
        "clone_proportion": {
            "0": 1.0
        },
        "mrca": 0,
        "size": 10469
    },
    "7": {
        "clone_proportion": {
            "2": 1.0
        },
        "mrca": 2,
        "size": 8898
    },
    "8": {
        "clone_proportion": {
            "2": 1.0
        },
        "mrca": 2,
        "size": 11865
    },
    "9": {
        "clone_proportion": {
            "2": 1.0
        },
        "mrca": 2,
        "size": 9887
    }
}