{
    "0": {
        "clone_proportion": {
            "2": 1.0
        },
        "mrca": 2,
        "size": 37793
    },
    "1": {
        "clone_proportion": {
            "11": 1.0
        },
        "mrca": 11,
        "size": 61843
    },
    "2": {
        "clone_proportion": {
            "11": 1.0
        },
        "mrca": 11,
        "size": 61843
    },
    "3": {
        "clone_proportion": {
            "9": 0.03946991246058521,
            "11": 0.9605300875394148
        },
        "mrca": 3,
        "size": 45351
    },
    "4": {
        "clone_proportion": {
            "4": 0.31851965096314416,
            "5": 0.005697720911635346,
            "6": 0.001093680174988828,
            "7": 0.02694804431168709,
            "8": 0.34215725474516073,
            "9": 0.034145165463226476,
            "11": 0.27143848343015736
        },
        "mrca": 0,
        "size": 170068
    },
    "5": {
        "clone_proportion": {
            "11": 1.0
        },
        "mrca": 11,
        "size": 40016
    },
    "6": {
        "clone_proportion": {
            "4": 0.219141110787712,
            "5": 0.008546556240573652,
            "6": 0.0016405154393670785,
            "7": 0.040421947626985595,
            "8": 0.5132343732084425,
            "9": 0.05121759761507863,
            "11": 0.16579789908184056
        },
        "mrca": 0,
        "size": 113379
    },
    "7": {
        "clone_proportion": {
            "4": 0.6224804195968672,
            "5": 0.022790883646541384,
            "6": 0.004374720699955312,
            "7": 0.10779217724674836,
            "8": 0.24256179880988782
        },
        "mrca": 0,
        "size": 42517
    },
    "8": {
        "clone_proportion": {
            "11": 1.0
        },
        "mrca": 11,
        "size": 34013
    },
    "9": {
        "clone_proportion": {
            "4": 0.3238292918126867,
            "5": 0.005697720911635346,
            "6": 0.001093680174988828,
            "7": 0.02694804431168709,
            "8": 0.34215725474516073,
            "9": 0.034145165463226476,
            "11": 0.2661288425806148
        },
        "mrca": 0,
        "size": 170068
    }
}