{
    "N_max": 273709,
    "M": 273709,
    "picking": "adjacent",
    "mutation_rate": 47.00983435679704,
    "P_death": 0.05816273975236936,
    "D": 640,
    "new_clone_frequency": 0.022476156051758917,
    "depth_sequencing": 100,
    "min_alt_reads": 2,
    "n_sequencing": 10,
    "max_horizontal": 2
}