{
    "0": {
        "clone_proportion": {
            "9": 0.09455291299378416,
            "10": 0.3079323824286169,
            "11": 0.0007671953529881476,
            "12": 0.5967475092246108
        },
        "mrca": 0,
        "size": 191607
    },
    "1": {
        "clone_proportion": {
            "0": 1.0
        },
        "mrca": 0,
        "size": 114964
    },
    "2": {
        "clone_proportion": {
            "9": 1.0
        },
        "mrca": 9,
        "size": 35926
    },
    "3": {
        "clone_proportion": {
            "9": 1.0
        },
        "mrca": 9,
        "size": 143705
    },
    "4": {
        "clone_proportion": {
            "0": 0.8646792342539822,
            "1": 0.10650786691996687,
            "2": 0.028812898826050953
        },
        "mrca": 0,
        "size": 41058
    },
    "5": {
        "clone_proportion": {
            "12": 1.0
        },
        "mrca": 12,
        "size": 44217
    },
    "6": {
        "clone_proportion": {
            "20": 1.0
        },
        "mrca": 20,
        "size": 71852
    },
    "7": {
        "clone_proportion": {
            "9": 1.0
        },
        "mrca": 9,
        "size": 95803
    },
    "8": {
        "clone_proportion": {
            "12": 0.1429789203210054,
            "15": 0.0007184870367889718,
            "16": 0.013724320177307988,
            "17": 0.1347345860175116,
            "18": 0.06692889413885067,
            "19": 0.0013395521024879135,
            "20": 0.6395752402060475
        },
        "mrca": 0,
        "size": 82117
    },
    "9": {
        "clone_proportion": {
            "9": 1.0
        },
        "mrca": 9,
        "size": 30253
    }
}