{
    "0": {
        "clone_proportion": {
            "0": 1.0
        },
        "mrca": 0,
        "size": 11218
    },
    "1": {
        "clone_proportion": {
            "2": 1.0
        },
        "mrca": 2,
        "size": 17950
    },
    "2": {
        "clone_proportion": {
            "0": 1.0
        },
        "mrca": 0,
        "size": 11966
    },
    "3": {
        "clone_proportion": {
            "0": 1.0
        },
        "mrca": 0,
        "size": 8975
    },
    "4": {
        "clone_proportion": {
            "0": 0.22229650676917934,
            "1": 0.4762660872472004,
            "2": 0.30143740598362023
        },
        "mrca": 0,
        "size": 11966
    },
    "5": {
        "clone_proportion": {
            "0": 0.9661223739408019,
            "1": 0.0338776260591981
        },
        "mrca": 0,
        "size": 59833
    },
    "6": {
        "clone_proportion": {
            "0": 1.0
        },
        "mrca": 0,
        "size": 9972
    },
    "7": {
        "clone_proportion": {
            "0": 0.46581982283135553,
            "1": 0.4762660872472004,
            "2": 0.05791408992144409
        },
        "mrca": 0,
        "size": 11966
    },
    "8": {
        "clone_proportion": {
            "0": 1.0
        },
        "mrca": 0,
        "size": 22437
    },
    "9": {
        "clone_proportion": {
            "0": 1.0
        },
        "mrca": 0,
        "size": 25642
    }
}