{
    "0": {
        "clone_proportion": {
            "0": 1.0
        },
        "mrca": 0,
        "size": 18720
    },
    "1": {
        "clone_proportion": {
            "4": 1.0
        },
        "mrca": 4,
        "size": 16640
    },
    "2": {
        "clone_proportion": {
            "0": 0.7060443687715959,
            "1": 0.017627322349641945,
            "2": 0.2763283088787621
        },
        "mrca": 0,
        "size": 19969
    },
    "3": {
        "clone_proportion": {
            "3": 1.0
        },
        "mrca": 3,
        "size": 17619
    },
    "4": {
        "clone_proportion": {
            "4": 1.0
        },
        "mrca": 4,
        "size": 23041
    },
    "5": {
        "clone_proportion": {
            "0": 1.0
        },
        "mrca": 0,
        "size": 17619
    },
    "6": {
        "clone_proportion": {
            "4": 1.0
        },
        "mrca": 4,
        "size": 14976
    },
    "7": {
        "clone_proportion": {
            "3": 1.0
        },
        "mrca": 3,
        "size": 23041
    },
    "8": {
        "clone_proportion": {
            "0": 0.281896940257399,
            "1": 0.003525464469928389,
            "2": 0.4373579047523662,
            "3": 0.2772196905203065
        },
        "mrca": 0,
        "size": 99845
    },
    "9": {
        "clone_proportion": {
            "3": 1.0
        },
        "mrca": 3,
        "size": 21395
    }
}