{
    "0": {
        "clone_proportion": {
            "1": 1.0
        },
        "mrca": 1,
        "size": 25000
    },
    "1": {
        "clone_proportion": {
            "1": 1.0
        },
        "mrca": 1,
        "size": 38461
    },
    "2": {
        "clone_proportion": {
            "1": 1.0
        },
        "mrca": 1,
        "size": 33333
    },
    "3": {
        "clone_proportion": {
            "1": 1.0
        },
        "mrca": 1,
        "size": 71428
    },
    "4": {
        "clone_proportion": {
            "1": 1.0
        },
        "mrca": 1,
        "size": 45454
    },
    "5": {
        "clone_proportion": {
            "1": 1.0
        },
        "mrca": 1,
        "size": 33333
    },
    "6": {
        "clone_proportion": {
            "0": 0.276584,
            "1": 0.723416
        },
        "mrca": 0,
        "size": 125000
    },
    "7": {
        "clone_proportion": {
            "1": 1.0
        },
        "mrca": 1,
        "size": 41666
    },
    "8": {
        "clone_proportion": {
            "1": 1.0
        },
        "mrca": 1,
        "size": 71428
    },
    "9": {
        "clone_proportion": {
            "1": 0.314704,
            "2": 0.040752,
            "3": 0.0012,
            "4": 0.000272,
            "5": 0.00024,
            "6": 0.013568,
            "7": 8e-05,
            "8": 0.158528,
            "9": 0.018336,
            "10": 0.047696,
            "11": 0.030464,
            "12": 0.00288,
            "13": 0.000128,
            "14": 0.01712,
            "15": 0.003216,
            "16": 0.00408,
            "17": 4.8e-05,
            "18": 8e-05,
            "19": 0.062,
            "20": 0.022016,
            "21": 8e-05,
            "22": 0.000464,
            "23": 0.000592,
            "24": 0.00888,
            "25": 0.004224,
            "26": 0.011296,
            "27": 0.110384,
            "28": 0.002448,
            "29": 8e-05,
            "30": 4.8e-05,
            "31": 0.000112,
            "32": 0.004608,
            "33": 0.018032,
            "34": 0.0004,
            "35": 0.0328,
            "36": 0.000656,
            "37": 0.000176,
            "38": 0.000176,
            "39": 0.01248,
            "40": 0.002224,
            "41": 8e-05,
            "42": 0.001936,
            "43": 0.001232,
            "44": 0.000272,
            "45": 0.001872,
            "46": 0.000416,
            "47": 0.000656,
            "48": 0.000784,
            "49": 0.002336,
            "50": 0.007584,
            "51": 4.8e-05,
            "52": 1.6e-05,
            "53": 0.001344,
            "54": 4.8e-05,
            "55": 0.002224,
            "56": 0.001296,
            "57": 1.6e-05,
            "58": 0.001392,
            "59": 0.000336,
            "60": 0.002,
            "61": 0.000496,
            "62": 0.000176,
            "63": 0.010144,
            "64": 0.000432,
            "65": 0.000176,
            "66": 0.0064,
            "67": 0.00056,
            "68": 0.000208,
            "69": 0.001776,
            "70": 0.000208,
            "71": 1.6e-05,
            "72": 0.005952
        },
        "mrca": 0,
        "size": 62500
    }
}