{
    "N_max": 120625,
    "M": 120625,
    "picking": "adjacent",
    "mutation_rate": 38.0572486843578,
    "P_death": 0.010000002503527084,
    "D": 640,
    "new_clone_frequency": 0.01176907109184553,
    "depth_sequencing": 100,
    "min_alt_reads": 2,
    "n_sequencing": 10,
    "max_horizontal": 2
}