{
    "0": {
        "clone_proportion": {
            "0": 1.0
        },
        "mrca": 0,
        "size": 62349
    },
    "1": {
        "clone_proportion": {
            "3": 1.0
        },
        "mrca": 3,
        "size": 57895
    },
    "2": {
        "clone_proportion": {
            "0": 0.5681344590068066,
            "1": 0.05735456863782899,
            "2": 0.3745109723553644
        },
        "mrca": 0,
        "size": 270179
    },
    "3": {
        "clone_proportion": {
            "7": 1.0
        },
        "mrca": 7,
        "size": 101317
    },
    "4": {
        "clone_proportion": {
            "2": 0.8365338942797041,
            "3": 0.16346610572029585
        },
        "mrca": 2,
        "size": 162107
    },
    "5": {
        "clone_proportion": {
            "2": 1.0
        },
        "mrca": 2,
        "size": 42659
    },
    "6": {
        "clone_proportion": {
            "2": 1.0
        },
        "mrca": 2,
        "size": 62349
    },
    "7": {
        "clone_proportion": {
            "2": 1.0
        },
        "mrca": 2,
        "size": 135089
    },
    "8": {
        "clone_proportion": {
            "2": 1.0
        },
        "mrca": 2,
        "size": 101317
    },
    "9": {
        "clone_proportion": {
            "8": 1.0
        },
        "mrca": 8,
        "size": 47678
    }
}