{
    "0": {
        "clone_proportion": {
            "3": 1.0
        },
        "mrca": 3,
        "size": 58685
    },
    "1": {
        "clone_proportion": {
            "3": 1.0
        },
        "mrca": 3,
        "size": 39123
    },
    "2": {
        "clone_proportion": {
            "0": 1.0
        },
        "mrca": 0,
        "size": 27085
    },
    "3": {
        "clone_proportion": {
            "0": 1.0
        },
        "mrca": 0,
        "size": 25150
    },
    "4": {
        "clone_proportion": {
            "0": 0.9181647780523132,
            "2": 0.004515634318820823,
            "3": 0.07731958762886598
        },
        "mrca": 0,
        "size": 23474
    },
    "5": {
        "clone_proportion": {
            "3": 1.0
        },
        "mrca": 3,
        "size": 23474
    },
    "6": {
        "clone_proportion": {
            "0": 1.0
        },
        "mrca": 0,
        "size": 39123
    },
    "7": {
        "clone_proportion": {
            "0": 0.6146796286356137,
            "2": 0.002107313969901195,
            "3": 0.3832130573944852
        },
        "mrca": 0,
        "size": 50301
    },
    "8": {
        "clone_proportion": {
            "0": 1.0
        },
        "mrca": 0,
        "size": 88028
    },
    "9": {
        "clone_proportion": {
            "3": 1.0
        },
        "mrca": 3,
        "size": 18532
    }
}