{
    "0": {
        "clone_proportion": {
            "5": 1.0
        },
        "mrca": 5,
        "size": 38461
    },
    "1": {
        "clone_proportion": {
            "1": 1.0
        },
        "mrca": 1,
        "size": 25000
    },
    "2": {
        "clone_proportion": {
            "5": 1.0
        },
        "mrca": 5,
        "size": 71428
    },
    "3": {
        "clone_proportion": {
            "0": 1.0
        },
        "mrca": 0,
        "size": 71428
    },
    "4": {
        "clone_proportion": {
            "6": 0.5340342722741782,
            "7": 0.020804166433331467,
            "8": 0.21435571484571878,
            "9": 0.01992215937727502,
            "10": 0.025116200929607438,
            "11": 4.200033600268802e-05,
            "12": 0.0033880271042168336,
            "13": 0.003836030688245506,
            "14": 0.005880047040376323,
            "15": 0.17262138097104776
        },
        "mrca": 0,
        "size": 71428
    },
    "5": {
        "clone_proportion": {
            "1": 0.9843219372877492,
            "2": 0.00138000552002208,
            "3": 0.014298057192228769
        },
        "mrca": 0,
        "size": 166666
    },
    "6": {
        "clone_proportion": {
            "0": 1.0
        },
        "mrca": 0,
        "size": 33333
    },
    "7": {
        "clone_proportion": {
            "5": 1.0
        },
        "mrca": 5,
        "size": 55555
    },
    "8": {
        "clone_proportion": {
            "5": 1.0
        },
        "mrca": 5,
        "size": 41666
    },
    "9": {
        "clone_proportion": {
            "1": 0.4140009680116161,
            "2": 0.0050600607207286485,
            "3": 0.5498305979671756,
            "4": 0.0014740176882122584,
            "5": 0.029634355612267346
        },
        "mrca": 0,
        "size": 45454
    }
}