{
    "0": {
        "clone_proportion": {
            "0": 0.5085901639344262,
            "1": 0.49140983606557376
        },
        "mrca": 0,
        "size": 30500
    },
    "1": {
        "clone_proportion": {
            "1": 0.5611957569913211,
            "2": 0.020096432015429124,
            "3": 0.010954676952748313,
            "4": 0.40775313404050145
        },
        "mrca": 0,
        "size": 25925
    },
    "2": {
        "clone_proportion": {
            "0": 1.0
        },
        "mrca": 0,
        "size": 47137
    },
    "3": {
        "clone_proportion": {
            "0": 1.0
        },
        "mrca": 0,
        "size": 86418
    },
    "4": {
        "clone_proportion": {
            "0": 1.0
        },
        "mrca": 0,
        "size": 34567
    },
    "5": {
        "clone_proportion": {
            "0": 1.0
        },
        "mrca": 0,
        "size": 28806
    },
    "6": {
        "clone_proportion": {
            "0": 1.0
        },
        "mrca": 0,
        "size": 47137
    },
    "7": {
        "clone_proportion": {
            "0": 1.0
        },
        "mrca": 0,
        "size": 74072
    },
    "8": {
        "clone_proportion": {
            "0": 1.0
        },
        "mrca": 0,
        "size": 34567
    },
    "9": {
        "clone_proportion": {
            "0": 1.0
        },
        "mrca": 0,
        "size": 172836
    }
}