{
    "0": {
        "clone_proportion": {
            "2": 1.0
        },
        "mrca": 2,
        "size": 16382
    },
    "1": {
        "clone_proportion": {
            "2": 1.0
        },
        "mrca": 2,
        "size": 49146
    },
    "2": {
        "clone_proportion": {
            "0": 1.0
        },
        "mrca": 0,
        "size": 16382
    },
    "3": {
        "clone_proportion": {
            "2": 1.0
        },
        "mrca": 2,
        "size": 24573
    },
    "4": {
        "clone_proportion": {
            "0": 0.6867818820624821,
            "1": 0.002563859082708195,
            "2": 0.31065425885480963
        },
        "mrca": 0,
        "size": 21062
    },
    "5": {
        "clone_proportion": {
            "2": 0.5121818872429323,
            "4": 0.48781811275706766
        },
        "mrca": 2,
        "size": 18429
    },
    "6": {
        "clone_proportion": {
            "0": 1.0
        },
        "mrca": 0,
        "size": 17345
    },
    "7": {
        "clone_proportion": {
            "0": 1.0
        },
        "mrca": 0,
        "size": 17345
    },
    "8": {
        "clone_proportion": {
            "2": 1.0
        },
        "mrca": 2,
        "size": 16382
    },
    "9": {
        "clone_proportion": {
            "2": 0.23677749291227498,
            "4": 0.5901056715365103,
            "5": 0.17311683555121474
        },
        "mrca": 2,
        "size": 73719
    }
}