{
    "0": {
        "clone_proportion": {
            "0": 0.7311876575687822,
            "1": 0.2688123424312178
        },
        "mrca": 0,
        "size": 72984
    },
    "1": {
        "clone_proportion": {
            "0": 1.0
        },
        "mrca": 0,
        "size": 48656
    },
    "2": {
        "clone_proportion": {
            "1": 0.6004398224268332,
            "2": 0.14394935876356463,
            "3": 0.2556108188096021
        },
        "mrca": 0,
        "size": 48656
    },
    "3": {
        "clone_proportion": {
            "1": 0.580868953611049,
            "2": 0.11196010102624764,
            "3": 0.3071709453627034
        },
        "mrca": 0,
        "size": 62558
    },
    "4": {
        "clone_proportion": {
            "0": 1.0
        },
        "mrca": 0,
        "size": 145969
    },
    "5": {
        "clone_proportion": {
            "0": 1.0
        },
        "mrca": 0,
        "size": 145969
    },
    "6": {
        "clone_proportion": {
            "0": 1.0
        },
        "mrca": 0,
        "size": 72984
    },
    "7": {
        "clone_proportion": {
            "0": 1.0
        },
        "mrca": 0,
        "size": 36492
    },
    "8": {
        "clone_proportion": {
            "0": 1.0
        },
        "mrca": 0,
        "size": 31279
    },
    "9": {
        "clone_proportion": {
            "0": 1.0
        },
        "mrca": 0,
        "size": 31279
    }
}