{
    "0": {
        "clone_proportion": {
            "1": 1.0
        },
        "mrca": 1,
        "size": 33685
    },
    "1": {
        "clone_proportion": {
            "0": 1.0
        },
        "mrca": 0,
        "size": 67370
    },
    "2": {
        "clone_proportion": {
            "0": 1.0
        },
        "mrca": 0,
        "size": 33685
    },
    "3": {
        "clone_proportion": {
            "3": 1.0
        },
        "mrca": 3,
        "size": 39629
    },
    "4": {
        "clone_proportion": {
            "3": 1.0
        },
        "mrca": 3,
        "size": 67370
    },
    "5": {
        "clone_proportion": {
            "1": 1.0
        },
        "mrca": 1,
        "size": 84213
    },
    "6": {
        "clone_proportion": {
            "3": 0.39726051797228457,
            "4": 0.006599337394464037,
            "5": 8.01538954793203e-05,
            "6": 0.14250472017384488,
            "7": 0.4535552705639272
        },
        "mrca": 0,
        "size": 112284
    },
    "7": {
        "clone_proportion": {
            "0": 0.6973626399724508,
            "1": 0.3026373600275492
        },
        "mrca": 0,
        "size": 168426
    },
    "8": {
        "clone_proportion": {
            "1": 1.0
        },
        "mrca": 1,
        "size": 61246
    },
    "9": {
        "clone_proportion": {
            "1": 1.0
        },
        "mrca": 1,
        "size": 74856
    }
}