{
    "0": {
        "clone_proportion": {
            "0": 1.0
        },
        "mrca": 0,
        "size": 177681
    },
    "1": {
        "clone_proportion": {
            "0": 1.0
        },
        "mrca": 0,
        "size": 88840
    },
    "2": {
        "clone_proportion": {
            "5": 1.0
        },
        "mrca": 5,
        "size": 26652
    },
    "3": {
        "clone_proportion": {
            "0": 1.0
        },
        "mrca": 0,
        "size": 29613
    },
    "4": {
        "clone_proportion": {
            "0": 0.6807143929161038,
            "1": 0.31928560708389614
        },
        "mrca": 0,
        "size": 33315
    },
    "5": {
        "clone_proportion": {
            "0": 1.0
        },
        "mrca": 0,
        "size": 33315
    },
    "6": {
        "clone_proportion": {
            "0": 1.0
        },
        "mrca": 0,
        "size": 44420
    },
    "7": {
        "clone_proportion": {
            "0": 0.049170793936665166,
            "1": 0.4961916554104758,
            "2": 0.24257091400270148,
            "3": 0.03759567762269248,
            "4": 0.017372054630046527,
            "5": 0.15709890439741858
        },
        "mrca": 0,
        "size": 53304
    },
    "8": {
        "clone_proportion": {
            "0": 1.0
        },
        "mrca": 0,
        "size": 53304
    },
    "9": {
        "clone_proportion": {
            "0": 1.0
        },
        "mrca": 0,
        "size": 38074
    }
}