{
    "0": {
        "clone_proportion": {
            "1": 0.9123151208936906,
            "2": 0.0876848791063094
        },
        "mrca": 0,
        "size": 111627
    },
    "1": {
        "clone_proportion": {
            "1": 1.0
        },
        "mrca": 1,
        "size": 195347
    },
    "2": {
        "clone_proportion": {
            "2": 0.9293557552023344,
            "3": 0.0006142977808492667,
            "4": 0.0700299470168164
        },
        "mrca": 0,
        "size": 39069
    },
    "3": {
        "clone_proportion": {
            "4": 0.4195457314419981,
            "5": 0.11946305804542685,
            "6": 0.4609912105125751
        },
        "mrca": 0,
        "size": 45964
    },
    "4": {
        "clone_proportion": {
            "0": 1.0
        },
        "mrca": 0,
        "size": 78139
    },
    "5": {
        "clone_proportion": {
            "1": 1.0
        },
        "mrca": 1,
        "size": 78139
    },
    "6": {
        "clone_proportion": {
            "1": 1.0
        },
        "mrca": 1,
        "size": 60106
    },
    "7": {
        "clone_proportion": {
            "0": 1.0
        },
        "mrca": 0,
        "size": 52092
    },
    "8": {
        "clone_proportion": {
            "0": 1.0
        },
        "mrca": 0,
        "size": 43410
    },
    "9": {
        "clone_proportion": {
            "1": 0.4486165021519371,
            "2": 0.5513834978480628
        },
        "mrca": 0,
        "size": 260463
    }
}