{
    "N_max": 589097,
    "M": 589097,
    "picking": "adjacent",
    "mutation_rate": 39.35213542899602,
    "P_death": 0.16596553644776352,
    "D": 640,
    "new_clone_frequency": 0.00987441287707641,
    "depth_sequencing": 100,
    "min_alt_reads": 2,
    "n_sequencing": 10,
    "max_horizontal": 2
}