{
    "0": {
        "clone_proportion": {
            "3": 1.0
        },
        "mrca": 3,
        "size": 34921
    },
    "1": {
        "clone_proportion": {
            "3": 1.0
        },
        "mrca": 3,
        "size": 23280
    },
    "2": {
        "clone_proportion": {
            "3": 1.0
        },
        "mrca": 3,
        "size": 20541
    },
    "3": {
        "clone_proportion": {
            "0": 1.0
        },
        "mrca": 0,
        "size": 17460
    },
    "4": {
        "clone_proportion": {
            "0": 1.0
        },
        "mrca": 0,
        "size": 38801
    },
    "5": {
        "clone_proportion": {
            "0": 1.0
        },
        "mrca": 0,
        "size": 18379
    },
    "6": {
        "clone_proportion": {
            "0": 0.28346219931271477,
            "1": 0.3518470790378007,
            "2": 0.3646907216494845
        },
        "mrca": 0,
        "size": 23280
    },
    "7": {
        "clone_proportion": {
            "0": 1.0
        },
        "mrca": 0,
        "size": 21825
    },
    "8": {
        "clone_proportion": {
            "0": 1.0
        },
        "mrca": 0,
        "size": 26862
    },
    "9": {
        "clone_proportion": {
            "0": 0.3525798525798526,
            "1": 0.30492889583798677,
            "2": 0.34249125158216065
        },
        "mrca": 0,
        "size": 26862
    }
}