{
    "0": {
        "clone_proportion": {
            "3": 0.2675268817204301,
            "4": 0.7324731182795698
        },
        "mrca": 3,
        "size": 6975
    },
    "1": {
        "clone_proportion": {
            "0": 1.0
        },
        "mrca": 0,
        "size": 22090
    },
    "2": {
        "clone_proportion": {
            "0": 0.07980986871887732,
            "1": 0.00029425079221367137,
            "2": 0.32863286555002263,
            "3": 0.22951561792666364,
            "4": 0.36174739701222275
        },
        "mrca": 0,
        "size": 44180
    },
    "3": {
        "clone_proportion": {
            "0": 1.0
        },
        "mrca": 0,
        "size": 7796
    },
    "4": {
        "clone_proportion": {
            "0": 1.0
        },
        "mrca": 0,
        "size": 44180
    },
    "5": {
        "clone_proportion": {
            "0": 1.0
        },
        "mrca": 0,
        "size": 9467
    },
    "6": {
        "clone_proportion": {
            "0": 1.0
        },
        "mrca": 0,
        "size": 14726
    },
    "7": {
        "clone_proportion": {
            "0": 1.0
        },
        "mrca": 0,
        "size": 12049
    },
    "8": {
        "clone_proportion": {
            "0": 1.0
        },
        "mrca": 0,
        "size": 9467
    },
    "9": {
        "clone_proportion": {
            "0": 1.0
        },
        "mrca": 0,
        "size": 11045
    }
}