{
    "0": {
        "clone_proportion": {
            "2": 1.0
        },
        "mrca": 2,
        "size": 485762
    },
    "1": {
        "clone_proportion": {
            "0": 0.6584241412816135,
            "1": 0.34157585871838647
        },
        "mrca": 0,
        "size": 910805
    },
    "2": {
        "clone_proportion": {
            "2": 0.5664467329578595,
            "3": 0.13353040264667043,
            "4": 0.30002286439547005
        },
        "mrca": 0,
        "size": 428614
    },
    "3": {
        "clone_proportion": {
            "1": 1.0
        },
        "mrca": 1,
        "size": 1040920
    },
    "4": {
        "clone_proportion": {
            "1": 1.0
        },
        "mrca": 1,
        "size": 1214406
    },
    "5": {
        "clone_proportion": {
            "1": 1.0
        },
        "mrca": 1,
        "size": 1040920
    },
    "6": {
        "clone_proportion": {
            "1": 1.0
        },
        "mrca": 1,
        "size": 1040920
    },
    "7": {
        "clone_proportion": {
            "1": 1.0
        },
        "mrca": 1,
        "size": 1457288
    },
    "8": {
        "clone_proportion": {
            "1": 0.8231372247627099,
            "2": 0.17686277523729008
        },
        "mrca": 0,
        "size": 1457288
    },
    "9": {
        "clone_proportion": {
            "1": 1.0
        },
        "mrca": 1,
        "size": 1457288
    },
    "10": {
        "clone_proportion": {
            "1": 1.0
        },
        "mrca": 1,
        "size": 1214406
    },
    "11": {
        "clone_proportion": {
            "1": 1.0
        },
        "mrca": 1,
        "size": 404802
    },
    "12": {
        "clone_proportion": {
            "1": 1.0
        },
        "mrca": 1,
        "size": 455402
    },
    "13": {
        "clone_proportion": {
            "1": 1.0
        },
        "mrca": 1,
        "size": 404802
    },
    "14": {
        "clone_proportion": {
            "1": 1.0
        },
        "mrca": 1,
        "size": 520460
    },
    "15": {
        "clone_proportion": {
            "2": 1.0
        },
        "mrca": 2,
        "size": 485762
    },
    "16": {
        "clone_proportion": {
            "0": 1.0
        },
        "mrca": 0,
        "size": 455402
    },
    "17": {
        "clone_proportion": {
            "0": 0.6094548359072962,
            "1": 0.39054516409270384
        },
        "mrca": 0,
        "size": 485762
    },
    "18": {
        "clone_proportion": {
            "1": 1.0
        },
        "mrca": 1,
        "size": 1457288
    },
    "19": {
        "clone_proportion": {
            "1": 0.24402249164509576,
            "2": 0.6793067230783103,
            "3": 0.023564185468374882,
            "4": 0.05310659980821908
        },
        "mrca": 0,
        "size": 2428813
    },
    "20": {
        "clone_proportion": {
            "1": 1.0
        },
        "mrca": 1,
        "size": 485762
    },
    "21": {
        "clone_proportion": {
            "1": 1.0
        },
        "mrca": 1,
        "size": 404802
    },
    "22": {
        "clone_proportion": {
            "1": 1.0
        },
        "mrca": 1,
        "size": 1040920
    },
    "23": {
        "clone_proportion": {
            "1": 1.0
        },
        "mrca": 1,
        "size": 662403
    },
    "24": {
        "clone_proportion": {
            "1": 1.0
        },
        "mrca": 1,
        "size": 520460
    },
    "25": {
        "clone_proportion": {
            "1": 1.0
        },
        "mrca": 1,
        "size": 728644
    },
    "26": {
        "clone_proportion": {
            "2": 1.0
        },
        "mrca": 2,
        "size": 520460
    },
    "27": {
        "clone_proportion": {
            "1": 1.0
        },
        "mrca": 1,
        "size": 485762
    },
    "28": {
        "clone_proportion": {
            "1": 1.0
        },
        "mrca": 1,
        "size": 728644
    },
    "29": {
        "clone_proportion": {
            "1": 1.0
        },
        "mrca": 1,
        "size": 607203
    },
    "30": {
        "clone_proportion": {
            "1": 1.0
        },
        "mrca": 1,
        "size": 455402
    },
    "31": {
        "clone_proportion": {
            "0": 1.0
        },
        "mrca": 0,
        "size": 455402
    },
    "32": {
        "clone_proportion": {
            "1": 1.0
        },
        "mrca": 1,
        "size": 1040920
    },
    "33": {
        "clone_proportion": {
            "1": 1.0
        },
        "mrca": 1,
        "size": 364322
    },
    "34": {
        "clone_proportion": {
            "0": 0.7621994843843388,
            "1": 0.23780051561566115
        },
        "mrca": 0,
        "size": 560495
    },
    "35": {
        "clone_proportion": {
            "1": 1.0
        },
        "mrca": 1,
        "size": 2428813
    },
    "36": {
        "clone_proportion": {
            "1": 1.0
        },
        "mrca": 1,
        "size": 1821610
    },
    "37": {
        "clone_proportion": {
            "1": 1.0
        },
        "mrca": 1,
        "size": 520460
    },
    "38": {
        "clone_proportion": {
            "1": 1.0
        },
        "mrca": 1,
        "size": 1821610
    },
    "39": {
        "clone_proportion": {
            "1": 1.0
        },
        "mrca": 1,
        "size": 404802
    },
    "40": {
        "clone_proportion": {
            "2": 0.809221957072017,
            "3": 0.047128390340627435,
            "4": 0.14364965258735546
        },
        "mrca": 0,
        "size": 1214406
    },
    "41": {
        "clone_proportion": {
            "1": 1.0
        },
        "mrca": 1,
        "size": 428614
    },
    "42": {
        "clone_proportion": {
            "1": 1.0
        },
        "mrca": 1,
        "size": 1457288
    },
    "43": {
        "clone_proportion": {
            "1": 1.0
        },
        "mrca": 1,
        "size": 364322
    },
    "44": {
        "clone_proportion": {
            "1": 1.0
        },
        "mrca": 1,
        "size": 809604
    },
    "45": {
        "clone_proportion": {
            "1": 1.0
        },
        "mrca": 1,
        "size": 1040920
    },
    "46": {
        "clone_proportion": {
            "2": 1.0
        },
        "mrca": 2,
        "size": 455402
    },
    "47": {
        "clone_proportion": {
            "1": 1.0
        },
        "mrca": 1,
        "size": 383496
    },
    "48": {
        "clone_proportion": {
            "2": 0.83973408138954,
            "3": 0.06283781929172545,
            "4": 0.09742809931873453
        },
        "mrca": 0,
        "size": 910805
    },
    "49": {
        "clone_proportion": {
            "2": 1.0
        },
        "mrca": 2,
        "size": 1040920
    },
    "50": {
        "clone_proportion": {
            "1": 1.0
        },
        "mrca": 1,
        "size": 809604
    },
    "51": {
        "clone_proportion": {
            "1": 1.0
        },
        "mrca": 1,
        "size": 560495
    },
    "52": {
        "clone_proportion": {
            "1": 1.0
        },
        "mrca": 1,
        "size": 662403
    },
    "53": {
        "clone_proportion": {
            "1": 1.0
        },
        "mrca": 1,
        "size": 455402
    },
    "54": {
        "clone_proportion": {
            "1": 1.0
        },
        "mrca": 1,
        "size": 455402
    },
    "55": {
        "clone_proportion": {
            "1": 1.0
        },
        "mrca": 1,
        "size": 910805
    },
    "56": {
        "clone_proportion": {
            "1": 1.0
        },
        "mrca": 1,
        "size": 2428813
    },
    "57": {
        "clone_proportion": {
            "1": 1.0
        },
        "mrca": 1,
        "size": 520460
    },
    "58": {
        "clone_proportion": {
            "1": 1.0
        },
        "mrca": 1,
        "size": 910805
    },
    "59": {
        "clone_proportion": {
            "2": 0.8129231833378165,
            "3": 0.031418909645862726,