{
    "0": {
        "clone_proportion": {
            "0": 1.0
        },
        "mrca": 0,
        "size": 65909
    },
    "1": {
        "clone_proportion": {
            "2": 1.0
        },
        "mrca": 2,
        "size": 79091
    },
    "2": {
        "clone_proportion": {
            "2": 1.0
        },
        "mrca": 2,
        "size": 60839
    },
    "3": {
        "clone_proportion": {
            "2": 1.0
        },
        "mrca": 2,
        "size": 49431
    },
    "4": {
        "clone_proportion": {
            "2": 0.7635831221836168,
            "3": 0.2364168778163832
        },
        "mrca": 2,
        "size": 65909
    },
    "5": {
        "clone_proportion": {
            "2": 1.0
        },
        "mrca": 2,
        "size": 46524
    },
    "6": {
        "clone_proportion": {
            "2": 1.0
        },
        "mrca": 2,
        "size": 41626
    },
    "7": {
        "clone_proportion": {
            "3": 0.9783867027773352,
            "4": 0.021613297222664755
        },
        "mrca": 2,
        "size": 56493
    },
    "8": {
        "clone_proportion": {
            "0": 0.5985275207956394,
            "1": 0.33252919734331676,
            "2": 0.06894328186104379
        },
        "mrca": 0,
        "size": 263637
    },
    "9": {
        "clone_proportion": {
            "2": 0.7844986723985333,
            "3": 0.21550132760146667
        },
        "mrca": 2,
        "size": 39545
    }
}