{
    "0": {
        "clone_proportion": {
            "0": 1.0
        },
        "mrca": 0,
        "size": 61702
    },
    "1": {
        "clone_proportion": {
            "3": 1.0
        },
        "mrca": 3,
        "size": 55532
    },
    "2": {
        "clone_proportion": {
            "3": 1.0
        },
        "mrca": 3,
        "size": 50484
    },
    "3": {
        "clone_proportion": {
            "3": 1.0
        },
        "mrca": 3,
        "size": 39666
    },
    "4": {
        "clone_proportion": {
            "0": 1.0
        },
        "mrca": 0,
        "size": 42717
    },
    "5": {
        "clone_proportion": {
            "0": 0.5688679041424466,
            "2": 0.4311320958575534
        },
        "mrca": 0,
        "size": 92554
    },
    "6": {
        "clone_proportion": {
            "5": 0.34530832450965565,
            "6": 0.6546916754903443
        },
        "mrca": 3,
        "size": 39666
    },
    "7": {
        "clone_proportion": {
            "0": 0.5324186539843295,
            "2": 0.4675813460156704
        },
        "mrca": 0,
        "size": 29227
    },
    "8": {
        "clone_proportion": {
            "0": 0.12042497636519156,
            "2": 0.37936343582586773,
            "3": 0.5002115878089407
        },
        "mrca": 0,
        "size": 111065
    },
    "9": {
        "clone_proportion": {
            "3": 1.0
        },
        "mrca": 3,
        "size": 34707
    }
}