{
    "0": {
        "clone_proportion": {
            "2": 1.0
        },
        "mrca": 2,
        "size": 39062
    },
    "1": {
        "clone_proportion": {
            "0": 0.2803923978045384,
            "1": 0.0006280549411539827,
            "2": 0.7189795472543077
        },
        "mrca": 0,
        "size": 146484
    },
    "2": {
        "clone_proportion": {
            "3": 1.0
        },
        "mrca": 3,
        "size": 146484
    },
    "3": {
        "clone_proportion": {
            "0": 1.0
        },
        "mrca": 0,
        "size": 41852
    },
    "4": {
        "clone_proportion": {
            "3": 1.0
        },
        "mrca": 3,
        "size": 32552
    },
    "5": {
        "clone_proportion": {
            "0": 1.0
        },
        "mrca": 0,
        "size": 45072
    },
    "6": {
        "clone_proportion": {
            "3": 1.0
        },
        "mrca": 3,
        "size": 53267
    },
    "7": {
        "clone_proportion": {
            "0": 0.8299797247480953,
            "1": 0.001413123617596461,
            "2": 0.16860715163430817
        },
        "mrca": 0,
        "size": 65104
    },
    "8": {
        "clone_proportion": {
            "2": 1.0
        },
        "mrca": 2,
        "size": 39062
    },
    "9": {
        "clone_proportion": {
            "3": 1.0
        },
        "mrca": 3,
        "size": 53267
    }
}