{
    "0": {
        "clone_proportion": {
            "5": 1.0
        },
        "mrca": 5,
        "size": 157163
    },
    "1": {
        "clone_proportion": {
            "5": 0.7717079037035387,
            "6": 2.2270226933612454e-05,
            "7": 0.00345188517470993,
            "8": 2.2270226933612454e-05,
            "9": 0.2247956706678841
        },
        "mrca": 0,
        "size": 44903
    },
    "2": {
        "clone_proportion": {
            "0": 0.6906036745406824,
            "1": 0.00572655690765927,
            "2": 0.30366976855165834
        },
        "mrca": 0,
        "size": 104775
    },
    "3": {
        "clone_proportion": {
            "0": 1.0
        },
        "mrca": 0,
        "size": 34925
    },
    "4": {
        "clone_proportion": {
            "5": 1.0
        },
        "mrca": 5,
        "size": 33087
    },
    "5": {
        "clone_proportion": {
            "2": 1.0
        },
        "mrca": 2,
        "size": 62865
    },
    "6": {
        "clone_proportion": {
            "2": 0.07712093712071443,
            "3": 0.011613794024964647,
            "5": 0.9112652688543209
        },
        "mrca": 0,
        "size": 89807
    },
    "7": {
        "clone_proportion": {
            "5": 1.0
        },
        "mrca": 5,
        "size": 33087
    },
    "8": {
        "clone_proportion": {
            "5": 1.0
        },
        "mrca": 5,
        "size": 209551
    },
    "9": {
        "clone_proportion": {
            "0": 0.23635334016276097,
            "1": 0.0038176924594211107,
            "2": 0.7598289673778179
        },
        "mrca": 0,
        "size": 157163
    }
}