{
    "0": {
        "clone_proportion": {
            "0": 1.0
        },
        "mrca": 0,
        "size": 101924
    },
    "1": {
        "clone_proportion": {
            "0": 1.0
        },
        "mrca": 0,
        "size": 55595
    },
    "2": {
        "clone_proportion": {
            "0": 1.0
        },
        "mrca": 0,
        "size": 35973
    },
    "3": {
        "clone_proportion": {
            "0": 0.0710604118154941,
            "1": 0.928939588184506
        },
        "mrca": 0,
        "size": 38221
    },
    "4": {
        "clone_proportion": {
            "0": 1.0
        },
        "mrca": 0,
        "size": 43682
    },
    "5": {
        "clone_proportion": {
            "4": 0.5980953253056178,
            "5": 0.23524563893594616,
            "6": 0.10166659035758437,
            "7": 0.014330845657250126,
            "8": 0.04727347648917174,
            "9": 0.0005265326679181356,
            "10": 9.15708987683714e-05,
            "11": 0.0005494253926102285,
            "12": 0.002220594295133007
        },
        "mrca": 0,
        "size": 43682
    },
    "6": {
        "clone_proportion": {
            "1": 1.0
        },
        "mrca": 1,
        "size": 50962
    },
    "7": {
        "clone_proportion": {
            "0": 1.0
        },
        "mrca": 0,
        "size": 122309
    },
    "8": {
        "clone_proportion": {
            "4": 0.5263558095611862,
            "5": 0.2520542569108882,
            "6": 0.10893080526870907,
            "7": 0.015354803895116387,
            "8": 0.05065123010130246,
            "9": 0.0005641541367215286,
            "10": 9.811376290809194e-05,
            "11": 0.0005886825774485516,
            "12": 0.035958694105815696,
            "13": 0.0012509504770781721,
            "14": 0.0015943486472564938,
            "15": 0.0019377468174348158,
            "16": 0.002894356005788712,
            "17": 2.4528440727022985e-05,
            "18": 4.905688145404597e-05,
            "19": 0.001692462410164586
        },
        "mrca": 0,
        "size": 40769
    },
    "9": {
        "clone_proportion": {
            "0": 1.0
        },
        "mrca": 0,
        "size": 33974
    }
}