{
    "0": {
        "clone_proportion": {
            "0": 1.0
        },
        "mrca": 0,
        "size": 29953
    },
    "1": {
        "clone_proportion": {
            "0": 1.0
        },
        "mrca": 0,
        "size": 18720
    },
    "2": {
        "clone_proportion": {
            "0": 1.0
        },
        "mrca": 0,
        "size": 15765
    },
    "3": {
        "clone_proportion": {
            "0": 1.0
        },
        "mrca": 0,
        "size": 15765
    },
    "4": {
        "clone_proportion": {
            "0": 1.0
        },
        "mrca": 0,
        "size": 16640
    },
    "5": {
        "clone_proportion": {
            "0": 1.0
        },
        "mrca": 0,
        "size": 16640
    },
    "6": {
        "clone_proportion": {
            "0": 1.0
        },
        "mrca": 0,
        "size": 17619
    },
    "7": {
        "clone_proportion": {
            "0": 0.5891131253442836,
            "1": 0.015423907055936702,
            "2": 0.39546296759977967
        },
        "mrca": 0,
        "size": 19969
    },
    "8": {
        "clone_proportion": {
            "0": 0.9049210429673155,
            "1": 0.011311053984575836,
            "2": 0.0837679030481087
        },
        "mrca": 0,
        "size": 27230
    },
    "9": {
        "clone_proportion": {
            "0": 0.6968563873828156,
            "1": 0.008226276007585267,
            "2": 0.29363531956945593,
            "3": 0.0012820170401431586
        },
        "mrca": 0,
        "size": 37441
    }
}