{
    "0": {
        "clone_proportion": {
            "7": 1.0
        },
        "mrca": 7,
        "size": 25000
    },
    "1": {
        "clone_proportion": {
            "18": 0.03427295964287,
            "19": 0.005400151204233718,
            "20": 0.00018000504014112394,
            "21": 0.016812470749180977,
            "22": 3.600100802822479e-05,
            "23": 0.0025560715700039603,
            "24": 0.002412067537891061,
            "25": 0.06976995355869964,
            "26": 0.004716132051697447,
            "27": 0.01472441228354394,
            "28": 0.01825251107030997,
            "29": 0.026316736868632323,
            "30": 0.07848219750153004,
            "31": 0.1244554847535731,
            "32": 3.600100802822479e-05,
            "33": 0.0596896713107967,
            "34": 0.053713503978111386,
            "35": 0.04042913201569644,
            "36": 0.030780861864132196,
            "37": 0.015228426395939087,
            "38": 0.0002520070561975735,
            "39": 0.008316232854519927,
            "40": 0.135651798250351,
            "41": 0.0130683659142456,
            "42": 0.0011160312488749686,
            "43": 0.002916081650286208,
            "44": 0.00010800302408467438,
            "45": 0.025056701587644455,
            "46": 0.003744104834935378,
            "47": 0.00010800302408467438,
            "48": 0.0006840191525362711,
            "49": 0.04989739712711956,
            "50": 0.00010800302408467438,
            "51": 0.1287036037009036,
            "52": 0.0033120927385966808,
            "53": 0.0059401663246570905,
            "54": 0.00046801310436692226,
            "55": 0.00018000504014112394,
            "56": 0.0006840191525362711,
            "57": 0.0006840191525362711,
            "58": 0.0003960110883104727,
            "59": 0.006588184469165137,
            "60": 0.0018360514094394643,
            "61": 0.00046801310436692226,
            "62": 0.001692047377326565,
            "63": 0.0033120927385966808,
            "64": 0.0016200453612701155,
            "65": 0.0028440796342297583,
            "66": 0.00010800302408467438,
            "67": 0.0006120171364798214,
            "68": 0.0006840191525362711,
            "69": 0.0005760161284515966
        },
        "mrca": 0,
        "size": 27777
    },
    "2": {
        "clone_proportion": {
            "7": 0.190624,
            "8": 0.000944,
            "9": 0.08552,
            "10": 0.000784,
            "11": 0.000208,
            "12": 0.01144,
            "13": 0.100128,
            "14": 0.017152,
            "15": 0.000976,
            "16": 0.024896,
            "17": 0.012384,
            "18": 0.016128,
            "19": 0.0024,
            "20": 8e-05,
            "21": 0.007472,
            "22": 1.6e-05,
            "23": 0.001136,
            "24": 0.001072,
            "25": 0.031008,
            "26": 0.002096,
            "27": 0.006544,
            "28": 0.008112,
            "29": 0.011696,
            "30": 0.03488,
            "31": 0.055312,
            "32": 1.6e-05,
            "33": 0.026528,
            "34": 0.023872,
            "35": 0.017968,
            "36": 0.01368,
            "37": 0.006768,
            "38": 0.000112,
            "39": 0.003696,
            "40": 0.060288,
            "41": 0.005808,
            "42": 0.000496,
            "43": 0.001296,
            "44": 4.8e-05,
            "45": 0.011136,
            "46": 0.001664,
            "47": 4.8e-05,
            "48": 0.000304,
            "49": 0.022176,
            "50": 4.8e-05,
            "51": 0.0572,
            "52": 0.001472,
            "53": 0.00264,
            "54": 0.000208,
            "55": 8e-05,
            "56": 0.000304,
            "57": 0.000304,
            "58": 0.000176,
            "59": 0.002928,
            "60": 0.000816,
            "61": 0.000208,
            "62": 0.000752,
            "63": 0.001472,
            "64": 0.00072,
            "65": 0.001264,
            "66": 4.8e-05,
            "67": 0.000272,
            "68": 0.000304,
            "69": 0.000656,
            "70": 1.6e-05,
            "71": 0.000976,
            "72": 0.000688,
            "73": 0.000944,
            "74": 8e-05,
            "75": 0.000144,
            "76": 0.000272,
            "77": 1.6e-05,
            "78": 0.00912,
            "79": 8e-05,
            "80": 0.000272,
            "81": 0.096608
        },
        "mrca": 0,
        "size": 62500
    },
    "3": {
        "clone_proportion": {
            "1": 1.0
        },
        "mrca": 1,
        "size": 27777
    },
    "4": {
        "clone_proportion": {
            "1": 1.0
        },
        "mrca": 1,
        "size": 38461
    },
    "5": {
        "clone_proportion": {
            "7": 1.0
        },
        "mrca": 7,
        "size": 45454
    },
    "6": {
        "clone_proportion": {
            "0": 1.0
        },
        "mrca": 0,
        "size": 50000
    },
    "7": {
        "clone_proportion": {
            "0": 1.0
        },
        "mrca": 0,
        "size": 26315
    },
    "8": {
        "clone_proportion": {
            "1": 1.0
        },
        "mrca": 1,
        "size": 55555
    },
    "9": {
        "clone_proportion": {
            "1": 1.0
        },
        "mrca": 1,
        "size": 125000
    }
}