{
    "0": {
        "clone_proportion": {
            "2": 1.0
        },
        "mrca": 2,
        "size": 32609
    },
    "1": {
        "clone_proportion": {
            "1": 0.08403992701513363,
            "2": 0.9159600729848664
        },
        "mrca": 0,
        "size": 46585
    },
    "2": {
        "clone_proportion": {
            "3": 0.8764650683545235,
            "4": 0.0014351690003495923,
            "5": 0.12209976264512687
        },
        "mrca": 0,
        "size": 54349
    },
    "3": {
        "clone_proportion": {
            "0": 1.0
        },
        "mrca": 0,
        "size": 54349
    },
    "4": {
        "clone_proportion": {
            "2": 1.0
        },
        "mrca": 2,
        "size": 21739
    },
    "5": {
        "clone_proportion": {
            "0": 1.0
        },
        "mrca": 0,
        "size": 18116
    },
    "6": {
        "clone_proportion": {
            "2": 1.0
        },
        "mrca": 2,
        "size": 16304
    },
    "7": {
        "clone_proportion": {
            "1": 0.03294755499947868,
            "2": 0.9670524450005213
        },
        "mrca": 0,
        "size": 19182
    },
    "8": {
        "clone_proportion": {
            "2": 1.0
        },
        "mrca": 2,
        "size": 16304
    },
    "9": {
        "clone_proportion": {
            "2": 1.0
        },
        "mrca": 2,
        "size": 19182
    }
}