{
    "0": {
        "clone_proportion": {
            "2": 1.0
        },
        "mrca": 2,
        "size": 52256
    },
    "1": {
        "clone_proportion": {
            "2": 1.0
        },
        "mrca": 2,
        "size": 191607
    },
    "2": {
        "clone_proportion": {
            "0": 1.0
        },
        "mrca": 0,
        "size": 33813
    },
    "3": {
        "clone_proportion": {
            "0": 1.0
        },
        "mrca": 0,
        "size": 71852
    },
    "4": {
        "clone_proportion": {
            "0": 1.0
        },
        "mrca": 0,
        "size": 33813
    },
    "5": {
        "clone_proportion": {
            "0": 1.0
        },
        "mrca": 0,
        "size": 41058
    },
    "6": {
        "clone_proportion": {
            "2": 1.0
        },
        "mrca": 2,
        "size": 35926
    },
    "7": {
        "clone_proportion": {
            "0": 0.07665008176472635,
            "1": 0.5289655892279322,
            "2": 0.39438432900734144
        },
        "mrca": 0,
        "size": 28741
    },
    "8": {
        "clone_proportion": {
            "1": 0.2912906800551824,
            "2": 0.7087093199448176
        },
        "mrca": 0,
        "size": 44217
    },
    "9": {
        "clone_proportion": {
            "2": 1.0
        },
        "mrca": 2,
        "size": 38321
    }
}