{
    "0": {
        "clone_proportion": {
            "0": 1.0
        },
        "mrca": 0,
        "size": 16000
    },
    "1": {
        "clone_proportion": {
            "3": 1.0
        },
        "mrca": 3,
        "size": 12631
    },
    "2": {
        "clone_proportion": {
            "3": 1.0
        },
        "mrca": 3,
        "size": 24000
    },
    "3": {
        "clone_proportion": {
            "0": 0.16083333333333333,
            "1": 0.10613333333333333,
            "2": 0.03531666666666667,
            "3": 0.6977166666666667
        },
        "mrca": 0,
        "size": 60000
    },
    "4": {
        "clone_proportion": {
            "1": 0.0643,
            "2": 0.10595,
            "3": 0.82975
        },
        "mrca": 0,
        "size": 20000
    },
    "5": {
        "clone_proportion": {
            "0": 1.0
        },
        "mrca": 0,
        "size": 34286
    },
    "6": {
        "clone_proportion": {
            "3": 1.0
        },
        "mrca": 3,
        "size": 21818
    },
    "7": {
        "clone_proportion": {
            "3": 1.0
        },
        "mrca": 3,
        "size": 16000
    },
    "8": {
        "clone_proportion": {
            "3": 1.0
        },
        "mrca": 3,
        "size": 16000
    },
    "9": {
        "clone_proportion": {
            "3": 1.0
        },
        "mrca": 3,
        "size": 34286
    }
}