{
    "N_max": 514182,
    "M": 514182,
    "picking": "adjacent",
    "mutation_rate": 34.64532137148464,
    "P_death": 0.028776351194998082,
    "D": 640,
    "new_clone_frequency": 0.0024881150489046433,
    "depth_sequencing": 100,
    "min_alt_reads": 2,
    "n_sequencing": 10,
    "max_horizontal": 2
}