{
    "N_max": 240002,
    "M": 240002,
    "picking": "adjacent",
    "mutation_rate": 19.361074117451622,
    "P_death": 0.2881041351920402,
    "D": 640,
    "new_clone_frequency": 0.024349376603881326,
    "depth_sequencing": 100,
    "min_alt_reads": 2,
    "n_sequencing": 10,
    "max_horizontal": 2
}