{
    "0": {
        "clone_proportion": {
            "3": 1.0
        },
        "mrca": 3,
        "size": 54291
    },
    "1": {
        "clone_proportion": {
            "3": 1.0
        },
        "mrca": 3,
        "size": 70996
    },
    "2": {
        "clone_proportion": {
            "3": 1.0
        },
        "mrca": 3,
        "size": 307651
    },
    "3": {
        "clone_proportion": {
            "1": 1.0
        },
        "mrca": 1,
        "size": 115369
    },
    "4": {
        "clone_proportion": {
            "3": 1.0
        },
        "mrca": 3,
        "size": 184590
    },
    "5": {
        "clone_proportion": {
            "3": 1.0
        },
        "mrca": 3,
        "size": 61530
    },
    "6": {
        "clone_proportion": {
            "3": 1.0
        },
        "mrca": 3,
        "size": 153825
    },
    "7": {
        "clone_proportion": {
            "1": 0.25905411994149197,
            "2": 0.021966520396554525,
            "3": 0.7189793596619535
        },
        "mrca": 0,
        "size": 153825
    },
    "8": {
        "clone_proportion": {
            "5": 0.8628473915163335,
            "6": 0.10597757191613846,
            "7": 0.031175036567528035
        },
        "mrca": 1,
        "size": 102550
    },
    "9": {
        "clone_proportion": {
            "3": 1.0
        },
        "mrca": 3,
        "size": 65925
    }
}