{
    "0": {
        "clone_proportion": {
            "0": 0.5758501194676963,
            "1": 0.17323607133249996,
            "2": 0.2509138091998038
        },
        "mrca": 0,
        "size": 63197
    },
    "1": {
        "clone_proportion": {
            "0": 1.0
        },
        "mrca": 0,
        "size": 68058
    },
    "2": {
        "clone_proportion": {
            "2": 1.0
        },
        "mrca": 2,
        "size": 68058
    },
    "3": {
        "clone_proportion": {
            "2": 1.0
        },
        "mrca": 2,
        "size": 294920
    },
    "4": {
        "clone_proportion": {
            "2": 1.0
        },
        "mrca": 2,
        "size": 73730
    },
    "5": {
        "clone_proportion": {
            "2": 1.0
        },
        "mrca": 2,
        "size": 126394
    },
    "6": {
        "clone_proportion": {
            "0": 1.0
        },
        "mrca": 0,
        "size": 73730
    },
    "7": {
        "clone_proportion": {
            "0": 0.7208836294588363,
            "1": 0.037121931371219316,
            "2": 0.2419944391699444
        },
        "mrca": 0,
        "size": 294920
    },
    "8": {
        "clone_proportion": {
            "2": 1.0
        },
        "mrca": 2,
        "size": 73730
    },
    "9": {
        "clone_proportion": {
            "2": 1.0
        },
        "mrca": 2,
        "size": 98306
    }
}