{
    "0": {
        "clone_proportion": {
            "0": 0.542394866193337,
            "1": 0.457605133806663
        },
        "mrca": 0,
        "size": 29296
    },
    "1": {
        "clone_proportion": {
            "6": 1.0
        },
        "mrca": 6,
        "size": 117187
    },
    "2": {
        "clone_proportion": {
            "2": 1.0
        },
        "mrca": 2,
        "size": 83705
    },
    "3": {
        "clone_proportion": {
            "7": 1.0
        },
        "mrca": 7,
        "size": 97656
    },
    "4": {
        "clone_proportion": {
            "1": 1.0
        },
        "mrca": 1,
        "size": 41852
    },
    "5": {
        "clone_proportion": {
            "7": 1.0
        },
        "mrca": 7,
        "size": 30838
    },
    "6": {
        "clone_proportion": {
            "2": 1.0
        },
        "mrca": 2,
        "size": 65104
    },
    "7": {
        "clone_proportion": {
            "1": 0.21521342139846056,
            "2": 0.7847865786015394
        },
        "mrca": 0,
        "size": 58593
    },
    "8": {
        "clone_proportion": {
            "2": 1.0
        },
        "mrca": 2,
        "size": 29296
    },
    "9": {
        "clone_proportion": {
            "6": 0.672446602438837,
            "7": 0.3275533975611629
        },
        "mrca": 6,
        "size": 117187
    }
}