{
    "0": {
        "clone_proportion": {
            "1": 1.0
        },
        "mrca": 1,
        "size": 62500
    },
    "1": {
        "clone_proportion": {
            "0": 0.83399,
            "1": 0.16601
        },
        "mrca": 0,
        "size": 100000
    },
    "2": {
        "clone_proportion": {
            "0": 1.0
        },
        "mrca": 0,
        "size": 100000
    },
    "3": {
        "clone_proportion": {
            "25": 0.08878,
            "26": 0.00058,
            "27": 2e-05,
            "28": 0.02482,
            "29": 0.06878,
            "30": 0.0001,
            "31": 0.04936,
            "32": 0.00102,
            "33": 0.02744,
            "34": 0.2128,
            "35": 0.0847,
            "36": 0.01488,
            "37": 0.01086,
            "38": 0.0001,
            "39": 0.00014,
            "40": 2e-05,
            "41": 0.00204,
            "42": 0.00326,
            "43": 0.15502,
            "44": 0.00202,
            "45": 0.00118,
            "46": 0.00062,
            "47": 0.00102,
            "48": 0.00288,
            "49": 0.00018,
            "50": 0.0001,
            "51": 0.00412,
            "52": 0.0087,
            "53": 0.00018,
            "54": 0.00232,
            "55": 0.02448,
            "56": 0.00086,
            "57": 0.00412,
            "58": 6e-05,
            "59": 0.04626,
            "60": 0.00974,
            "61": 0.01256,
            "62": 0.00086,
            "63": 6e-05,
            "64": 0.00252,
            "65": 0.01788,
            "66": 0.00094,
            "67": 0.11162
        },
        "mrca": 0,
        "size": 50000
    },
    "4": {
        "clone_proportion": {
            "1": 1.0
        },
        "mrca": 1,
        "size": 35714
    },
    "5": {
        "clone_proportion": {
            "14": 0.9543986319589588,
            "15": 0.04560136804104123
        },
        "mrca": 0,
        "size": 26315
    },
    "6": {
        "clone_proportion": {
            "0": 1.0
        },
        "mrca": 0,
        "size": 100000
    },
    "7": {
        "clone_proportion": {
            "43": 0.048582485824858246,
            "44": 0.0018180181801818018,
            "45": 0.0010620106201062011,
            "46": 0.0005580055800558006,
            "47": 0.000918009180091801,
            "48": 0.0025920259202592026,
            "49": 0.00016200162001620016,
            "50": 9.000090000900009e-05,
            "51": 0.0037080370803708037,
            "52": 0.007830078300783009,
            "53": 0.00016200162001620016,
            "54": 0.002088020880208802,
            "55": 0.02203222032220322,
            "56": 0.0007740077400774008,
            "57": 0.0037080370803708037,
            "58": 5.4000540005400054e-05,
            "59": 0.04163441634416344,
            "60": 0.00876608766087661,
            "61": 0.011304113041130411,
            "62": 0.0007740077400774008,
            "63": 5.4000540005400054e-05,
            "64": 0.002268022680226802,
            "65": 0.016092160921609217,
            "66": 0.0008460084600846008,
            "67": 0.2910269102691027,
            "68": 0.004824048240482405,
            "69": 1.800018000180002e-05,
            "70": 0.0071460714607146075,
            "71": 0.0007740077400774008,
            "72": 0.00016200162001620016,
            "73": 0.08121681216812168,
            "74": 0.00012600126001260012,
            "75": 0.0026640266402664027,
            "76": 0.0005760057600576006,
            "77": 0.1796057960579606,
            "78": 0.0008820088200882009,
            "79": 9.000090000900009e-05,
            "80": 0.005454054540545405,
            "81": 5.4000540005400054e-05,
            "82": 1.800018000180002e-05,
            "83": 0.000918009180091801,
            "84": 0.005778057780577806,
            "85": 9.000090000900009e-05,
            "86": 0.004644046440464404,
            "87": 0.0013680136801368014,
            "88": 0.0007740077400774008,
            "89": 0.012582125821258212,
            "90": 0.0004140041400414004,
            "91": 0.03432634326343263,
            "92": 0.002070020700207002,
            "93": 0.012618126181261813,
            "94": 0.0022860228602286023,
            "95": 0.0035460354603546037,
            "96": 0.010224102241022411,
            "97": 0.0008100081000810009,
            "98": 0.0055440554405544054,
            "99": 5.4000540005400054e-05,
            "100": 0.02107821078210782,
            "101": 0.0005940059400594006,
            "102": 1.800018000180002e-05,
            "103": 5.4000540005400054e-05,
            "104": 0.0004860048600486005,
            "105": 0.014310143101431014,
            "106": 0.00012600126001260012,
            "107": 9.000090000900009e-05,
            "108": 0.0016740167401674017,
            "109": 0.0057060570605706054,
            "110": 0.0005940059400594006,
            "111": 0.000972009720097201,
            "112": 0.015840158401584016,
            "113": 0.0011700117001170011,
            "114": 0.015642156421564215,
            "115": 0.004554045540455405,
            "116": 0.0007380073800738007,
            "117": 0.00930609306093061,
            "118": 0.0034740347403474036,
            "119": 0.0033300333003330033,
            "120": 0.0011700117001170011,
            "121": 0.036990369903699034,
            "122": 5.4000540005400054e-05,
            "123": 0.007218072180721807,
            "124": 0.0016020160201602016,
            "125": 1.800018000180002e-05,
            "126": 0.0021240212402124023,
            "127": 0.0005040050400504005
        },
        "mrca": 0,
        "size": 55555
    },
    "8": {
        "clone_proportion": {
            "1": 0.7376113761137612,
            "2": 0.26238862388623885
        },
        "mrca": 0,
        "size": 55555
    },
    "9": {
        "clone_proportion": {
            "14": 1.0
        },
        "mrca": 14,
        "size": 38461
    }
}