{
    "0": {
        "clone_proportion": {
            "2": 0.43515153455756395,
            "3": 0.2650133683418453,
            "4": 0.02260610621027521,
            "5": 0.17132290549302764,
            "6": 1.6009990233905956e-05,
            "7": 0.002977858183506508,
            "8": 4.802997070171787e-05,
            "9": 0.10286418725284578
        },
        "mrca": 0,
        "size": 62461
    },
    "1": {
        "clone_proportion": {
            "0": 1.0
        },
        "mrca": 0,
        "size": 27760
    },
    "2": {
        "clone_proportion": {
            "2": 1.0
        },
        "mrca": 2,
        "size": 13149
    },
    "3": {
        "clone_proportion": {
            "2": 1.0
        },
        "mrca": 2,
        "size": 62461
    },
    "4": {
        "clone_proportion": {
            "0": 1.0
        },
        "mrca": 0,
        "size": 20820
    },
    "5": {
        "clone_proportion": {
            "0": 0.02106147934678194,
            "1": 0.08614313160422671,
            "2": 0.8927953890489914
        },
        "mrca": 0,
        "size": 41640
    },
    "6": {
        "clone_proportion": {
            "0": 1.0
        },
        "mrca": 0,
        "size": 14696
    },
    "7": {
        "clone_proportion": {
            "0": 1.0
        },
        "mrca": 0,
        "size": 13149
    },
    "8": {
        "clone_proportion": {
            "2": 1.0
        },
        "mrca": 2,
        "size": 17846
    },
    "9": {
        "clone_proportion": {
            "2": 1.0
        },
        "mrca": 2,
        "size": 35692
    }
}