{
    "0": {
        "clone_proportion": {
            "0": 1.0
        },
        "mrca": 0,
        "size": 10000
    },
    "1": {
        "clone_proportion": {
            "1": 1.0
        },
        "mrca": 1,
        "size": 6250
    },
    "2": {
        "clone_proportion": {
            "0": 1.0
        },
        "mrca": 0,
        "size": 11111
    },
    "3": {
        "clone_proportion": {
            "0": 1.0
        },
        "mrca": 0,
        "size": 20000
    },
    "4": {
        "clone_proportion": {
            "0": 1.0
        },
        "mrca": 0,
        "size": 25000
    },
    "5": {
        "clone_proportion": {
            "4": 0.33022990689720694,
            "5": 0.02147064411932358,
            "6": 0.05225156754702641,
            "7": 0.04389131673950219,
            "8": 0.0036101083032490976,
            "9": 0.012730381911457344,
            "10": 0.06783203496104884,
            "11": 0.10317309519285578,
            "12": 0.0332509975299259,
            "13": 0.07714231426942808,
            "14": 0.013680410412312369,
            "15": 0.013870416112483375,
            "16": 0.03553106593197796,
            "17": 0.053011590347710434,
            "18": 0.00019000570017100514,
            "19": 0.006270188105643169,
            "20": 0.0009500285008550256,
            "21": 0.045411362340870225,
            "22": 0.002850085502565077,
            "23": 0.001710051301539046,
            "24": 0.045031350940528216,
            "25": 0.0009500285008550256,
            "26": 0.004940148204446134,
            "27": 0.001710051301539046,
            "28": 0.005320159604788144,
            "29": 0.00019000570017100514,
            "30": 0.022800684020520615
        },
        "mrca": 0,
        "size": 5263
    },
    "6": {
        "clone_proportion": {
            "0": 0.3291032910329103,
            "1": 0.6708967089670896
        },
        "mrca": 0,
        "size": 33333
    },
    "7": {
        "clone_proportion": {
            "0": 0.6314,
            "1": 0.3686
        },
        "mrca": 0,
        "size": 10000
    },
    "8": {
        "clone_proportion": {
            "0": 1.0
        },
        "mrca": 0,
        "size": 14285
    },
    "9": {
        "clone_proportion": {
            "1": 1.0
        },
        "mrca": 1,
        "size": 16666
    }
}