{
    "0": {
        "clone_proportion": {
            "5": 1.0
        },
        "mrca": 5,
        "size": 12872
    },
    "1": {
        "clone_proportion": {
            "0": 0.9818307366967329,
            "1": 0.018169263303267014
        },
        "mrca": 0,
        "size": 23171
    },
    "2": {
        "clone_proportion": {
            "5": 1.0
        },
        "mrca": 5,
        "size": 21064
    },
    "3": {
        "clone_proportion": {
            "4": 0.8584005869405723,
            "5": 0.14159941305942772
        },
        "mrca": 4,
        "size": 23171
    },
    "4": {
        "clone_proportion": {
            "4": 1.0
        },
        "mrca": 4,
        "size": 11585
    },
    "5": {
        "clone_proportion": {
            "5": 1.0
        },
        "mrca": 5,
        "size": 33101
    },
    "6": {
        "clone_proportion": {
            "5": 1.0
        },
        "mrca": 5,
        "size": 28964
    },
    "7": {
        "clone_proportion": {
            "0": 1.0
        },
        "mrca": 0,
        "size": 13630
    },
    "8": {
        "clone_proportion": {
            "5": 0.6628256253560516,
            "7": 0.2544150396188306,
            "8": 0.08275933502511781
        },
        "mrca": 5,
        "size": 38618
    },
    "9": {
        "clone_proportion": {
            "5": 1.0
        },
        "mrca": 5,
        "size": 21064
    }
}