{
    "0": {
        "clone_proportion": {
            "1": 1.0
        },
        "mrca": 1,
        "size": 20165
    },
    "1": {
        "clone_proportion": {
            "0": 1.0
        },
        "mrca": 0,
        "size": 42850
    },
    "2": {
        "clone_proportion": {
            "1": 0.5831038506417736,
            "3": 0.23983663943990666,
            "4": 0.17705950991831973
        },
        "mrca": 1,
        "size": 42850
    },
    "3": {
        "clone_proportion": {
            "0": 1.0
        },
        "mrca": 0,
        "size": 22853
    },
    "4": {
        "clone_proportion": {
            "0": 1.0
        },
        "mrca": 0,
        "size": 34280
    },
    "5": {
        "clone_proportion": {
            "0": 0.48481321361268154,
            "1": 0.5151867863873185
        },
        "mrca": 0,
        "size": 18042
    },
    "6": {
        "clone_proportion": {
            "1": 1.0
        },
        "mrca": 1,
        "size": 22853
    },
    "7": {
        "clone_proportion": {
            "1": 1.0
        },
        "mrca": 1,
        "size": 85701
    },
    "8": {
        "clone_proportion": {
            "1": 0.24579719784018414,
            "3": 0.08993690327210355,
            "4": 0.6642658988877124
        },
        "mrca": 1,
        "size": 114269
    },
    "9": {
        "clone_proportion": {
            "4": 1.0
        },
        "mrca": 4,
        "size": 20165
    }
}