{
    "0": {
        "clone_proportion": {
            "2": 0.90270188458668,
            "3": 0.09729811541331997
        },
        "mrca": 2,
        "size": 191607
    },
    "1": {
        "clone_proportion": {
            "0": 1.0
        },
        "mrca": 0,
        "size": 47901
    },
    "2": {
        "clone_proportion": {
            "3": 0.514982925119298,
            "4": 0.485017074880702
        },
        "mrca": 2,
        "size": 44217
    },
    "3": {
        "clone_proportion": {
            "2": 0.8860357821339847,
            "3": 0.11396421786601532
        },
        "mrca": 2,
        "size": 47901
    },
    "4": {
        "clone_proportion": {
            "3": 1.0
        },
        "mrca": 3,
        "size": 71852
    },
    "5": {
        "clone_proportion": {
            "0": 1.0
        },
        "mrca": 0,
        "size": 31934
    },
    "6": {
        "clone_proportion": {
            "0": 1.0
        },
        "mrca": 0,
        "size": 82117
    },
    "7": {
        "clone_proportion": {
            "3": 1.0
        },
        "mrca": 3,
        "size": 57482
    },
    "8": {
        "clone_proportion": {
            "0": 1.0
        },
        "mrca": 0,
        "size": 143705
    },
    "9": {
        "clone_proportion": {
            "0": 0.7097526182109182,
            "1": 0.04474444173828329,
            "2": 0.2455029400507985
        },
        "mrca": 0,
        "size": 28741
    }
}