{
    "0": {
        "clone_proportion": {
            "2": 1.0
        },
        "mrca": 2,
        "size": 63706
    },
    "1": {
        "clone_proportion": {
            "2": 1.0
        },
        "mrca": 2,
        "size": 207044
    },
    "2": {
        "clone_proportion": {
            "2": 0.2536242908996066,
            "3": 0.0006955160946771284,
            "4": 0.12123714925340694,
            "5": 0.013932056771501227,
            "6": 0.006563933143515399,
            "7": 0.6039470538372927
        },
        "mrca": 0,
        "size": 46009
    },
    "3": {
        "clone_proportion": {
            "2": 0.09101930024535848,
            "3": 0.0001545565193871834,
            "4": 0.026941133285678407,
            "5": 0.0030959602789745176,
            "6": 0.0014586271517165433,
            "7": 0.8773304225188848
        },
        "mrca": 0,
        "size": 207044
    },
    "4": {
        "clone_proportion": {
            "2": 1.0
        },
        "mrca": 2,
        "size": 276059
    },
    "5": {
        "clone_proportion": {
            "2": 1.0
        },
        "mrca": 2,
        "size": 51761
    },
    "6": {
        "clone_proportion": {
            "2": 1.0
        },
        "mrca": 2,
        "size": 46009
    },
    "7": {
        "clone_proportion": {
            "7": 1.0
        },
        "mrca": 7,
        "size": 41408
    },
    "8": {
        "clone_proportion": {
            "7": 1.0
        },
        "mrca": 7,
        "size": 59155
    },
    "9": {
        "clone_proportion": {
            "2": 0.06462410073245477,
            "3": 0.0002318353389505104,
            "4": 0.040411797520810845,
            "5": 0.004643951633352412,
            "6": 0.002187946011345442,
            "7": 0.887900368763086
        },
        "mrca": 0,
        "size": 138029
    }
}