{
    "0": {
        "clone_proportion": {
            "0": 1.0
        },
        "mrca": 0,
        "size": 20000
    },
    "1": {
        "clone_proportion": {
            "0": 0.18065,
            "1": 0.29545,
            "2": 0.00235,
            "3": 0.00145,
            "4": 0.0013,
            "5": 0.00425,
            "6": 0.2091,
            "7": 0.0073,
            "8": 0.0074,
            "9": 5e-05,
            "10": 0.00045,
            "11": 0.00135,
            "12": 0.0341,
            "13": 0.01215,
            "14": 0.08255,
            "15": 0.0226,
            "16": 0.03985,
            "17": 0.00045,
            "18": 0.0094,
            "19": 0.0297,
            "20": 0.00505,
            "21": 0.00025,
            "22": 0.0528
        },
        "mrca": 0,
        "size": 20000
    },
    "2": {
        "clone_proportion": {
            "0": 1.0
        },
        "mrca": 0,
        "size": 20000
    },
    "3": {
        "clone_proportion": {
            "0": 1.0
        },
        "mrca": 0,
        "size": 6250
    },
    "4": {
        "clone_proportion": {
            "0": 1.0
        },
        "mrca": 0,
        "size": 16666
    },
    "5": {
        "clone_proportion": {
            "0": 1.0
        },
        "mrca": 0,
        "size": 20000
    },
    "6": {
        "clone_proportion": {
            "0": 1.0
        },
        "mrca": 0,
        "size": 14285
    },
    "7": {
        "clone_proportion": {
            "0": 1.0
        },
        "mrca": 0,
        "size": 9090
    },
    "8": {
        "clone_proportion": {
            "0": 1.0
        },
        "mrca": 0,
        "size": 6250
    },
    "9": {
        "clone_proportion": {
            "0": 1.0
        },
        "mrca": 0,
        "size": 6250
    }
}