{
    "0": {
        "clone_proportion": {
            "0": 1.0
        },
        "mrca": 0,
        "size": 20000
    },
    "1": {
        "clone_proportion": {
            "0": 1.0
        },
        "mrca": 0,
        "size": 16666
    },
    "2": {
        "clone_proportion": {
            "0": 1.0
        },
        "mrca": 0,
        "size": 6666
    },
    "3": {
        "clone_proportion": {
            "0": 1.0
        },
        "mrca": 0,
        "size": 5882
    },
    "4": {
        "clone_proportion": {
            "0": 1.0
        },
        "mrca": 0,
        "size": 9090
    },
    "5": {
        "clone_proportion": {
            "0": 1.0
        },
        "mrca": 0,
        "size": 20000
    },
    "6": {
        "clone_proportion": {
            "0": 1.0
        },
        "mrca": 0,
        "size": 7692
    },
    "7": {
        "clone_proportion": {
            "0": 0.7179,
            "1": 0.2578,
            "2": 0.0243
        },
        "mrca": 0,
        "size": 20000
    },
    "8": {
        "clone_proportion": {
            "0": 1.0
        },
        "mrca": 0,
        "size": 9090
    },
    "9": {
        "clone_proportion": {
            "1": 0.06441193235797074,
            "2": 0.20900627018810564,
            "3": 0.013870416112483375,
            "4": 0.0925327759832795,
            "5": 0.01995059851795554,
            "6": 0.005890176705301159,
            "7": 0.4482234467034011,
            "8": 0.00019000570017100514,
            "9": 0.03192095762872886,
            "10": 0.004750142504275128,
            "11": 0.0020900627018810565,
            "12": 0.02109063271898157,
            "13": 0.011590347710431314,
            "14": 0.005510165304959149,
            "15": 0.0020900627018810565,
            "16": 0.004750142504275128,
            "17": 0.00019000570017100514,
            "18": 0.00019000570017100514,
            "19": 0.010830324909747292,
            "20": 0.0005700171005130154,
            "21": 0.00019000570017100514,
            "22": 0.0009500285008550256,
            "23": 0.013870416112483375,
            "24": 0.001710051301539046,
            "25": 0.0005700171005130154,
            "26": 0.0005700171005130154,
            "27": 0.0005700171005130154,
            "28": 0.003230096902907087,
            "29": 0.00019000570017100514,
            "30": 0.005510165304959149,
            "31": 0.00019000570017100514,
            "32": 0.00019000570017100514,
            "33": 0.00019000570017100514,
            "34": 0.0005700171005130154,
            "35": 0.00019000570017100514,
            "36": 0.00019000570017100514,
            "37": 0.0020900627018810565,
            "38": 0.004370131103933118,
            "39": 0.0009500285008550256,
            "40": 0.00019000570017100514,
            "41": 0.002470074102223067,
            "42": 0.00019000570017100514,
            "43": 0.00019000570017100514,
            "44": 0.001330039901197036,
            "45": 0.00019000570017100514,
            "46": 0.001330039901197036,
            "47": 0.00019000570017100514,
            "48": 0.00019000570017100514,
            "49": 0.00019000570017100514,
            "50": 0.0009500285008550256,
            "51": 0.00019000570017100514,
            "52": 0.00019000570017100514,
            "53": 0.0005700171005130154,
            "54": 0.00019000570017100514,
            "55": 0.004750142504275128,
            "56": 0.0007600228006840206
        },
        "mrca": 0,
        "size": 5263
    }
}