{
    "0": {
        "clone_proportion": {
            "5": 1.0
        },
        "mrca": 5,
        "size": 93520
    },
    "1": {
        "clone_proportion": {
            "1": 0.6209601103501371,
            "2": 0.021155789372383594,
            "3": 0.007864585839468351,
            "4": 0.20689046786533433,
            "5": 0.14312904657267658
        },
        "mrca": 0,
        "size": 187041
    },
    "2": {
        "clone_proportion": {
            "5": 0.8737709913869152,
            "7": 0.004116744457097641,
            "8": 0.006469169861153437,
            "9": 0.11564309429483376
        },
        "mrca": 0,
        "size": 187041
    },
    "3": {
        "clone_proportion": {
            "1": 0.8032506415739948,
            "2": 0.11283147989734817,
            "3": 0.041944682064442546,
            "4": 0.04197319646421443
        },
        "mrca": 0,
        "size": 35070
    },
    "4": {
        "clone_proportion": {
            "5": 0.3078842315369261,
            "7": 0.019211576846307386,
            "8": 0.030189620758483034,
            "9": 0.6427145708582834
        },
        "mrca": 0,
        "size": 40080
    },
    "5": {
        "clone_proportion": {
            "5": 1.0
        },
        "mrca": 5,
        "size": 140281
    },
    "6": {
        "clone_proportion": {
            "0": 1.0
        },
        "mrca": 0,
        "size": 56112
    },
    "7": {
        "clone_proportion": {
            "0": 1.0
        },
        "mrca": 0,
        "size": 37408
    },
    "8": {
        "clone_proportion": {
            "1": 0.8338679783290561,
            "2": 0.0705196749358426,
            "3": 0.02621542629027659,
            "4": 0.06939692044482464
        },
        "mrca": 0,
        "size": 56112
    },
    "9": {
        "clone_proportion": {
            "9": 1.0
        },
        "mrca": 9,
        "size": 29532
    }
}