{
    "0": {
        "clone_proportion": {
            "2": 0.061056,
            "3": 0.027712,
            "4": 0.000864,
            "5": 0.029696,
            "6": 0.076704,
            "7": 0.001888,
            "8": 0.000224,
            "9": 0.349632,
            "10": 0.004896,
            "11": 0.12992,
            "12": 0.001312,
            "13": 0.190784,
            "14": 0.04048,
            "15": 0.00016,
            "16": 3.2e-05,
            "17": 0.000288,
            "18": 0.014528,
            "19": 0.00528,
            "20": 0.000608,
            "21": 0.063936
        },
        "mrca": 0,
        "size": 31250
    },
    "1": {
        "clone_proportion": {
            "1": 1.0
        },
        "mrca": 1,
        "size": 29411
    },
    "2": {
        "clone_proportion": {
            "1": 1.0
        },
        "mrca": 1,
        "size": 27777
    },
    "3": {
        "clone_proportion": {
            "1": 1.0
        },
        "mrca": 1,
        "size": 50000
    },
    "4": {
        "clone_proportion": {
            "1": 1.0
        },
        "mrca": 1,
        "size": 166666
    },
    "5": {
        "clone_proportion": {
            "1": 1.0
        },
        "mrca": 1,
        "size": 26315
    },
    "6": {
        "clone_proportion": {
            "1": 1.0
        },
        "mrca": 1,
        "size": 35714
    },
    "7": {
        "clone_proportion": {
            "1": 0.496,
            "2": 0.504
        },
        "mrca": 1,
        "size": 25000
    },
    "8": {
        "clone_proportion": {
            "1": 1.0
        },
        "mrca": 1,
        "size": 27777
    },
    "9": {
        "clone_proportion": {
            "0": 1.0
        },
        "mrca": 0,
        "size": 26315
    }
}