{
    "0": {
        "clone_proportion": {
            "3": 0.9170329154541342,
            "6": 0.05723721827289873,
            "7": 0.025729866272967
        },
        "mrca": 3,
        "size": 117179
    },
    "1": {
        "clone_proportion": {
            "1": 0.8930515967161071,
            "2": 0.10694840328389288
        },
        "mrca": 0,
        "size": 58589
    },
    "2": {
        "clone_proportion": {
            "0": 0.9770266003294106,
            "1": 0.02297339967058944
        },
        "mrca": 0,
        "size": 117179
    },
    "3": {
        "clone_proportion": {
            "3": 1.0
        },
        "mrca": 3,
        "size": 23435
    },
    "4": {
        "clone_proportion": {
            "3": 1.0
        },
        "mrca": 3,
        "size": 20678
    },
    "5": {
        "clone_proportion": {
            "0": 1.0
        },
        "mrca": 0,
        "size": 87884
    },
    "6": {
        "clone_proportion": {
            "0": 1.0
        },
        "mrca": 0,
        "size": 18501
    },
    "7": {
        "clone_proportion": {
            "0": 1.0
        },
        "mrca": 0,
        "size": 43942
    },
    "8": {
        "clone_proportion": {
            "0": 1.0
        },
        "mrca": 0,
        "size": 20678
    },
    "9": {
        "clone_proportion": {
            "3": 1.0
        },
        "mrca": 3,
        "size": 19529
    }
}