{
    "0": {
        "clone_proportion": {
            "1": 0.8893089269133837,
            "2": 0.11069107308661626
        },
        "mrca": 0,
        "size": 30156
    },
    "1": {
        "clone_proportion": {
            "3": 1.0
        },
        "mrca": 3,
        "size": 30156
    },
    "2": {
        "clone_proportion": {
            "0": 1.0
        },
        "mrca": 0,
        "size": 7539
    },
    "3": {
        "clone_proportion": {
            "1": 0.5391120507399577,
            "2": 0.4608879492600423
        },
        "mrca": 0,
        "size": 8041
    },
    "4": {
        "clone_proportion": {
            "0": 0.7831709844559586,
            "1": 0.21682901554404146
        },
        "mrca": 0,
        "size": 24125
    },
    "5": {
        "clone_proportion": {
            "0": 1.0
        },
        "mrca": 0,
        "size": 8616
    },
    "6": {
        "clone_proportion": {
            "1": 1.0
        },
        "mrca": 1,
        "size": 6701
    },
    "7": {
        "clone_proportion": {
            "0": 1.0
        },
        "mrca": 0,
        "size": 40208
    },
    "8": {
        "clone_proportion": {
            "2": 0.25336583101207055,
            "3": 0.7466341689879294
        },
        "mrca": 0,
        "size": 8616
    },
    "9": {
        "clone_proportion": {
            "1": 0.7686950754435417,
            "2": 0.2313049245564583
        },
        "mrca": 0,
        "size": 6031
    }
}