{
    "0": {
        "clone_proportion": {
            "0": 1.0
        },
        "mrca": 0,
        "size": 35714
    },
    "1": {
        "clone_proportion": {
            "0": 1.0
        },
        "mrca": 0,
        "size": 38461
    },
    "2": {
        "clone_proportion": {
            "0": 0.7367069468277873,
            "1": 0.06026424105696423,
            "2": 0.20302881211524845
        },
        "mrca": 0,
        "size": 166666
    },
    "3": {
        "clone_proportion": {
            "9": 0.08736069888559109,
            "10": 0.5316822534580277,
            "11": 0.3809570476563813
        },
        "mrca": 0,
        "size": 71428
    },
    "4": {
        "clone_proportion": {
            "0": 1.0
        },
        "mrca": 0,
        "size": 45454
    },
    "5": {
        "clone_proportion": {
            "0": 1.0
        },
        "mrca": 0,
        "size": 29411
    },
    "6": {
        "clone_proportion": {
            "0": 1.0
        },
        "mrca": 0,
        "size": 29411
    },
    "7": {
        "clone_proportion": {
            "0": 1.0
        },
        "mrca": 0,
        "size": 25000
    },
    "8": {
        "clone_proportion": {
            "7": 1.0
        },
        "mrca": 7,
        "size": 27777
    },
    "9": {
        "clone_proportion": {
            "4": 0.07620891450697409,
            "5": 0.017798213578562944,
            "6": 0.0030800369604435255,
            "7": 0.9029128349540194
        },
        "mrca": 0,
        "size": 45454
    }
}