{
    "0": {
        "clone_proportion": {
            "5": 1.0
        },
        "mrca": 5,
        "size": 61530
    },
    "1": {
        "clone_proportion": {
            "5": 1.0
        },
        "mrca": 5,
        "size": 48576
    },
    "2": {
        "clone_proportion": {
            "8": 0.5490820678177658,
            "9": 0.012013729977116704,
            "10": 0.0005070730185146661,
            "11": 0.20888807988350322,
            "12": 0.22950904930309965
        },
        "mrca": 0,
        "size": 76912
    },
    "3": {
        "clone_proportion": {
            "5": 1.0
        },
        "mrca": 5,
        "size": 57684
    },
    "4": {
        "clone_proportion": {
            "5": 0.19784756103506895,
            "6": 0.04730685094473933,
            "7": 0.0027368674244517325,
            "8": 0.75210872059574
        },
        "mrca": 0,
        "size": 307651
    },
    "5": {
        "clone_proportion": {
            "8": 0.44810194334650855,
            "9": 0.019021739130434784,
            "10": 0.0008028656126482214,
            "11": 0.33073945981554675,
            "12": 0.20133399209486166
        },
        "mrca": 0,
        "size": 48576
    },
    "6": {
        "clone_proportion": {
            "12": 0.5809247364953887,
            "13": 0.41907526350461133
        },
        "mrca": 4,
        "size": 48576
    },
    "7": {
        "clone_proportion": {
            "5": 0.35621725167615076,
            "6": 0.20499746464589555,
            "7": 0.011859823088624712,
            "8": 0.42692546058932895
        },
        "mrca": 0,
        "size": 70996
    },
    "8": {
        "clone_proportion": {
            "3": 0.22927302828316098,
            "4": 0.770726971716839
        },
        "mrca": 3,
        "size": 115369
    },
    "9": {
        "clone_proportion": {
            "8": 0.6383647253594986,
            "9": 0.004004541948010297,
            "10": 0.00016902287442900605,
            "11": 0.06962875642503619,
            "12": 0.2222910833932859,
            "13": 0.06554186999973996
        },
        "mrca": 0,
        "size": 230738
    }
}