{
    "0": {
        "clone_proportion": {
            "0": 1.0
        },
        "mrca": 0,
        "size": 103780
    },
    "1": {
        "clone_proportion": {
            "0": 0.981383516896482,
            "1": 0.013355303096002082,
            "2": 0.005261180007515971
        },
        "mrca": 0,
        "size": 34593
    },
    "2": {
        "clone_proportion": {
            "0": 1.0
        },
        "mrca": 0,
        "size": 17296
    },
    "3": {
        "clone_proportion": {
            "0": 1.0
        },
        "mrca": 0,
        "size": 28303
    },
    "4": {
        "clone_proportion": {
            "0": 1.0
        },
        "mrca": 0,
        "size": 44477
    },
    "5": {
        "clone_proportion": {
            "0": 1.0
        },
        "mrca": 0,
        "size": 17296
    },
    "6": {
        "clone_proportion": {
            "0": 0.9971381769126999,
            "1": 0.0028618230873000577
        },
        "mrca": 0,
        "size": 103780
    },
    "7": {
        "clone_proportion": {
            "0": 1.0
        },
        "mrca": 0,
        "size": 22238
    },
    "8": {
        "clone_proportion": {
            "0": 1.0
        },
        "mrca": 0,
        "size": 19458
    },
    "9": {
        "clone_proportion": {
            "0": 1.0
        },
        "mrca": 0,
        "size": 23949
    }
}