{
    "0": {
        "clone_proportion": {
            "0": 1.0
        },
        "mrca": 0,
        "size": 62500
    },
    "1": {
        "clone_proportion": {
            "0": 1.0
        },
        "mrca": 0,
        "size": 62500
    },
    "2": {
        "clone_proportion": {
            "0": 1.0
        },
        "mrca": 0,
        "size": 27777
    },
    "3": {
        "clone_proportion": {
            "0": 1.0
        },
        "mrca": 0,
        "size": 29411
    },
    "4": {
        "clone_proportion": {
            "0": 1.0
        },
        "mrca": 0,
        "size": 83333
    },
    "5": {
        "clone_proportion": {
            "3": 0.3513254053016212,
            "4": 0.05019620078480314,
            "5": 0.3327853311413246,
            "6": 0.002394009576038304,
            "7": 0.2632990531962128
        },
        "mrca": 0,
        "size": 166666
    },
    "6": {
        "clone_proportion": {
            "0": 1.0
        },
        "mrca": 0,
        "size": 55555
    },
    "7": {
        "clone_proportion": {
            "0": 1.0
        },
        "mrca": 0,
        "size": 31250
    },
    "8": {
        "clone_proportion": {
            "3": 0.5701825614604917,
            "4": 0.117124936999496,
            "5": 0.3126925015400123
        },
        "mrca": 0,
        "size": 71428
    },
    "9": {
        "clone_proportion": {
            "7": 1.0
        },
        "mrca": 7,
        "size": 125000
    }
}