{
    "0": {
        "clone_proportion": {
            "5": 0.8340162996199808,
            "6": 0.04139004624330388,
            "7": 0.012888604001648277,
            "8": 0.11170505013506707
        },
        "mrca": 2,
        "size": 87364
    },
    "1": {
        "clone_proportion": {
            "0": 1.0
        },
        "mrca": 0,
        "size": 67949
    },
    "2": {
        "clone_proportion": {
            "0": 1.0
        },
        "mrca": 0,
        "size": 50962
    },
    "3": {
        "clone_proportion": {
            "12": 1.0
        },
        "mrca": 12,
        "size": 30577
    },
    "4": {
        "clone_proportion": {
            "3": 0.152122155578957,
            "4": 0.3706332127649833,
            "5": 0.4772446316560597
        },
        "mrca": 3,
        "size": 43682
    },
    "5": {
        "clone_proportion": {
            "0": 1.0
        },
        "mrca": 0,
        "size": 76443
    },
    "6": {
        "clone_proportion": {
            "3": 1.0
        },
        "mrca": 3,
        "size": 122309
    },
    "7": {
        "clone_proportion": {
            "3": 1.0
        },
        "mrca": 3,
        "size": 55595
    },
    "8": {
        "clone_proportion": {
            "8": 0.47969800880071817,
            "9": 0.05526203476136514,
            "10": 0.010419579390425171,
            "11": 0.0037969653710871387,
            "12": 0.4508234116764044
        },
        "mrca": 0,
        "size": 67949
    },
    "9": {
        "clone_proportion": {
            "1": 0.0693495110704124,
            "2": 0.5033358406645518,
            "3": 0.4273146482650358
        },
        "mrca": 0,
        "size": 61154
    }
}