{
    "0": {
        "clone_proportion": {
            "1": 0.3716031369688127,
            "2": 0.6283968630311874
        },
        "mrca": 0,
        "size": 10966
    },
    "1": {
        "clone_proportion": {
            "0": 1.0
        },
        "mrca": 0,
        "size": 10966
    },
    "2": {
        "clone_proportion": {
            "4": 1.0
        },
        "mrca": 4,
        "size": 19191
    },
    "3": {
        "clone_proportion": {
            "4": 1.0
        },
        "mrca": 4,
        "size": 7676
    },
    "4": {
        "clone_proportion": {
            "4": 1.0
        },
        "mrca": 4,
        "size": 12794
    },
    "5": {
        "clone_proportion": {
            "1": 0.3003282917106343,
            "2": 0.6996717082893656
        },
        "mrca": 0,
        "size": 17058
    },
    "6": {
        "clone_proportion": {
            "2": 1.0
        },
        "mrca": 2,
        "size": 9595
    },
    "7": {
        "clone_proportion": {
            "4": 0.6931930693069307,
            "5": 0.043069306930693066,
            "6": 0.14133663366336632,
            "7": 0.1224009900990099
        },
        "mrca": 0,
        "size": 8080
    },
    "8": {
        "clone_proportion": {
            "0": 1.0
        },
        "mrca": 0,
        "size": 10235
    },
    "9": {
        "clone_proportion": {
            "1": 1.0
        },
        "mrca": 1,
        "size": 8080
    }
}