{
    "N_max": 561124,
    "M": 561124,
    "picking": "adjacent",
    "mutation_rate": 38.19895295264224,
    "P_death": 0.16844862229641053,
    "D": 640,
    "new_clone_frequency": 0.02912540492675459,
    "depth_sequencing": 100,
    "min_alt_reads": 2,
    "n_sequencing": 10,
    "max_horizontal": 2
}