{
    "N_max": 790911,
    "M": 790911,
    "picking": "adjacent",
    "mutation_rate": 48.86053480542841,
    "P_death": 0.2528164182833383,
    "D": 640,
    "new_clone_frequency": 0.0024617222272283745,
    "depth_sequencing": 100,
    "min_alt_reads": 2,
    "n_sequencing": 10,
    "max_horizontal": 2
}