{
    "0": {
        "clone_proportion": {
            "3": 0.7543458735518492,
            "4": 0.05033141193992519,
            "5": 0.1953227145082256
        },
        "mrca": 0,
        "size": 87957
    },
    "1": {
        "clone_proportion": {
            "0": 1.0
        },
        "mrca": 0,
        "size": 46910
    },
    "2": {
        "clone_proportion": {
            "2": 0.794496388103694,
            "3": 0.20550361189630595
        },
        "mrca": 2,
        "size": 41391
    },
    "3": {
        "clone_proportion": {
            "0": 1.0
        },
        "mrca": 0,
        "size": 234552
    },
    "4": {
        "clone_proportion": {
            "0": 1.0
        },
        "mrca": 0,
        "size": 87957
    },
    "5": {
        "clone_proportion": {
            "2": 1.0
        },
        "mrca": 2,
        "size": 54127
    },
    "6": {
        "clone_proportion": {
            "0": 1.0
        },
        "mrca": 0,
        "size": 46910
    },
    "7": {
        "clone_proportion": {
            "2": 1.0
        },
        "mrca": 2,
        "size": 50261
    },
    "8": {
        "clone_proportion": {
            "0": 1.0
        },
        "mrca": 0,
        "size": 63968
    },
    "9": {
        "clone_proportion": {
            "3": 1.0
        },
        "mrca": 3,
        "size": 100522
    }
}