{
    "0": {
        "clone_proportion": {
            "1": 1.0
        },
        "mrca": 1,
        "size": 66523
    },
    "1": {
        "clone_proportion": {
            "1": 1.0
        },
        "mrca": 1,
        "size": 116416
    },
    "2": {
        "clone_proportion": {
            "1": 1.0
        },
        "mrca": 1,
        "size": 46566
    },
    "3": {
        "clone_proportion": {
            "0": 0.05851227175017126,
            "1": 0.9414877282498287
        },
        "mrca": 0,
        "size": 42333
    },
    "4": {
        "clone_proportion": {
            "1": 1.0
        },
        "mrca": 1,
        "size": 29104
    },
    "5": {
        "clone_proportion": {
            "4": 0.5147112826228409,
            "5": 0.485288717377159
        },
        "mrca": 4,
        "size": 155221
    },
    "6": {
        "clone_proportion": {
            "0": 1.0
        },
        "mrca": 0,
        "size": 51740
    },
    "7": {
        "clone_proportion": {
            "1": 1.0
        },
        "mrca": 1,
        "size": 58208
    },
    "8": {
        "clone_proportion": {
            "0": 0.699351458145428,
            "1": 0.300648541854572
        },
        "mrca": 0,
        "size": 46566
    },
    "9": {
        "clone_proportion": {
            "5": 0.7549714383885238,
            "6": 0.24502856161147618
        },
        "mrca": 4,
        "size": 46566
    }
}