{
    "0": {
        "clone_proportion": {
            "0": 1.0
        },
        "mrca": 0,
        "size": 16628
    },
    "1": {
        "clone_proportion": {
            "1": 0.9307578509315276,
            "2": 0.004341916938287047,
            "3": 0.06490023213018534
        },
        "mrca": 0,
        "size": 83143
    },
    "2": {
        "clone_proportion": {
            "1": 1.0
        },
        "mrca": 1,
        "size": 17503
    },
    "3": {
        "clone_proportion": {
            "3": 0.9920585042564132,
            "4": 0.007941495743586813
        },
        "mrca": 1,
        "size": 17503
    },
    "4": {
        "clone_proportion": {
            "3": 1.0
        },
        "mrca": 3,
        "size": 25582
    },
    "5": {
        "clone_proportion": {
            "3": 1.0
        },
        "mrca": 3,
        "size": 47510
    },
    "6": {
        "clone_proportion": {
            "0": 1.0
        },
        "mrca": 0,
        "size": 30233
    },
    "7": {
        "clone_proportion": {
            "1": 1.0
        },
        "mrca": 1,
        "size": 27714
    },
    "8": {
        "clone_proportion": {
            "3": 1.0
        },
        "mrca": 3,
        "size": 16628
    },
    "9": {
        "clone_proportion": {
            "0": 0.9017890970322038,
            "1": 0.09821090296779625
        },
        "mrca": 0,
        "size": 23755
    }
}