{
    "0": {
        "clone_proportion": {
            "0": 0.7346811070998797,
            "1": 0.26531889290012034
        },
        "mrca": 0,
        "size": 20775
    },
    "1": {
        "clone_proportion": {
            "0": 0.8683623892540726,
            "1": 0.13163761074592742
        },
        "mrca": 0,
        "size": 17495
    },
    "2": {
        "clone_proportion": {
            "5": 1.0
        },
        "mrca": 5,
        "size": 36934
    },
    "3": {
        "clone_proportion": {
            "1": 0.2242277655439635,
            "2": 0.002178020047411044,
            "3": 0.07342695209559222,
            "4": 0.7001672623130333
        },
        "mrca": 0,
        "size": 83103
    },
    "4": {
        "clone_proportion": {
            "0": 1.0
        },
        "mrca": 0,
        "size": 33241
    },
    "5": {
        "clone_proportion": {
            "10": 1.0
        },
        "mrca": 10,
        "size": 19553
    },
    "6": {
        "clone_proportion": {
            "0": 0.3672430598173351,
            "1": 0.29541653129249246,
            "2": 0.002178020047411044,
            "3": 0.07342695209559222,
            "4": 0.26173543674716915
        },
        "mrca": 0,
        "size": 83103
    },
    "7": {
        "clone_proportion": {
            "0": 0.3768546261867803,
            "1": 0.22156239846936934,
            "2": 0.0016335150355582832,
            "3": 0.055070214071694164,
            "4": 0.34487924623659794
        },
        "mrca": 0,
        "size": 110804
    },
    "8": {
        "clone_proportion": {
            "3": 0.0911880437529331,
            "4": 0.9088119562470669
        },
        "mrca": 1,
        "size": 55402
    },
    "9": {
        "clone_proportion": {
            "5": 1.0
        },
        "mrca": 5,
        "size": 30219
    }
}