{
    "0": {
        "clone_proportion": {
            "0": 0.5217068321352881,
            "2": 0.47829316786471193
        },
        "mrca": 0,
        "size": 45769
    },
    "1": {
        "clone_proportion": {
            "2": 1.0
        },
        "mrca": 2,
        "size": 17163
    },
    "2": {
        "clone_proportion": {
            "0": 0.25983219716832723,
            "2": 0.7401678028316728
        },
        "mrca": 0,
        "size": 15256
    },
    "3": {
        "clone_proportion": {
            "3": 1.0
        },
        "mrca": 3,
        "size": 6865
    },
    "4": {
        "clone_proportion": {
            "2": 1.0
        },
        "mrca": 2,
        "size": 9153
    },
    "5": {
        "clone_proportion": {
            "2": 1.0
        },
        "mrca": 2,
        "size": 8581
    },
    "6": {
        "clone_proportion": {
            "3": 1.0
        },
        "mrca": 3,
        "size": 17163
    },
    "7": {
        "clone_proportion": {
            "2": 0.058350569522533285,
            "3": 0.7358930288111399,
            "4": 0.0025344481020770824,
            "5": 0.2032219535642497
        },
        "mrca": 2,
        "size": 34327
    },
    "8": {
        "clone_proportion": {
            "0": 0.9558206607236497,
            "2": 0.04417933927635029
        },
        "mrca": 0,
        "size": 22884
    },
    "9": {
        "clone_proportion": {
            "3": 0.7386820485929033,
            "4": 0.007603565810173046,
            "5": 0.2537143855969236
        },
        "mrca": 2,
        "size": 11442
    }
}