{
    "0": {
        "clone_proportion": {
            "0": 1.0
        },
        "mrca": 0,
        "size": 19615
    },
    "1": {
        "clone_proportion": {
            "0": 1.0
        },
        "mrca": 0,
        "size": 27461
    },
    "2": {
        "clone_proportion": {
            "0": 1.0
        },
        "mrca": 0,
        "size": 17163
    },
    "3": {
        "clone_proportion": {
            "0": 1.0
        },
        "mrca": 0,
        "size": 27461
    },
    "4": {
        "clone_proportion": {
            "0": 0.3190584396667249,
            "1": 0.015848045213540756,
            "2": 0.07778360426498863,
            "3": 0.5873099108547457
        },
        "mrca": 0,
        "size": 17163
    },
    "5": {
        "clone_proportion": {
            "0": 1.0
        },
        "mrca": 0,
        "size": 15256
    },
    "6": {
        "clone_proportion": {
            "0": 0.8814053077752206,
            "1": 0.007923791767413407,
            "2": 0.038890669152562125,
            "3": 0.0717802313048038
        },
        "mrca": 0,
        "size": 34327
    },
    "7": {
        "clone_proportion": {
            "0": 1.0
        },
        "mrca": 0,
        "size": 9807
    },
    "8": {
        "clone_proportion": {
            "0": 0.36866869637420424,
            "1": 0.03764184887904788,
            "2": 0.18474951563797398,
            "3": 0.40893993910877385
        },
        "mrca": 0,
        "size": 7226
    },
    "9": {
        "clone_proportion": {
            "0": 1.0
        },
        "mrca": 0,
        "size": 12482
    }
}