{
    "0": {
        "clone_proportion": {
            "1": 1.0
        },
        "mrca": 1,
        "size": 41666
    },
    "1": {
        "clone_proportion": {
            "0": 0.5096320770566165,
            "1": 0.49036792294338355
        },
        "mrca": 0,
        "size": 71428
    },
    "2": {
        "clone_proportion": {
            "0": 0.94136706187299,
            "1": 0.05863293812701003
        },
        "mrca": 0,
        "size": 41666
    },
    "3": {
        "clone_proportion": {
            "1": 1.0
        },
        "mrca": 1,
        "size": 62500
    },
    "4": {
        "clone_proportion": {
            "1": 1.0
        },
        "mrca": 1,
        "size": 71428
    },
    "5": {
        "clone_proportion": {
            "1": 1.0
        },
        "mrca": 1,
        "size": 27777
    },
    "6": {
        "clone_proportion": {
            "0": 1.0
        },
        "mrca": 0,
        "size": 31250
    },
    "7": {
        "clone_proportion": {
            "1": 0.28618600660409244,
            "2": 0.005954083357167001,
            "3": 0.011206156886196406,
            "4": 0.0020800291204076857,
            "5": 0.002886040404565664,
            "6": 2.6000364005096073e-05,
            "7": 0.00044200618808663323,
            "8": 0.049270689789657054,
            "9": 0.17173240425365954,
            "10": 0.060268843763812696,
            "11": 0.0044460622448714284,
            "12": 0.09302930241023374,
            "13": 0.08876524271339799,
            "14": 0.00039000546007644105,
            "15": 0.22331712643977017
        },
        "mrca": 0,
        "size": 38461
    },
    "8": {
        "clone_proportion": {
            "1": 1.0
        },
        "mrca": 1,
        "size": 31250
    },
    "9": {
        "clone_proportion": {
            "1": 1.0
        },
        "mrca": 1,
        "size": 71428
    }
}