{
    "n_event": 397030,
    "config": {
        "N_max": 397030,
        "M": 397030,
        "picking": "adjacent",
        "mutation_rate": 42.38288461733209,
        "P_death": 0.2053511386730917,
        "D": 640,
        "new_clone_frequency": 0.0017481684479207851,
        "depth_sequencing": 100,
        "min_alt_reads": 2,
        "n_sequencing": 10,
        "max_horizontal": 2
    },
    "clone_proportion": {
        "0": 0.996955918128208,
        "1": 6.186418627670394e-05,
        "2": 0.0029822176855152285
    },
    "clones": [
        {
            "id": 0,
            "fitness": 0,
            "ancestor": null,
            "dead_lineage": false,
            "size": 629133,
            "tmb": 100
        },
        {
            "id": 1,
            "fitness": 0.0,
            "ancestor": 0,
            "dead_lineage": false,
            "size": 37,
            "tmb": 228
        },
        {
            "id": 2,
            "fitness": 0.8764105309616557,
            "ancestor": 0,
            "dead_lineage": false,
            "size": 1911,
            "tmb": 284
        }
    ]
}