{
    "0": {
        "clone_proportion": {
            "0": 1.0
        },
        "mrca": 0,
        "size": 22543
    },
    "1": {
        "clone_proportion": {
            "2": 0.5610004305452269,
            "3": 0.4389995694547732
        },
        "mrca": 0,
        "size": 25549
    },
    "2": {
        "clone_proportion": {
            "3": 1.0
        },
        "mrca": 3,
        "size": 25549
    },
    "3": {
        "clone_proportion": {
            "1": 1.0
        },
        "mrca": 1,
        "size": 34840
    },
    "4": {
        "clone_proportion": {
            "1": 0.43776223776223777,
            "2": 0.33916083916083917,
            "3": 0.2230769230769231
        },
        "mrca": 0,
        "size": 95810
    },
    "5": {
        "clone_proportion": {
            "3": 1.0
        },
        "mrca": 3,
        "size": 76648
    },
    "6": {
        "clone_proportion": {
            "5": 0.15687379643981025,
            "6": 0.8390869381428773,
            "7": 0.004039265417312479
        },
        "mrca": 0,
        "size": 21291
    },
    "7": {
        "clone_proportion": {
            "1": 1.0
        },
        "mrca": 1,
        "size": 54748
    },
    "8": {
        "clone_proportion": {
            "1": 1.0
        },
        "mrca": 1,
        "size": 22543
    },
    "9": {
        "clone_proportion": {
            "3": 1.0
        },
        "mrca": 3,
        "size": 27374
    }
}