{
    "n_event": 574823,
    "config": {
        "N_max": 574823,
        "M": 574823,
        "picking": "adjacent",
        "mutation_rate": 25.63938652426293,
        "P_death": 0.0658479022679664,
        "D": 640,
        "new_clone_frequency": 0.03169522724469988,
        "depth_sequencing": 100,
        "min_alt_reads": 2,
        "n_sequencing": 10,
        "max_horizontal": 2
    },
    "clone_proportion": {
        "0": 0.11577350420339186,
        "1": 0.004220280702228458,
        "2": 0.007385732498091561,
        "3": 0.0037387073954797735,
        "4": 0.0016676526534303172,
        "5": 0.023462946360068213,
        "6": 0.0044586546636852225,
        "7": 0.023396356063143043,
        "8": 0.002898125531395395,
        "9": 0.4873406055084652,
        "10": 0.05694145940838864,
        "11": 0.00014186628475362073,
        "12": 0.16892800237794917,
        "15": 5.693952925485458e-05,
        "16": 0.0010876415164444255,
        "17": 0.01067760935043578,
        "18": 0.005304061911604758,
        "19": 0.00010615844437345769,
        "20": 0.07137997291994591,
        "21": 0.006226675300886809,
        "22": 0.0023181143944095033,
        "23": 0.00036962440177303903,
        "25": 8.010137166360898e-05,
        "26": 0.00024995488266114127,
        "27": 5.790460602188601e-06,
        "28": 1.930153534062867e-05,
        "29": 8.492675549876615e-05,
        "30": 0.000879184934765636,
        "31": 9.071721610095475e-05,
        "32": 9.071721610095475e-05,
        "33": 8.6856909032829e-06,
        "34": 3.860307068125734e-06,
        "35": 0.00016020274332721797,
        "36": 0.00019494550694034956,
        "37": 4.825383835157167e-06,
        "38": 2.8952303010943005e-06,
        "39": 1.4476151505471502e-05,
        "40": 2.4126919175785838e-05,
        "41": 9.940290700423765e-05,
        "42": 1.2545997971408636e-05,
        "43": 4.2463377749383074e-05,
        "44": 8.6856909032829e-06,
        "45": 8.6856909032829e-06,
        "46": 9.650767670314336e-07,
        "47": 2.8952303010943005e-06,
        "48": 2.8952303010943005e-06,
        "49": 1.0615844437345768e-05,
        "50": 9.650767670314336e-07,
        "51": 6.755537369220035e-06,
        "52": 9.650767670314336e-07,
        "53": 9.650767670314336e-07,
        "54": 9.650767670314336e-07,
        "55": 9.650767670314336e-07,
        "56": 9.650767670314336e-07,
        "57": 9.650767670314336e-07,
        "58": 9.650767670314336e-07,
        "59": 9.650767670314336e-07
    },
    "clones": [
        {
            "id": 0,
            "fitness": 0,
            "ancestor": null,
            "dead_lineage": false,
            "size": 124401,
            "tmb": 100
        },
        {
            "id": 1,
            "fitness": 0.7835966548842327,
            "ancestor": 0,
            "dead_lineage": false,
            "size": 4569,
            "tmb": 259
        },
        {
            "id": 2,
            "fitness": 0.9347335199935871,
            "ancestor": 0,
            "dead_lineage": false,
            "size": 7913,
            "tmb": 308
        },
        {
            "id": 3,
            "fitness": 1.6252701892889083,
            "ancestor": 2,
            "dead_lineage": false,
            "size": 4013,
            "tmb": 402
        },
        {
            "id": 4,
            "fitness": 1.7689407729614994,
            "ancestor": 1,
            "dead_lineage": false,
            "size": 1785,
            "tmb": 417
        },
        {
            "id": 5,
            "fitness": 2.7848172053938347,
            "ancestor": 2,
            "dead_lineage": false,
            "size": 25241,
            "tmb": 389
        },
        {
            "id": 6,
            "fitness": 2.57579873247634,
            "ancestor": 4,
            "dead_lineage": false,
            "size": 4793,
            "tmb": 480
        },
        {
            "id": 7,
            "fitness": 4.008014711903743,
            "ancestor": 6,
            "dead_lineage": false,
            "size": 25135,
            "tmb": 506
        },
        {
            "id": 8,
            "fitness": 2.097600198228576,
            "ancestor": 1,
            "dead_lineage": false,
            "size": 3139,
            "tmb": 489
        },
        {
            "id": 9,
            "fitness": 4.890115116274114,
            "ancestor": 7,
            "dead_lineage": false,
            "size": 523399,
            "tmb": 540
        },
        {
            "id": 10,
            "fitness": 5.13235218508826,
            "ancestor": 9,
            "dead_lineage": false,
            "size": 61071,
            "tmb": 577
        },
        {
            "id": 11,
            "fitness": 2.834900409555244,
            "ancestor": 3,
            "dead_lineage": false,
            "size": 149,
            "tmb": 576
        },
        {
            "id": 12,
            "fitness": 6.066922802092757,
            "ancestor": 9,
            "dead_lineage": false,
            "size": 181387,
            "tmb": 620
        },
        {
            "id": 13,
            "fitness": 3.6990790728492433,
            "ancestor": 6,
            "dead_lineage": true,
            "size": 1,
            "tmb": 599
        },
        {
            "id": 14,
            "fitness": 3.9665680781007655,
            "ancestor": 5,
            "dead_lineage": true,
            "size": 1,
            "tmb": 581
        },
        {
            "id": 15,
            "fitness": 4.424758961416515,
            "ancestor": 5,
            "dead_lineage": false,
            "size": 63,
            "tmb": 629
        },
        {
            "id": 16,
            "fitness": 3.4941063898630316,
            "ancestor": 8,
            "dead_lineage": false,
            "size": 1169,
            "tmb": 666
        },
        {
            "id": 17,
            "fitness": 4.969468035346901,
            "ancestor": 7,
            "dead_lineage": false,
            "size": 11483,
            "tmb": 581
        },
        {
            "id": 18,
            "fitness": 5.608257196759107,
            "ancestor": 17,
            "dead_lineage": false,
            "size": 5689,
            "tmb": 669
        },
        {
            "id": 19,
            "fitness": 2.696093343076826,
            "ancestor": 3,
            "dead_lineage": false,
            "size": 115,
            "tmb": 566
        },
        {
            "id": 20,
            "fitness": 7.262927823749196,
            "ancestor": 12,
            "dead_lineage": false,
            "size": 76641,
            "tmb": 858
        },
        {
            "id": 21,
            "fitness": 5.8749335603338055,
            "ancestor": 10,
            "dead_lineage": false,
            "size": 6689,
            "tmb": 765
        },
        {
            "id": 22,
            "fitness": 7.82773653314973,
            "ancestor": 21,
            "dead_lineage": false,
            "size": 2487,
            "tmb": 800
        },
        {
            "id": 23,
            "fitness": 6.77550239766502,
            "ancestor": 12,
            "dead_lineage": false,
            "size": 395,
            "tmb": 773
        },
        {
            "id": 24,
            "fitness": 5.8675139475675815,
            "ancestor": 17,
            "dead_lineage": true,
            "size": 1,
            "tmb": 697
        },
        {
            "id": 25,
            "fitness": 2.8468845803875613,
            "ancestor": 4,
            "dead_lineage": false,
            "size": 85,
            "tmb": 585
        },
        {
            "id": 26,
            "fitness": 7.166906377898098,
            "ancestor": 10,
            "dead_lineage": false,
            "size": 267,
            "tmb": 1031
        },
        {
            "id": 27,
            "fitness": 2.7310258806211425,
            "ancestor": 8,
            "dead_lineage": false,
            "size": 6,