{
    "0": {
        "clone_proportion": {
            "1": 1.0
        },
        "mrca": 1,
        "size": 30518
    },
    "1": {
        "clone_proportion": {
            "6": 0.0791001179620649,
            "7": 0.43634729529836913,
            "8": 0.0005617241185612373,
            "9": 0.00019660344149643306,
            "10": 0.4837942591795083
        },
        "mrca": 0,
        "size": 106814
    },
    "2": {
        "clone_proportion": {
            "1": 1.0
        },
        "mrca": 1,
        "size": 22487
    },
    "3": {
        "clone_proportion": {
            "1": 1.0
        },
        "mrca": 1,
        "size": 35604
    },
    "4": {
        "clone_proportion": {
            "0": 1.0
        },
        "mrca": 0,
        "size": 61036
    },
    "5": {
        "clone_proportion": {
            "0": 1.0
        },
        "mrca": 0,
        "size": 30518
    },
    "6": {
        "clone_proportion": {
            "0": 0.5807103937686071,
            "1": 0.4192896062313929
        },
        "mrca": 0,
        "size": 106814
    },
    "7": {
        "clone_proportion": {
            "1": 1.0
        },
        "mrca": 1,
        "size": 26703
    },
    "8": {
        "clone_proportion": {
            "1": 1.0
        },
        "mrca": 1,
        "size": 28483
    },
    "9": {
        "clone_proportion": {
            "0": 1.0
        },
        "mrca": 0,
        "size": 23736
    }
}