{
    "n_event": 810537,
    "config": {
        "N_max": 810537,
        "M": 810537,
        "picking": "adjacent",
        "mutation_rate": 27.621372481305574,
        "P_death": 0.0010835468487051525,
        "D": 640,
        "new_clone_frequency": 0.02901137880516355,
        "depth_sequencing": 100,
        "min_alt_reads": 2,
        "n_sequencing": 10,
        "max_horizontal": 2
    },
    "clone_proportion": {
        "0": 0.5289417963592372,
        "1": 0.007432158155633556,
        "2": 0.03795102523498508,
        "3": 0.21920016410185436,
        "4": 0.0005641001243738828,
        "5": 0.13934632349443035,
        "6": 0.0240993705927747,
        "7": 0.001217171133643537,
        "8": 3.892476214189991e-05,
        "9": 0.003172059187881177,
        "10": 0.03371502254855864,
        "11": 0.00041828672968359114,
        "12": 0.00021192370499478842,
        "13": 4.324973571322212e-06,
        "14": 0.0013073777252739717,
        "15": 0.0018090746595473483,
        "16": 3.336408183591421e-05,
        "17": 0.00035959065978707536,
        "18": 8.03209377531268e-06,
        "19": 8.279235122245378e-05,
        "20": 4.324973571322212e-06,
        "21": 6.178533673317447e-07,
        "22": 3.0892668366587233e-06,
        "23": 2.3478427958606295e-05,
        "24": 3.892476214189991e-05,
        "25": 5.5606803059857016e-06,
        "26": 6.178533673317447e-07,
        "27": 3.0892668366587233e-06,
        "28": 1.8535601019952338e-06,
        "29": 6.178533673317447e-07,
        "30": 6.178533673317447e-07,
        "31": 6.178533673317447e-07,
        "32": 1.8535601019952338e-06,
        "33": 6.178533673317447e-07,
        "34": 6.178533673317447e-07,
        "35": 6.178533673317447e-07
    },
    "clones": [
        {
            "id": 0,
            "fitness": 0,
            "ancestor": null,
            "dead_lineage": false,
            "size": 856533,
            "tmb": 100
        },
        {
            "id": 1,
            "fitness": 0.4763054330455172,
            "ancestor": 0,
            "dead_lineage": false,
            "size": 12033,
            "tmb": 241
        },
        {
            "id": 2,
            "fitness": 1.1495627635029935,
            "ancestor": 0,
            "dead_lineage": false,
            "size": 61461,
            "tmb": 208
        },
        {
            "id": 3,
            "fitness": 2.322704706667532,
            "ancestor": 1,
            "dead_lineage": false,
            "size": 354981,
            "tmb": 355
        },
        {
            "id": 4,
            "fitness": 1.537569895289941,
            "ancestor": 1,
            "dead_lineage": false,
            "size": 913,
            "tmb": 383
        },
        {
            "id": 5,
            "fitness": 2.8818403530431933,
            "ancestor": 2,
            "dead_lineage": false,
            "size": 225651,
            "tmb": 361
        },
        {
            "id": 6,
            "fitness": 2.05374308130623,
            "ancestor": 2,
            "dead_lineage": false,
            "size": 39025,
            "tmb": 285
        },
        {
            "id": 7,
            "fitness": 3.115685073910738,
            "ancestor": 3,
            "dead_lineage": false,
            "size": 1971,
            "tmb": 443
        },
        {
            "id": 8,
            "fitness": 2.4315102803285678,
            "ancestor": 3,
            "dead_lineage": false,
            "size": 64,
            "tmb": 445
        },
        {
            "id": 9,
            "fitness": 4.162229394764453,
            "ancestor": 6,
            "dead_lineage": false,
            "size": 5137,
            "tmb": 446
        },
        {
            "id": 10,
            "fitness": 4.150646881169334,
            "ancestor": 5,
            "dead_lineage": false,
            "size": 54593,
            "tmb": 412
        },
        {
            "id": 11,
            "fitness": 3.7182762145131694,
            "ancestor": 5,
            "dead_lineage": false,
            "size": 677,
            "tmb": 548
        },
        {
            "id": 12,
            "fitness": 2.7652900071441273,
            "ancestor": 6,
            "dead_lineage": false,
            "size": 343,
            "tmb": 324
        },
        {
            "id": 13,
            "fitness": 1.741463839164894,
            "ancestor": 4,
            "dead_lineage": false,
            "size": 7,
            "tmb": 453
        },
        {
            "id": 14,
            "fitness": 4.718777400930408,
            "ancestor": 10,
            "dead_lineage": false,
            "size": 2117,
            "tmb": 543
        },
        {
            "id": 15,
            "fitness": 5.439094740708042,
            "ancestor": 10,
            "dead_lineage": false,
            "size": 2931,
            "tmb": 546
        },
        {
            "id": 16,
            "fitness": 2.388858011658797,
            "ancestor": 4,
            "dead_lineage": false,
            "size": 54,
            "tmb": 440
        },
        {
            "id": 17,
            "fitness": 3.766045373551189,
            "ancestor": 7,
            "dead_lineage": false,
            "size": 583,
            "tmb": 583
        },
        {
            "id": 18,
            "fitness": 4.0886616731593435,
            "ancestor": 7,
            "dead_lineage": false,
            "size": 13,
            "tmb": 664
        },
        {
            "id": 19,
            "fitness": 5.513316861095602,
            "ancestor": 9,
            "dead_lineage": false,
            "size": 134,
            "tmb": 647
        },
        {
            "id": 20,
            "fitness": 5.358377836591319,
            "ancestor": 9,
            "dead_lineage": false,
            "size": 7,
            "tmb": 702
        },
        {
            "id": 21,
            "fitness": 4.9806343235400705,
            "ancestor": 14,
            "dead_lineage": false,
            "size": 1,
            "tmb": 654
        },
        {
            "id": 22,
            "fitness": 5.849129012006156,
            "ancestor": 20,
            "dead_lineage": false,
            "size": 5,
            "tmb": 744
        },
        {
            "id": 23,
            "fitness": 6.222471192073742,
            "ancestor": 15,
            "dead_lineage": false,
            "size": 39,
            "tmb": 639
        },
        {
            "id": 24,
            "fitness": 5.997099749756952,
            "ancestor": 14,
            "dead_lineage": false,
            "size": 63,
            "tmb": 692
        },
        {
            "id": 25,
            "fitness": 4.674165572576448,
            "ancestor": 17,
            "dead_lineage": false,
            "size": 9,
            "tmb": 872
        },
        {
            "id": 26,
            "fitness": 4.4739747840482575,
            "ancestor": 11,
            "dead_lineage": false,
            "size": 1,
            "tmb": 648
        },
        {
            "id": 27,
            "fitness": 6.078406383437221,
            "ancestor": 15,
            "dead_lineage": false,
            "size": 5,
            "tmb": 637
        },
        {
            "id": 28,
            "fitness": 5.0507090337665534,
            "ancestor": 17,
            "dead_lineage": false,
            "size": 3,
            "tmb": 891
        },
        {
            "id": 29,
            "fitness": 6.489265628005401,
            "ancestor": 24,
            "dead_lineage": false,
            "size": 1,
            "tmb": 753
        },
        {
            "id": 30,
            "fitness": 4.873235214785063,
            "ancestor": 11,
            "dead_lineage": false,
            "size": 1,
            "tmb": 706
        },
        {
            "id": 31,
            "fitness": 6.510661499975908,
            "ancestor": 20,
            "dead_lineage": false,
            "size": 1,