{
    "N_max": 280147,
    "M": 280147,
    "picking": "adjacent",
    "mutation_rate": 42.46287124184879,
    "P_death": 0.2552783250697059,
    "D": 640,
    "new_clone_frequency": 0.035936023477389424,
    "depth_sequencing": 100,
    "min_alt_reads": 2,
    "n_sequencing": 10,
    "max_horizontal": 2
}