{
    "N_max": 342807,
    "M": 342807,
    "picking": "adjacent",
    "mutation_rate": 40.21196389037299,
    "P_death": 0.1836937461578302,
    "D": 640,
    "new_clone_frequency": 0.0239907075828395,
    "depth_sequencing": 100,
    "min_alt_reads": 2,
    "n_sequencing": 10,
    "max_horizontal": 2
}