{
    "N_max": 671782,
    "M": 671782,
    "picking": "adjacent",
    "mutation_rate": 9.226230971293132,
    "P_death": 0.06766813951786918,
    "D": 640,
    "new_clone_frequency": 0.03750808841988319,
    "depth_sequencing": 100,
    "min_alt_reads": 2,
    "n_sequencing": 10,
    "max_horizontal": 2
}