{
    "0": {
        "clone_proportion": {
            "1": 0.5181206407065998,
            "2": 0.48187935929340014
        },
        "mrca": 0,
        "size": 57062
    },
    "1": {
        "clone_proportion": {
            "1": 0.34020300583221175,
            "2": 0.6597969941677883
        },
        "mrca": 0,
        "size": 71328
    },
    "2": {
        "clone_proportion": {
            "0": 1.0
        },
        "mrca": 0,
        "size": 25937
    },
    "3": {
        "clone_proportion": {
            "2": 1.0
        },
        "mrca": 2,
        "size": 31701
    },
    "4": {
        "clone_proportion": {
            "0": 1.0
        },
        "mrca": 0,
        "size": 31701
    },
    "5": {
        "clone_proportion": {
            "0": 1.0
        },
        "mrca": 0,
        "size": 31701
    },
    "6": {
        "clone_proportion": {
            "1": 0.11832743331814517,
            "2": 0.8816725666818548
        },
        "mrca": 0,
        "size": 57062
    },
    "7": {
        "clone_proportion": {
            "0": 1.0
        },
        "mrca": 0,
        "size": 95104
    },
    "8": {
        "clone_proportion": {
            "0": 1.0
        },
        "mrca": 0,
        "size": 17832
    },
    "9": {
        "clone_proportion": {
            "0": 1.0
        },
        "mrca": 0,
        "size": 40759
    }
}