{
    "0": {
        "clone_proportion": {
            "1": 0.6069348836768897,
            "2": 0.016664930736381627,
            "3": 0.37640018558672866
        },
        "mrca": 0,
        "size": 105611
    },
    "1": {
        "clone_proportion": {
            "3": 1.0
        },
        "mrca": 3,
        "size": 105611
    },
    "2": {
        "clone_proportion": {
            "3": 1.0
        },
        "mrca": 3,
        "size": 176019
    },
    "3": {
        "clone_proportion": {
            "1": 0.03855848349130299,
            "2": 0.03666284762003958,
            "3": 0.9247786688886575
        },
        "mrca": 0,
        "size": 48005
    },
    "4": {
        "clone_proportion": {
            "3": 0.5319672752064237,
            "4": 0.46803272479357627
        },
        "mrca": 1,
        "size": 26402
    },
    "5": {
        "clone_proportion": {
            "3": 1.0
        },
        "mrca": 3,
        "size": 58673
    },
    "6": {
        "clone_proportion": {
            "0": 1.0
        },
        "mrca": 0,
        "size": 44004
    },
    "7": {
        "clone_proportion": {
            "1": 1.0
        },
        "mrca": 1,
        "size": 33003
    },
    "8": {
        "clone_proportion": {
            "1": 1.0
        },
        "mrca": 1,
        "size": 66007
    },
    "9": {
        "clone_proportion": {
            "1": 1.0
        },
        "mrca": 1,
        "size": 58673
    }
}