{
    "0": {
        "clone_proportion": {
            "3": 1.0
        },
        "mrca": 3,
        "size": 60038
    },
    "1": {
        "clone_proportion": {
            "1": 1.0
        },
        "mrca": 1,
        "size": 76413
    },
    "2": {
        "clone_proportion": {
            "1": 0.9641874359788851,
            "2": 0.004986062580974442,
            "3": 0.030826501440140482
        },
        "mrca": 0,
        "size": 280181
    },
    "3": {
        "clone_proportion": {
            "1": 1.0
        },
        "mrca": 1,
        "size": 60038
    },
    "4": {
        "clone_proportion": {
            "1": 1.0
        },
        "mrca": 1,
        "size": 42027
    },
    "5": {
        "clone_proportion": {
            "0": 1.0
        },
        "mrca": 0,
        "size": 84054
    },
    "6": {
        "clone_proportion": {
            "1": 1.0
        },
        "mrca": 1,
        "size": 140090
    },
    "7": {
        "clone_proportion": {
            "1": 0.9144954434054299,
            "2": 0.00831013396150094,
            "3": 0.07719442263306922
        },
        "mrca": 0,
        "size": 168108
    },
    "8": {
        "clone_proportion": {
            "3": 1.0
        },
        "mrca": 3,
        "size": 44239
    },
    "9": {
        "clone_proportion": {
            "1": 1.0
        },
        "mrca": 1,
        "size": 70045
    }
}