{
    "0": {
        "clone_proportion": {
            "4": 1.0
        },
        "mrca": 4,
        "size": 45207
    },
    "1": {
        "clone_proportion": {
            "1": 0.03790604306793889,
            "2": 0.47011488259728523,
            "3": 0.4919790743347759
        },
        "mrca": 0,
        "size": 57537
    },
    "2": {
        "clone_proportion": {
            "3": 0.49845949661089256,
            "4": 0.5015405033891075
        },
        "mrca": 3,
        "size": 42194
    },
    "3": {
        "clone_proportion": {
            "6": 0.24810122182247946,
            "7": 0.48372351704120825,
            "8": 0.16679701757130194,
            "9": 0.0009211463927559657,
            "10": 0.013121991066618002,
            "11": 0.013486973599596781,
            "12": 0.053426490779846014,
            "13": 0.0024505970071432297,
            "14": 5.214036185411127e-05,
            "15": 0.017918904357196237
        },
        "mrca": 0,
        "size": 57537
    },
    "4": {
        "clone_proportion": {
            "4": 1.0
        },
        "mrca": 4,
        "size": 70323
    },
    "5": {
        "clone_proportion": {
            "4": 1.0
        },
        "mrca": 4,
        "size": 39556
    },
    "6": {
        "clone_proportion": {
            "3": 1.0
        },
        "mrca": 3,
        "size": 70323
    },
    "7": {
        "clone_proportion": {
            "6": 1.0
        },
        "mrca": 6,
        "size": 52742
    },
    "8": {
        "clone_proportion": {
            "6": 1.0
        },
        "mrca": 6,
        "size": 42194
    },
    "9": {
        "clone_proportion": {
            "0": 0.053466160008216086,
            "1": 0.4797781657594742,
            "2": 0.46675567423230974
        },
        "mrca": 0,
        "size": 48685
    }
}