{
    "0": {
        "clone_proportion": {
            "3": 1.0
        },
        "mrca": 3,
        "size": 54836
    },
    "1": {
        "clone_proportion": {
            "2": 1.0
        },
        "mrca": 2,
        "size": 22579
    },
    "2": {
        "clone_proportion": {
            "1": 0.3727862446268074,
            "2": 0.6272137553731927
        },
        "mrca": 0,
        "size": 127950
    },
    "3": {
        "clone_proportion": {
            "1": 1.0
        },
        "mrca": 1,
        "size": 29527
    },
    "4": {
        "clone_proportion": {
            "1": 0.48420745495659784,
            "2": 0.5157925450434021
        },
        "mrca": 0,
        "size": 95963
    },
    "5": {
        "clone_proportion": {
            "3": 1.0
        },
        "mrca": 3,
        "size": 76770
    },
    "6": {
        "clone_proportion": {
            "3": 1.0
        },
        "mrca": 3,
        "size": 63975
    },
    "7": {
        "clone_proportion": {
            "1": 1.0
        },
        "mrca": 1,
        "size": 20202
    },
    "8": {
        "clone_proportion": {
            "2": 0.9222071696540225,
            "3": 0.07779283034597749
        },
        "mrca": 0,
        "size": 19192
    },
    "9": {
        "clone_proportion": {
            "3": 1.0
        },
        "mrca": 3,
        "size": 21325
    }
}