{
    "0": {
        "clone_proportion": {
            "1": 1.0
        },
        "mrca": 1,
        "size": 127091
    },
    "1": {
        "clone_proportion": {
            "1": 1.0
        },
        "mrca": 1,
        "size": 52954
    },
    "2": {
        "clone_proportion": {
            "1": 1.0
        },
        "mrca": 1,
        "size": 211818
    },
    "3": {
        "clone_proportion": {
            "0": 0.38725190887746047,
            "1": 0.6127480911225396
        },
        "mrca": 0,
        "size": 158863
    },
    "4": {
        "clone_proportion": {
            "1": 0.8247372711449911,
            "2": 0.07885170415739497,
            "3": 0.09641102469761396
        },
        "mrca": 0,
        "size": 45389
    },
    "5": {
        "clone_proportion": {
            "1": 1.0
        },
        "mrca": 1,
        "size": 158863
    },
    "6": {
        "clone_proportion": {
            "0": 1.0
        },
        "mrca": 0,
        "size": 37379
    },
    "7": {
        "clone_proportion": {
            "0": 1.0
        },
        "mrca": 0,
        "size": 90779
    },
    "8": {
        "clone_proportion": {
            "1": 1.0
        },
        "mrca": 1,
        "size": 37379
    },
    "9": {
        "clone_proportion": {
            "0": 1.0
        },
        "mrca": 0,
        "size": 105909
    }
}