{
    "0": {
        "clone_proportion": {
            "9": 0.06456914209498404,
            "10": 0.020745010241509074,
            "12": 0.023579288334206642,
            "13": 0.8911065593293003
        },
        "mrca": 1,
        "size": 83972
    },
    "1": {
        "clone_proportion": {
            "0": 1.0
        },
        "mrca": 0,
        "size": 33589
    },
    "2": {
        "clone_proportion": {
            "0": 1.0
        },
        "mrca": 0,
        "size": 223927
    },
    "3": {
        "clone_proportion": {
            "0": 1.0
        },
        "mrca": 0,
        "size": 37321
    },
    "4": {
        "clone_proportion": {
            "3": 0.21636378792930977,
            "4": 0.0102013171057019,
            "5": 0.05796723907969323,
            "6": 0.0012295765255085028,
            "7": 0.12015463487829277,
            "8": 0.004762004001333778,
            "9": 0.5893214404801601
        },
        "mrca": 0,
        "size": 95968
    },
    "5": {
        "clone_proportion": {
            "0": 1.0
        },
        "mrca": 0,
        "size": 44785
    },
    "6": {
        "clone_proportion": {
            "0": 1.0
        },
        "mrca": 0,
        "size": 74642
    },
    "7": {
        "clone_proportion": {
            "0": 1.0
        },
        "mrca": 0,
        "size": 33589
    },
    "8": {
        "clone_proportion": {
            "3": 0.8014388681975295,
            "4": 0.013115940087350285,
            "5": 0.0745290855014603,
            "6": 0.001580879397658155,
            "7": 0.10933522681600172
        },
        "mrca": 0,
        "size": 74642
    },
    "9": {
        "clone_proportion": {
            "0": 1.0
        },
        "mrca": 0,
        "size": 41986
    }
}