{
    "0": {
        "clone_proportion": {
            "3": 1.0
        },
        "mrca": 3,
        "size": 38390
    },
    "1": {
        "clone_proportion": {
            "3": 0.5285367625889418,
            "4": 0.006429854265776449,
            "5": 0.4650333831452818
        },
        "mrca": 1,
        "size": 72941
    },
    "2": {
        "clone_proportion": {
            "5": 1.0
        },
        "mrca": 5,
        "size": 104201
    },
    "3": {
        "clone_proportion": {
            "3": 0.482936660268714,
            "4": 0.009001919385796545,
            "5": 0.5080614203454894
        },
        "mrca": 1,
        "size": 52100
    },
    "4": {
        "clone_proportion": {
            "1": 0.7584554640051548,
            "2": 0.002063311443495428,
            "3": 0.2394812245513497
        },
        "mrca": 0,
        "size": 145882
    },
    "5": {
        "clone_proportion": {
            "3": 1.0
        },
        "mrca": 3,
        "size": 45588
    },
    "6": {
        "clone_proportion": {
            "5": 1.0
        },
        "mrca": 5,
        "size": 45588
    },
    "7": {
        "clone_proportion": {
            "1": 0.7746086889761135,
            "2": 0.0028886479016516156,
            "3": 0.2225026631222349
        },
        "mrca": 0,
        "size": 104201
    },
    "8": {
        "clone_proportion": {
            "0": 1.0
        },
        "mrca": 0,
        "size": 182352
    },
    "9": {
        "clone_proportion": {
            "5": 1.0
        },
        "mrca": 5,
        "size": 52100
    }
}