{
    "N_max": 349212,
    "M": 349212,
    "picking": "adjacent",
    "mutation_rate": 41.30348164963125,
    "P_death": 0.21146890432839563,
    "D": 640,
    "new_clone_frequency": 0.0057504726677366155,
    "depth_sequencing": 100,
    "min_alt_reads": 2,
    "n_sequencing": 10,
    "max_horizontal": 2
}