{
    "0": {
        "clone_proportion": {
            "5": 0.6456791698562558,
            "6": 0.35432083014374416
        },
        "mrca": 1,
        "size": 47028
    },
    "1": {
        "clone_proportion": {
            "0": 0.6977034957897423,
            "1": 0.3022965042102577
        },
        "mrca": 0,
        "size": 39190
    },
    "2": {
        "clone_proportion": {
            "7": 0.8394228670093477,
            "8": 0.09204755194792308,
            "9": 0.06852958104272927
        },
        "mrca": 1,
        "size": 50387
    },
    "3": {
        "clone_proportion": {
            "0": 1.0
        },
        "mrca": 0,
        "size": 78381
    },
    "4": {
        "clone_proportion": {
            "0": 1.0
        },
        "mrca": 0,
        "size": 41495
    },
    "5": {
        "clone_proportion": {
            "2": 1.0
        },
        "mrca": 2,
        "size": 64130
    },
    "6": {
        "clone_proportion": {
            "0": 1.0
        },
        "mrca": 0,
        "size": 100775
    },
    "7": {
        "clone_proportion": {
            "0": 0.11931547551543469,
            "1": 0.8806845244845654
        },
        "mrca": 0,
        "size": 88178
    },
    "8": {
        "clone_proportion": {
            "7": 1.0
        },
        "mrca": 7,
        "size": 88178
    },
    "9": {
        "clone_proportion": {
            "6": 1.0
        },
        "mrca": 6,
        "size": 58785
    }
}