{
    "0": {
        "clone_proportion": {
            "0": 1.0
        },
        "mrca": 0,
        "size": 60106
    },
    "1": {
        "clone_proportion": {
            "1": 0.9040209165985188,
            "2": 0.0959790834014812
        },
        "mrca": 0,
        "size": 260463
    },
    "2": {
        "clone_proportion": {
            "1": 0.08594793826307302,
            "2": 0.914052061736927
        },
        "mrca": 0,
        "size": 43410
    },
    "3": {
        "clone_proportion": {
            "3": 1.0
        },
        "mrca": 3,
        "size": 86821
    },
    "4": {
        "clone_proportion": {
            "3": 1.0
        },
        "mrca": 3,
        "size": 39069
    },
    "5": {
        "clone_proportion": {
            "1": 1.0
        },
        "mrca": 1,
        "size": 71035
    },
    "6": {
        "clone_proportion": {
            "1": 0.08689197628822705,
            "2": 0.8676502206341569,
            "3": 0.04545780307761613
        },
        "mrca": 0,
        "size": 97673
    },
    "7": {
        "clone_proportion": {
            "2": 0.8154186769730865,
            "3": 0.18458132302691357
        },
        "mrca": 0,
        "size": 78139
    },
    "8": {
        "clone_proportion": {
            "2": 1.0
        },
        "mrca": 2,
        "size": 43410
    },
    "9": {
        "clone_proportion": {
            "0": 1.0
        },
        "mrca": 0,
        "size": 71035
    }
}