{
    "0": {
        "clone_proportion": {
            "2": 1.0
        },
        "mrca": 2,
        "size": 51823
    },
    "1": {
        "clone_proportion": {
            "0": 0.7517604170377495,
            "1": 0.2482395829622505
        },
        "mrca": 0,
        "size": 84213
    },
    "2": {
        "clone_proportion": {
            "2": 1.0
        },
        "mrca": 2,
        "size": 168426
    },
    "3": {
        "clone_proportion": {
            "0": 1.0
        },
        "mrca": 0,
        "size": 42106
    },
    "4": {
        "clone_proportion": {
            "2": 1.0
        },
        "mrca": 2,
        "size": 48121
    },
    "5": {
        "clone_proportion": {
            "0": 1.0
        },
        "mrca": 0,
        "size": 224568
    },
    "6": {
        "clone_proportion": {
            "4": 1.0
        },
        "mrca": 4,
        "size": 39629
    },
    "7": {
        "clone_proportion": {
            "2": 1.0
        },
        "mrca": 2,
        "size": 112284
    },
    "8": {
        "clone_proportion": {
            "0": 0.7774548541945596,
            "1": 0.22254514580544035
        },
        "mrca": 0,
        "size": 61246
    },
    "9": {
        "clone_proportion": {
            "1": 0.891791598634407,
            "2": 0.108208401365593
        },
        "mrca": 0,
        "size": 33685
    }
}