{
    "0": {
        "clone_proportion": {
            "5": 1.0
        },
        "mrca": 5,
        "size": 51918
    },
    "1": {
        "clone_proportion": {
            "5": 1.0
        },
        "mrca": 5,
        "size": 164407
    },
    "2": {
        "clone_proportion": {
            "0": 0.8476498943174734,
            "2": 0.15235010568252666
        },
        "mrca": 0,
        "size": 328815
    },
    "3": {
        "clone_proportion": {
            "3": 1.0
        },
        "mrca": 3,
        "size": 61652
    },
    "4": {
        "clone_proportion": {
            "3": 0.21852105287167556,
            "4": 0.04005291729391907,
            "5": 0.7414260298344054
        },
        "mrca": 2,
        "size": 109605
    },
    "5": {
        "clone_proportion": {
            "5": 1.0
        },
        "mrca": 5,
        "size": 140921
    },
    "6": {
        "clone_proportion": {
            "0": 1.0
        },
        "mrca": 0,
        "size": 65763
    },
    "7": {
        "clone_proportion": {
            "5": 1.0
        },
        "mrca": 5,
        "size": 98644
    },
    "8": {
        "clone_proportion": {
            "0": 0.9473929109073491,
            "2": 0.05260708909265088
        },
        "mrca": 0,
        "size": 328815
    },
    "9": {
        "clone_proportion": {
            "5": 1.0
        },
        "mrca": 5,
        "size": 164407
    }
}