{
    "0": {
        "clone_proportion": {
            "0": 0.7168568323825047,
            "1": 0.21074436294485194,
            "2": 0.0723988046726433
        },
        "mrca": 0,
        "size": 58896
    },
    "1": {
        "clone_proportion": {
            "0": 1.0
        },
        "mrca": 0,
        "size": 13088
    },
    "2": {
        "clone_proportion": {
            "2": 1.0
        },
        "mrca": 2,
        "size": 58896
    },
    "3": {
        "clone_proportion": {
            "2": 1.0
        },
        "mrca": 2,
        "size": 13857
    },
    "4": {
        "clone_proportion": {
            "0": 1.0
        },
        "mrca": 0,
        "size": 14724
    },
    "5": {
        "clone_proportion": {
            "2": 1.0
        },
        "mrca": 2,
        "size": 23558
    },
    "6": {
        "clone_proportion": {
            "0": 0.4953453128382767,
            "1": 0.5046546871617233
        },
        "mrca": 0,
        "size": 13857
    },
    "7": {
        "clone_proportion": {
            "0": 1.0
        },
        "mrca": 0,
        "size": 23558
    },
    "8": {
        "clone_proportion": {
            "0": 1.0
        },
        "mrca": 0,
        "size": 47117
    },
    "9": {
        "clone_proportion": {
            "0": 1.0
        },
        "mrca": 0,
        "size": 18121
    }
}