{
    "0": {
        "clone_proportion": {
            "2": 0.09870456631872429,
            "3": 0.9012954336812757
        },
        "mrca": 0,
        "size": 29411
    },
    "1": {
        "clone_proportion": {
            "7": 0.010864,
            "8": 0.03056,
            "9": 0.255328,
            "10": 0.679784,
            "11": 0.023464
        },
        "mrca": 0,
        "size": 125000
    },
    "2": {
        "clone_proportion": {
            "3": 0.3542,
            "4": 0.00392,
            "5": 0.03564,
            "6": 0.00023,
            "7": 0.04407,
            "8": 0.0382,
            "9": 0.31916,
            "10": 0.20458
        },
        "mrca": 0,
        "size": 100000
    },
    "3": {
        "clone_proportion": {
            "0": 0.58464,
            "1": 0.41536
        },
        "mrca": 0,
        "size": 125000
    },
    "4": {
        "clone_proportion": {
            "0": 1.0
        },
        "mrca": 0,
        "size": 31250
    },
    "5": {
        "clone_proportion": {
            "0": 1.0
        },
        "mrca": 0,
        "size": 27777
    },
    "6": {
        "clone_proportion": {
            "0": 1.0
        },
        "mrca": 0,
        "size": 125000
    },
    "7": {
        "clone_proportion": {
            "0": 1.0
        },
        "mrca": 0,
        "size": 29411
    },
    "8": {
        "clone_proportion": {
            "0": 1.0
        },
        "mrca": 0,
        "size": 62500
    },
    "9": {
        "clone_proportion": {
            "1": 1.0
        },
        "mrca": 1,
        "size": 62500
    }
}