{
    "0": {
        "clone_proportion": {
            "0": 1.0
        },
        "mrca": 0,
        "size": 98585
    },
    "1": {
        "clone_proportion": {
            "0": 1.0
        },
        "mrca": 0,
        "size": 39434
    },
    "2": {
        "clone_proportion": {
            "0": 1.0
        },
        "mrca": 0,
        "size": 39434
    },
    "3": {
        "clone_proportion": {
            "0": 1.0
        },
        "mrca": 0,
        "size": 197171
    },
    "4": {
        "clone_proportion": {
            "0": 1.0
        },
        "mrca": 0,
        "size": 46393
    },
    "5": {
        "clone_proportion": {
            "0": 1.0
        },
        "mrca": 0,
        "size": 46393
    },
    "6": {
        "clone_proportion": {
            "0": 1.0
        },
        "mrca": 0,
        "size": 46393
    },
    "7": {
        "clone_proportion": {
            "0": 0.07959628746766749,
            "1": 0.02058122432418725,
            "2": 0.8998224882081453
        },
        "mrca": 0,
        "size": 98585
    },
    "8": {
        "clone_proportion": {
            "0": 0.7508609365569638,
            "1": 0.03601732523875457,
            "2": 0.2131217382042816
        },
        "mrca": 0,
        "size": 56334
    },
    "9": {
        "clone_proportion": {
            "0": 1.0
        },
        "mrca": 0,
        "size": 49292
    }
}