{
    "0": {
        "clone_proportion": {
            "9": 0.22311993365258567,
            "10": 0.06447470504828914,
            "11": 0.7124053612991251
        },
        "mrca": 6,
        "size": 37379
    },
    "1": {
        "clone_proportion": {
            "11": 1.0
        },
        "mrca": 11,
        "size": 52954
    },
    "2": {
        "clone_proportion": {
            "0": 1.0
        },
        "mrca": 0,
        "size": 45389
    },
    "3": {
        "clone_proportion": {
            "0": 1.0
        },
        "mrca": 0,
        "size": 105909
    },
    "4": {
        "clone_proportion": {
            "0": 1.0
        },
        "mrca": 0,
        "size": 42363
    },
    "5": {
        "clone_proportion": {
            "11": 0.7277047761428909,
            "12": 0.13137146903768981,
            "13": 0.00015736879376819577,
            "14": 0.027602486426941537,
            "15": 0.11316389959870958
        },
        "mrca": 1,
        "size": 63545
    },
    "6": {
        "clone_proportion": {
            "2": 0.29385067636894685,
            "3": 0.047544110334061425,
            "5": 0.06512529663924262,
            "6": 0.3456122571020313,
            "7": 0.02997551349275791,
            "8": 6.924205132724422e-05,
            "9": 0.1067712431466106,
            "10": 0.015170303972605327,
            "11": 0.09588135689241674
        },
        "mrca": 0,
        "size": 158863
    },
    "7": {
        "clone_proportion": {
            "2": 1.0
        },
        "mrca": 2,
        "size": 158863
    },
    "8": {
        "clone_proportion": {
            "0": 1.0
        },
        "mrca": 0,
        "size": 45389
    },
    "9": {
        "clone_proportion": {
            "11": 1.0
        },
        "mrca": 11,
        "size": 48881
    }
}