{
    "0": {
        "clone_proportion": {
            "0": 1.0
        },
        "mrca": 0,
        "size": 27858
    },
    "1": {
        "clone_proportion": {
            "1": 1.0
        },
        "mrca": 1,
        "size": 15477
    },
    "2": {
        "clone_proportion": {
            "0": 1.0
        },
        "mrca": 0,
        "size": 34823
    },
    "3": {
        "clone_proportion": {
            "5": 1.0
        },
        "mrca": 5,
        "size": 21429
    },
    "4": {
        "clone_proportion": {
            "1": 1.0
        },
        "mrca": 1,
        "size": 13929
    },
    "5": {
        "clone_proportion": {
            "1": 1.0
        },
        "mrca": 1,
        "size": 30954
    },
    "6": {
        "clone_proportion": {
            "0": 0.21790476874203565,
            "1": 0.7820952312579643
        },
        "mrca": 0,
        "size": 55717
    },
    "7": {
        "clone_proportion": {
            "3": 0.9807882834374327,
            "5": 0.019211716562567305
        },
        "mrca": 3,
        "size": 23215
    },
    "8": {
        "clone_proportion": {
            "1": 1.0
        },
        "mrca": 1,
        "size": 19899
    },
    "9": {
        "clone_proportion": {
            "1": 0.03187594227869912,
            "3": 0.9681240577213008
        },
        "mrca": 1,
        "size": 27858
    }
}