{
    "N_max": 164386,
    "M": 164386,
    "picking": "adjacent",
    "mutation_rate": 11.465521327469325,
    "P_death": 0.11942049989582913,
    "D": 640,
    "new_clone_frequency": 0.007595079816750144,
    "depth_sequencing": 100,
    "min_alt_reads": 2,
    "n_sequencing": 10,
    "max_horizontal": 2
}