{
    "0": {
        "clone_proportion": {
            "1": 1.0
        },
        "mrca": 1,
        "size": 15938
    },
    "1": {
        "clone_proportion": {
            "0": 1.0
        },
        "mrca": 0,
        "size": 31877
    },
    "2": {
        "clone_proportion": {
            "0": 1.0
        },
        "mrca": 0,
        "size": 31877
    },
    "3": {
        "clone_proportion": {
            "0": 1.0
        },
        "mrca": 0,
        "size": 63754
    },
    "4": {
        "clone_proportion": {
            "0": 0.8984381433394636,
            "1": 0.10156185666053635
        },
        "mrca": 0,
        "size": 36431
    },
    "5": {
        "clone_proportion": {
            "1": 1.0
        },
        "mrca": 1,
        "size": 25501
    },
    "6": {
        "clone_proportion": {
            "1": 1.0
        },
        "mrca": 1,
        "size": 15001
    },
    "7": {
        "clone_proportion": {
            "0": 1.0
        },
        "mrca": 0,
        "size": 28335
    },
    "8": {
        "clone_proportion": {
            "1": 0.5715899064760896,
            "3": 0.08275983765660844,
            "4": 0.3456502558673019
        },
        "mrca": 1,
        "size": 28335
    },
    "9": {
        "clone_proportion": {
            "0": 1.0
        },
        "mrca": 0,
        "size": 28335
    }
}