{
    "0": {
        "clone_proportion": {
            "0": 0.9587284556039987,
            "1": 0.0412715443960013
        },
        "mrca": 0,
        "size": 132343
    },
    "1": {
        "clone_proportion": {
            "0": 1.0
        },
        "mrca": 0,
        "size": 132343
    },
    "2": {
        "clone_proportion": {
            "1": 1.0
        },
        "mrca": 1,
        "size": 44114
    },
    "3": {
        "clone_proportion": {
            "0": 1.0
        },
        "mrca": 0,
        "size": 26468
    },
    "4": {
        "clone_proportion": {
            "0": 1.0
        },
        "mrca": 0,
        "size": 23354
    },
    "5": {
        "clone_proportion": {
            "0": 0.824169458227338,
            "1": 0.17583054177266202
        },
        "mrca": 0,
        "size": 39703
    },
    "6": {
        "clone_proportion": {
            "0": 1.0
        },
        "mrca": 0,
        "size": 66171
    },
    "7": {
        "clone_proportion": {
            "1": 1.0
        },
        "mrca": 1,
        "size": 132343
    },
    "8": {
        "clone_proportion": {
            "0": 1.0
        },
        "mrca": 0,
        "size": 66171
    },
    "9": {
        "clone_proportion": {
            "1": 1.0
        },
        "mrca": 1,
        "size": 44114
    }
}