{
    "0": {
        "clone_proportion": {
            "2": 1.0
        },
        "mrca": 2,
        "size": 207044
    },
    "1": {
        "clone_proportion": {
            "2": 0.905644680249898,
            "3": 0.09435531975010203
        },
        "mrca": 2,
        "size": 63706
    },
    "2": {
        "clone_proportion": {
            "2": 1.0
        },
        "mrca": 2,
        "size": 82817
    },
    "3": {
        "clone_proportion": {
            "2": 0.08259273570324575,
            "3": 0.9174072642967542
        },
        "mrca": 2,
        "size": 41408
    },
    "4": {
        "clone_proportion": {
            "2": 1.0
        },
        "mrca": 2,
        "size": 69014
    },
    "5": {
        "clone_proportion": {
            "3": 1.0
        },
        "mrca": 3,
        "size": 138029
    },
    "6": {
        "clone_proportion": {
            "1": 1.0
        },
        "mrca": 1,
        "size": 75289
    },
    "7": {
        "clone_proportion": {
            "3": 1.0
        },
        "mrca": 3,
        "size": 59155
    },
    "8": {
        "clone_proportion": {
            "3": 1.0
        },
        "mrca": 3,
        "size": 63706
    },
    "9": {
        "clone_proportion": {
            "2": 0.3591969359244027,
            "3": 0.6408030640755973
        },
        "mrca": 2,
        "size": 63706
    }
}