{
    "0": {
        "clone_proportion": {
            "4": 1.0
        },
        "mrca": 4,
        "size": 280181
    },
    "1": {
        "clone_proportion": {
            "8": 0.27876332029014644,
            "9": 0.29705986977434773,
            "10": 0.4241768099355058
        },
        "mrca": 8,
        "size": 64657
    },
    "2": {
        "clone_proportion": {
            "4": 1.0
        },
        "mrca": 4,
        "size": 168108
    },
    "3": {
        "clone_proportion": {
            "0": 1.0
        },
        "mrca": 0,
        "size": 70045
    },
    "4": {
        "clone_proportion": {
            "4": 0.9508995970461951,
            "5": 0.000621027121753438,
            "7": 0.0026625645564831305,
            "8": 0.045816811275568296
        },
        "mrca": 0,
        "size": 280181
    },
    "5": {
        "clone_proportion": {
            "4": 1.0
        },
        "mrca": 4,
        "size": 93393
    },
    "6": {
        "clone_proportion": {
            "4": 1.0
        },
        "mrca": 4,
        "size": 168108
    },
    "7": {
        "clone_proportion": {
            "0": 0.8321317248435529,
            "1": 0.16786827515644703
        },
        "mrca": 0,
        "size": 168108
    },
    "8": {
        "clone_proportion": {
            "4": 1.0
        },
        "mrca": 4,
        "size": 64657
    },
    "9": {
        "clone_proportion": {
            "4": 1.0
        },
        "mrca": 4,
        "size": 168108
    }
}