{
    "N_max": 986447,
    "M": 986447,
    "picking": "adjacent",
    "mutation_rate": 26.18792668820226,
    "P_death": 0.12886559660194627,
    "D": 640,
    "new_clone_frequency": 0.025174266119135646,
    "depth_sequencing": 100,
    "min_alt_reads": 2,
    "n_sequencing": 10,
    "max_horizontal": 2
}