{
    "0": {
        "clone_proportion": {
            "1": 1.0
        },
        "mrca": 1,
        "size": 423464
    },
    "1": {
        "clone_proportion": {
            "0": 1.0
        },
        "mrca": 0,
        "size": 846928
    },
    "2": {
        "clone_proportion": {
            "0": 1.0
        },
        "mrca": 0,
        "size": 846928
    },
    "3": {
        "clone_proportion": {
            "0": 1.0
        },
        "mrca": 0,
        "size": 1693856
    },
    "4": {
        "clone_proportion": {
            "1": 1.0
        },
        "mrca": 1,
        "size": 445751
    },
    "5": {
        "clone_proportion": {
            "1": 1.0
        },
        "mrca": 1,
        "size": 1058660
    },
    "6": {
        "clone_proportion": {
            "0": 0.3682131619468434,
            "1": 0.6317868380531566
        },
        "mrca": 0,
        "size": 2823093
    },
    "7": {
        "clone_proportion": {
            "1": 1.0
        },
        "mrca": 1,
        "size": 769934
    },
    "8": {
        "clone_proportion": {
            "1": 1.0
        },
        "mrca": 1,
        "size": 1058660
    },
    "9": {
        "clone_proportion": {
            "1": 1.0
        },
        "mrca": 1,
        "size": 2823093
    },
    "10": {
        "clone_proportion": {
            "1": 1.0
        },
        "mrca": 1,
        "size": 564618
    },
    "11": {
        "clone_proportion": {
            "1": 1.0
        },
        "mrca": 1,
        "size": 1209897
    },
    "12": {
        "clone_proportion": {
            "1": 0.5591946842196863,
            "2": 0.4408053157803136
        },
        "mrca": 0,
        "size": 769934
    },
    "13": {
        "clone_proportion": {
            "1": 1.0
        },
        "mrca": 1,
        "size": 423464
    },
    "14": {
        "clone_proportion": {
            "1": 1.0
        },
        "mrca": 1,
        "size": 470515
    },
    "15": {
        "clone_proportion": {
            "0": 1.0
        },
        "mrca": 0,
        "size": 529330
    },
    "16": {
        "clone_proportion": {
            "1": 0.8759582868909754,
            "2": 0.12404171310902462
        },
        "mrca": 0,
        "size": 2117320
    },
    "17": {
        "clone_proportion": {
            "1": 0.7500909168193755,
            "2": 0.24990908318062457
        },
        "mrca": 0,
        "size": 1693856
    },
    "18": {
        "clone_proportion": {
            "1": 1.0
        },
        "mrca": 1,
        "size": 445751
    },
    "19": {
        "clone_proportion": {
            "1": 1.0
        },
        "mrca": 1,
        "size": 705773
    },
    "20": {
        "clone_proportion": {
            "0": 1.0
        },
        "mrca": 0,
        "size": 604948
    },
    "21": {
        "clone_proportion": {
            "1": 1.0
        },
        "mrca": 1,
        "size": 846928
    },
    "22": {
        "clone_proportion": {
            "1": 1.0
        },
        "mrca": 1,
        "size": 423464
    },
    "23": {
        "clone_proportion": {
            "1": 1.0
        },
        "mrca": 1,
        "size": 470515
    },
    "24": {
        "clone_proportion": {
            "1": 1.0
        },
        "mrca": 1,
        "size": 564618
    },
    "25": {
        "clone_proportion": {
            "1": 1.0
        },
        "mrca": 1,
        "size": 2117320
    },
    "26": {
        "clone_proportion": {
            "1": 1.0
        },
        "mrca": 1,
        "size": 470515
    },
    "27": {
        "clone_proportion": {
            "1": 1.0
        },
        "mrca": 1,
        "size": 941031
    },
    "28": {
        "clone_proportion": {
            "1": 1.0
        },
        "mrca": 1,
        "size": 846928
    },
    "29": {
        "clone_proportion": {
            "0": 1.0
        },
        "mrca": 0,
        "size": 445751
    },
    "30": {
        "clone_proportion": {
            "1": 1.0
        },
        "mrca": 1,
        "size": 1058660
    },
    "31": {
        "clone_proportion": {
            "1": 1.0
        },
        "mrca": 1,
        "size": 1058660
    },
    "32": {
        "clone_proportion": {
            "0": 0.3685051709260626,
            "1": 0.6314948290739374
        },
        "mrca": 0,
        "size": 705773
    },
    "33": {
        "clone_proportion": {
            "0": 1.0
        },
        "mrca": 0,
        "size": 941031
    },
    "34": {
        "clone_proportion": {
            "1": 1.0
        },
        "mrca": 1,
        "size": 705773
    },
    "35": {
        "clone_proportion": {
            "1": 1.0
        },
        "mrca": 1,
        "size": 2823093
    },
    "36": {
        "clone_proportion": {
            "1": 1.0
        },
        "mrca": 1,
        "size": 470515
    },
    "37": {
        "clone_proportion": {
            "1": 1.0
        },
        "mrca": 1,
        "size": 529330
    },
    "38": {
        "clone_proportion": {
            "1": 1.0
        },
        "mrca": 1,
        "size": 1209897
    },
    "39": {
        "clone_proportion": {
            "1": 1.0
        },
        "mrca": 1,
        "size": 941031
    },
    "40": {
        "clone_proportion": {
            "1": 1.0
        },
        "mrca": 1,
        "size": 705773
    },
    "41": {
        "clone_proportion": {
            "1": 1.0
        },
        "mrca": 1,
        "size": 846928
    },
    "42": {
        "clone_proportion": {
            "1": 0.9136798663968911,
            "2": 0.08632013360310885
        },
        "mrca": 0,
        "size": 498192
    },
    "43": {
        "clone_proportion": {
            "0": 0.14417342963905191,
            "1": 0.8558265703609481
        },
        "mrca": 0,
        "size": 1209897
    },
    "44": {
        "clone_proportion": {
            "1": 1.0
        },
        "mrca": 1,
        "size": 651483
    },
    "45": {
        "clone_proportion": {
            "1": 0.810972575115308,
            "2": 0.16902170775103761,
            "3": 0.0007686604727509863,
            "4": 0.0016843228331478984,
            "5": 8.430469701139849e-05,
            "6": 1.0626642480428382e-06,
            "7": 9.351445382776976e-05,
            "8": 0.0010527460483944382,
            "9": 0.016321105964273937
        },
        "mrca": 0,
        "size": 2823093
    },
    "46": {
        "clone_proportion": {
            "0": 1.0
        },
        "mrca": 0,
        "size": 846928
    },
    "47": {
        "clone_proportion": {
            "0": 1.0
        },
        "mrca": 0,
        "size": 423464
    },
    "48": {
        "clone_proportion": {
            "0": 0.12750416918754331,
            "1": 0.8724958308124567
        },
        "mrca": 0,
        "size": 705773
    },
    "49": {
        "clone_proportion": {
            "1": 1.0
        },
        "mrca": 1,
        "size": 2117320
    },
    "50": {
        "clone_proportion": {
            "1": 1.0
        },
        "mrca": 1,
        "size": 1058660
    },
    "51": {
        "clone_proportion": {
            "1": 1.0
        },
        "mrca": 1,
        "size": 1058660
    },
    "52": {
        "clone_proportion": {
            "1": 1.0
        },
        "mrca": 1,
        "size": 705773
    },
    "53": {
        "clone_proportion": {
            "1": 1.0
        },
        "mrca": 1,
        "size": 498192
    },
    "54": {
        "clone_proportion": {
            "0": 1.0
        },
        "mrca": 0,
        "size": 445751
    },
    "55": {
        "clone_proportion": {
            "0": 0.4839183496117734,
            "1": 0.5160816503882266
        },
        "mrca": 0,
        "size": 1058660
    },
    "56": {
        "clone_proportion": {
            "1": 1.0
        },
        "mrca": 1,
        "size": 604948
    },
    "57": {
        "clone_proportion": {
            "1": 1.0
        },
        "mrca": 1,
        "size": 941031
    },