{
    "0": {
        "clone_proportion": {
            "0": 1.0
        },
        "mrca": 0,
        "size": 10469
    },
    "1": {
        "clone_proportion": {
            "3": 1.0
        },
        "mrca": 3,
        "size": 11865
    },
    "2": {
        "clone_proportion": {
            "1": 1.0
        },
        "mrca": 1,
        "size": 14831
    },
    "3": {
        "clone_proportion": {
            "0": 1.0
        },
        "mrca": 0,
        "size": 8898
    },
    "4": {
        "clone_proportion": {
            "7": 0.31431701972242515,
            "8": 0.6856829802775749
        },
        "mrca": 3,
        "size": 13690
    },
    "5": {
        "clone_proportion": {
            "0": 0.3180944674825528,
            "1": 0.6819055325174471
        },
        "mrca": 0,
        "size": 9887
    },
    "6": {
        "clone_proportion": {
            "0": 1.0
        },
        "mrca": 0,
        "size": 10469
    },
    "7": {
        "clone_proportion": {
            "1": 1.0
        },
        "mrca": 1,
        "size": 29663
    },
    "8": {
        "clone_proportion": {
            "0": 1.0
        },
        "mrca": 0,
        "size": 35595
    },
    "9": {
        "clone_proportion": {
            "6": 1.0
        },
        "mrca": 6,
        "size": 9367
    }
}