{
    "0": {
        "clone_proportion": {
            "4": 0.38850737941877567,
            "5": 0.6114926205812243
        },
        "mrca": 4,
        "size": 98585
    },
    "1": {
        "clone_proportion": {
            "0": 0.6757231032961236,
            "1": 0.3242768967038763
        },
        "mrca": 0,
        "size": 197171
    },
    "2": {
        "clone_proportion": {
            "0": 1.0
        },
        "mrca": 0,
        "size": 87631
    },
    "3": {
        "clone_proportion": {
            "0": 1.0
        },
        "mrca": 0,
        "size": 65723
    },
    "4": {
        "clone_proportion": {
            "1": 1.0
        },
        "mrca": 1,
        "size": 71698
    },
    "5": {
        "clone_proportion": {
            "1": 0.5943893950056106,
            "2": 0.001388386998611613,
            "3": 0.012423210787576789,
            "4": 0.2020806785979193,
            "5": 0.18971832861028168
        },
        "mrca": 0,
        "size": 262895
    },
    "6": {
        "clone_proportion": {
            "0": 1.0
        },
        "mrca": 0,
        "size": 39434
    },
    "7": {
        "clone_proportion": {
            "1": 0.4398805078416729,
            "2": 0.00879327374786191,
            "3": 0.0786817316726493,
            "4": 0.4726444867378159
        },
        "mrca": 0,
        "size": 41509
    },
    "8": {
        "clone_proportion": {
            "0": 1.0
        },
        "mrca": 0,
        "size": 41509
    },
    "9": {
        "clone_proportion": {
            "0": 1.0
        },
        "mrca": 0,
        "size": 78868
    }
}