{
    "N_max": 332573,
    "M": 332573,
    "picking": "adjacent",
    "mutation_rate": 19.6581800978758,
    "P_death": 0.16233384815536508,
    "D": 640,
    "new_clone_frequency": 0.003657859438819751,
    "depth_sequencing": 100,
    "min_alt_reads": 2,
    "n_sequencing": 10,
    "max_horizontal": 2
}