{
    "0": {
        "clone_proportion": {
            "0": 1.0
        },
        "mrca": 0,
        "size": 137543
    },
    "1": {
        "clone_proportion": {
            "0": 1.0
        },
        "mrca": 0,
        "size": 45847
    },
    "2": {
        "clone_proportion": {
            "0": 1.0
        },
        "mrca": 0,
        "size": 51578
    },
    "3": {
        "clone_proportion": {
            "0": 1.0
        },
        "mrca": 0,
        "size": 91695
    },
    "4": {
        "clone_proportion": {
            "2": 0.7909966676764617,
            "3": 0.20900333232353832
        },
        "mrca": 2,
        "size": 82525
    },
    "5": {
        "clone_proportion": {
            "0": 1.0
        },
        "mrca": 0,
        "size": 48544
    },
    "6": {
        "clone_proportion": {
            "0": 1.0
        },
        "mrca": 0,
        "size": 206314
    },
    "7": {
        "clone_proportion": {
            "0": 1.0
        },
        "mrca": 0,
        "size": 137543
    },
    "8": {
        "clone_proportion": {
            "1": 0.4908301070578185,
            "2": 0.5091698929421815
        },
        "mrca": 0,
        "size": 55017
    },
    "9": {
        "clone_proportion": {
            "1": 0.5017842969748745,
            "2": 0.4982157030251256
        },
        "mrca": 0,
        "size": 165051
    }
}