{
    "0": {
        "clone_proportion": {
            "0": 1.0
        },
        "mrca": 0,
        "size": 32689
    },
    "1": {
        "clone_proportion": {
            "4": 1.0
        },
        "mrca": 4,
        "size": 34410
    },
    "2": {
        "clone_proportion": {
            "4": 0.7961087827709628,
            "6": 0.2038912172290373
        },
        "mrca": 4,
        "size": 32689
    },
    "3": {
        "clone_proportion": {
            "1": 0.8175485931391443,
            "3": 0.18245140686085567
        },
        "mrca": 1,
        "size": 36322
    },
    "4": {
        "clone_proportion": {
            "4": 1.0
        },
        "mrca": 4,
        "size": 36322
    },
    "5": {
        "clone_proportion": {
            "4": 1.0
        },
        "mrca": 4,
        "size": 108966
    },
    "6": {
        "clone_proportion": {
            "4": 1.0
        },
        "mrca": 4,
        "size": 38458
    },
    "7": {
        "clone_proportion": {
            "4": 1.0
        },
        "mrca": 4,
        "size": 65379
    },
    "8": {
        "clone_proportion": {
            "0": 1.0
        },
        "mrca": 0,
        "size": 40862
    },
    "9": {
        "clone_proportion": {
            "3": 0.8826527334632434,
            "4": 0.11734726653675667
        },
        "mrca": 1,
        "size": 46699
    }
}