{
    "0": {
        "clone_proportion": {
            "7": 0.9999235590888244,
            "8": 7.644091117566121e-05
        },
        "mrca": 5,
        "size": 52328
    },
    "1": {
        "clone_proportion": {
            "3": 0.45967948209103976,
            "4": 0.0007276479771386236,
            "5": 0.5395928699318215
        },
        "mrca": 2,
        "size": 226758
    },
    "2": {
        "clone_proportion": {
            "5": 1.0
        },
        "mrca": 5,
        "size": 56689
    },
    "3": {
        "clone_proportion": {
            "7": 0.08140909171091393,
            "8": 0.29898216585228177,
            "9": 0.6196087424368043
        },
        "mrca": 5,
        "size": 56689
    },
    "4": {
        "clone_proportion": {
            "5": 0.3002848852080191,
            "6": 0.0002910591908554494,
            "7": 0.6992741160179575,
            "8": 0.0001499395831679588
        },
        "mrca": 3,
        "size": 113379
    },
    "5": {
        "clone_proportion": {
            "7": 1.0
        },
        "mrca": 7,
        "size": 34013
    },
    "6": {
        "clone_proportion": {
            "5": 1.0
        },
        "mrca": 5,
        "size": 42517
    },
    "7": {
        "clone_proportion": {
            "7": 0.6251980819493321,
            "8": 0.34880945030972815,
            "9": 0.02599246774093968
        },
        "mrca": 5,
        "size": 48591
    },
    "8": {
        "clone_proportion": {
            "5": 0.8447385751581721,
            "6": 0.00019404003104640495,
            "7": 0.15506738481078158
        },
        "mrca": 3,
        "size": 170068
    },
    "9": {
        "clone_proportion": {
            "5": 1.0
        },
        "mrca": 5,
        "size": 37793
    }
}