{
    "0": {
        "clone_proportion": {
            "0": 1.0
        },
        "mrca": 0,
        "size": 19632
    },
    "1": {
        "clone_proportion": {
            "0": 1.0
        },
        "mrca": 0,
        "size": 16827
    },
    "2": {
        "clone_proportion": {
            "4": 1.0
        },
        "mrca": 4,
        "size": 14724
    },
    "3": {
        "clone_proportion": {
            "1": 1.0
        },
        "mrca": 1,
        "size": 13857
    },
    "4": {
        "clone_proportion": {
            "0": 1.0
        },
        "mrca": 0,
        "size": 13088
    },
    "5": {
        "clone_proportion": {
            "0": 1.0
        },
        "mrca": 0,
        "size": 26176
    },
    "6": {
        "clone_proportion": {
            "0": 1.0
        },
        "mrca": 0,
        "size": 21416
    },
    "7": {
        "clone_proportion": {
            "0": 0.6460540613963597,
            "1": 0.3539459386036403
        },
        "mrca": 0,
        "size": 29448
    },
    "8": {
        "clone_proportion": {
            "0": 1.0
        },
        "mrca": 0,
        "size": 78528
    },
    "9": {
        "clone_proportion": {
            "1": 0.2585266464333468,
            "2": 0.7414733535666532
        },
        "mrca": 0,
        "size": 47117
    }
}