{
    "0": {
        "clone_proportion": {
            "3": 0.7144456317101715,
            "4": 0.2855543682898285
        },
        "mrca": 2,
        "size": 19653
    },
    "1": {
        "clone_proportion": {
            "2": 1.0
        },
        "mrca": 2,
        "size": 15029
    },
    "2": {
        "clone_proportion": {
            "6": 1.0
        },
        "mrca": 6,
        "size": 23227
    },
    "3": {
        "clone_proportion": {
            "6": 1.0
        },
        "mrca": 6,
        "size": 28389
    },
    "4": {
        "clone_proportion": {
            "6": 1.0
        },
        "mrca": 6,
        "size": 14194
    },
    "5": {
        "clone_proportion": {
            "2": 0.014794462643981824,
            "3": 0.9852055373560181
        },
        "mrca": 2,
        "size": 28389
    },
    "6": {
        "clone_proportion": {
            "6": 0.30379647749510763,
            "7": 0.6962035225048924
        },
        "mrca": 3,
        "size": 12775
    },
    "7": {
        "clone_proportion": {
            "6": 0.8408383725708918,
            "7": 0.1591616274291082
        },
        "mrca": 3,
        "size": 17033
    },
    "8": {
        "clone_proportion": {
            "7": 0.40907578681216317,
            "9": 0.5909242131878368
        },
        "mrca": 3,
        "size": 15029
    },
    "9": {
        "clone_proportion": {
            "2": 0.4709335775593833,
            "3": 0.3484683034508671,
            "4": 0.08911902497446193,
            "6": 0.09147909401528762
        },
        "mrca": 2,
        "size": 85167
    }
}