{
    "0": {
        "clone_proportion": {
            "0": 1.0
        },
        "mrca": 0,
        "size": 7142
    },
    "1": {
        "clone_proportion": {
            "0": 1.0
        },
        "mrca": 0,
        "size": 7142
    },
    "2": {
        "clone_proportion": {
            "0": 0.09594383775351015,
            "1": 0.11102444097763911,
            "2": 0.26885075403016123,
            "3": 0.0037701508060322413,
            "4": 0.00013000520020800833,
            "5": 0.02483099323972959,
            "6": 0.008320332813312533,
            "7": 0.008840353614144566,
            "8": 0.4425377015080603,
            "9": 0.035751430057202285
        },
        "mrca": 0,
        "size": 7692
    },
    "3": {
        "clone_proportion": {
            "0": 1.0
        },
        "mrca": 0,
        "size": 9090
    },
    "4": {
        "clone_proportion": {
            "0": 1.0
        },
        "mrca": 0,
        "size": 25000
    },
    "5": {
        "clone_proportion": {
            "0": 1.0
        },
        "mrca": 0,
        "size": 8333
    },
    "6": {
        "clone_proportion": {
            "0": 0.29792979297929795,
            "1": 0.15373537353735373,
            "2": 0.3722772277227723,
            "3": 0.00522052205220522,
            "4": 0.00018001800180018,
            "5": 0.03438343834383439,
            "6": 0.01152115211521152,
            "7": 0.012241224122412242,
            "8": 0.11251125112511251
        },
        "mrca": 0,
        "size": 5555
    },
    "7": {
        "clone_proportion": {
            "0": 1.0
        },
        "mrca": 0,
        "size": 12500
    },
    "8": {
        "clone_proportion": {
            "0": 1.0
        },
        "mrca": 0,
        "size": 7692
    },
    "9": {
        "clone_proportion": {
            "0": 1.0
        },
        "mrca": 0,
        "size": 10000
    }
}