{
    "0": {
        "clone_proportion": {
            "0": 1.0
        },
        "mrca": 0,
        "size": 93762
    },
    "1": {
        "clone_proportion": {
            "1": 1.0
        },
        "mrca": 1,
        "size": 44413
    },
    "2": {
        "clone_proportion": {
            "3": 0.6290572969129584,
            "4": 0.3709427030870415
        },
        "mrca": 1,
        "size": 84385
    },
    "3": {
        "clone_proportion": {
            "0": 0.47838498894363746,
            "1": 0.5216150110563625
        },
        "mrca": 0,
        "size": 281286
    },
    "4": {
        "clone_proportion": {
            "0": 1.0
        },
        "mrca": 0,
        "size": 168771
    },
    "5": {
        "clone_proportion": {
            "1": 1.0
        },
        "mrca": 1,
        "size": 49638
    },
    "6": {
        "clone_proportion": {
            "1": 1.0
        },
        "mrca": 1,
        "size": 60275
    },
    "7": {
        "clone_proportion": {
            "0": 1.0
        },
        "mrca": 0,
        "size": 105482
    },
    "8": {
        "clone_proportion": {
            "3": 0.5993690851735016,
            "4": 0.40063091482649843
        },
        "mrca": 1,
        "size": 76714
    },
    "9": {
        "clone_proportion": {
            "1": 1.0
        },
        "mrca": 1,
        "size": 281286
    }
}