{
    "0": {
        "clone_proportion": {
            "0": 1.0
        },
        "mrca": 0,
        "size": 39059
    },
    "1": {
        "clone_proportion": {
            "0": 1.0
        },
        "mrca": 0,
        "size": 27041
    },
    "2": {
        "clone_proportion": {
            "0": 0.5714285714285714,
            "1": 0.42857142857142855
        },
        "mrca": 0,
        "size": 27041
    },
    "3": {
        "clone_proportion": {
            "0": 1.0
        },
        "mrca": 0,
        "size": 20678
    },
    "4": {
        "clone_proportion": {
            "0": 0.8576792770035586,
            "1": 0.14232072299644133
        },
        "mrca": 0,
        "size": 117179
    },
    "5": {
        "clone_proportion": {
            "0": 1.0
        },
        "mrca": 0,
        "size": 39059
    },
    "6": {
        "clone_proportion": {
            "0": 1.0
        },
        "mrca": 0,
        "size": 20678
    },
    "7": {
        "clone_proportion": {
            "0": 1.0
        },
        "mrca": 0,
        "size": 50219
    },
    "8": {
        "clone_proportion": {
            "0": 1.0
        },
        "mrca": 0,
        "size": 18501
    },
    "9": {
        "clone_proportion": {
            "0": 0.6433480497018798,
            "1": 0.35665195029812025
        },
        "mrca": 0,
        "size": 43942
    }
}