{
    "N_max": 269092,
    "M": 269092,
    "picking": "adjacent",
    "mutation_rate": 27.026257775475766,
    "P_death": 0.134883156070333,
    "D": 640,
    "new_clone_frequency": 0.006411299795305039,
    "depth_sequencing": 100,
    "min_alt_reads": 2,
    "n_sequencing": 10,
    "max_horizontal": 2
}