{
    "0": {
        "clone_proportion": {
            "1": 1.0
        },
        "mrca": 1,
        "size": 34410
    },
    "1": {
        "clone_proportion": {
            "2": 0.35495495495495494,
            "3": 0.01941296134844522,
            "4": 0.6256320836965998
        },
        "mrca": 2,
        "size": 34410
    },
    "2": {
        "clone_proportion": {
            "0": 1.0
        },
        "mrca": 0,
        "size": 81724
    },
    "3": {
        "clone_proportion": {
            "0": 1.0
        },
        "mrca": 0,
        "size": 65379
    },
    "4": {
        "clone_proportion": {
            "0": 1.0
        },
        "mrca": 0,
        "size": 40862
    },
    "5": {
        "clone_proportion": {
            "0": 1.0
        },
        "mrca": 0,
        "size": 34410
    },
    "6": {
        "clone_proportion": {
            "2": 0.2959946405546659,
            "3": 0.00306516222875838,
            "4": 0.47538004799640254,
            "7": 0.22556014922017317
        },
        "mrca": 2,
        "size": 217933
    },
    "7": {
        "clone_proportion": {
            "2": 0.1699378395575351,
            "3": 0.01634770691596104,
            "4": 0.8137144535265038
        },
        "mrca": 2,
        "size": 40862
    },
    "8": {
        "clone_proportion": {
            "0": 0.1073234524847428,
            "1": 0.8926765475152572
        },
        "mrca": 0,
        "size": 34410
    },
    "9": {
        "clone_proportion": {
            "0": 1.0
        },
        "mrca": 0,
        "size": 38458
    }
}