{
    "0": {
        "clone_proportion": {
            "0": 0.17155035493176882,
            "1": 0.8284496450682312
        },
        "mrca": 0,
        "size": 61702
    },
    "1": {
        "clone_proportion": {
            "0": 1.0
        },
        "mrca": 0,
        "size": 42717
    },
    "2": {
        "clone_proportion": {
            "0": 1.0
        },
        "mrca": 0,
        "size": 79332
    },
    "3": {
        "clone_proportion": {
            "0": 1.0
        },
        "mrca": 0,
        "size": 30851
    },
    "4": {
        "clone_proportion": {
            "1": 0.7841854484949327,
            "2": 0.21581455150506731
        },
        "mrca": 0,
        "size": 79332
    },
    "5": {
        "clone_proportion": {
            "2": 0.04486062090326298,
            "3": 0.1928113520132536,
            "4": 0.7623280270834834
        },
        "mrca": 0,
        "size": 69415
    },
    "6": {
        "clone_proportion": {
            "1": 0.12059446377250038,
            "2": 0.33451822719709573,
            "3": 0.07230373619724702,
            "4": 0.4725835728331569
        },
        "mrca": 0,
        "size": 185108
    },
    "7": {
        "clone_proportion": {
            "0": 0.4304189986386326,
            "1": 0.5695810013613675
        },
        "mrca": 0,
        "size": 92554
    },
    "8": {
        "clone_proportion": {
            "0": 0.5430094360008644,
            "1": 0.4569905639991356
        },
        "mrca": 0,
        "size": 69415
    },
    "9": {
        "clone_proportion": {
            "4": 0.7016791968666997,
            "5": 0.29832080313330034
        },
        "mrca": 0,
        "size": 111065
    }
}