{
    "n_event": 437907,
    "config": {
        "N_max": 437907,
        "M": 437907,
        "picking": "adjacent",
        "mutation_rate": 48.311505556136986,
        "P_death": 0.035760159667409586,
        "D": 640,
        "new_clone_frequency": 0.0006663683688727315,
        "depth_sequencing": 100,
        "min_alt_reads": 2,
        "n_sequencing": 10,
        "max_horizontal": 2
    },
    "clone_proportion": {
        "0": 0.9999300242863985,
        "1": 6.9975713601469e-05
    },
    "clones": [
        {
            "id": 0,
            "fitness": 0,
            "ancestor": null,
            "dead_lineage": false,
            "size": 844451,
            "tmb": 100
        },
        {
            "id": 1,
            "fitness": 0.7628460990616992,
            "ancestor": 0,
            "dead_lineage": false,
            "size": 59,
            "tmb": 633
        },
        {
            "id": 2,
            "fitness": 1.0042591144906128,
            "ancestor": 0,
            "dead_lineage": true,
            "size": 1,
            "tmb": 636
        }
    ]
}