{
    "0": {
        "clone_proportion": {
            "3": 1.0
        },
        "mrca": 3,
        "size": 40855
    },
    "1": {
        "clone_proportion": {
            "3": 0.20467502269180954,
            "4": 0.04419038683161147,
            "6": 0.751134590476579
        },
        "mrca": 2,
        "size": 98053
    },
    "2": {
        "clone_proportion": {
            "3": 1.0
        },
        "mrca": 3,
        "size": 61283
    },
    "3": {
        "clone_proportion": {
            "3": 0.25014889815366287,
            "4": 0.03535209314089437,
            "6": 0.620011911852293,
            "7": 0.09198234435043691,
            "9": 0.002504752502712802
        },
        "mrca": 0,
        "size": 122567
    },
    "4": {
        "clone_proportion": {
            "3": 0.9900134622445234,
            "4": 0.009986537755476687
        },
        "mrca": 2,
        "size": 40855
    },
    "5": {
        "clone_proportion": {
            "0": 0.6725186993760416,
            "1": 0.05441227764213463,
            "2": 0.27306902298182384
        },
        "mrca": 0,
        "size": 25803
    },
    "6": {
        "clone_proportion": {
            "3": 0.675665201472673,
            "4": 0.04419038683161147,
            "6": 0.2801444116957156
        },
        "mrca": 2,
        "size": 98053
    },
    "7": {
        "clone_proportion": {
            "3": 0.5818416200251293,
            "4": 0.07070476314801821,
            "6": 0.3474536168268525
        },
        "mrca": 2,
        "size": 61283
    },
    "8": {
        "clone_proportion": {
            "3": 1.0
        },
        "mrca": 3,
        "size": 98053
    },
    "9": {
        "clone_proportion": {
            "2": 0.2614123118345368,
            "3": 0.7385876881654633
        },
        "mrca": 2,
        "size": 49026
    }
}