{
    "n_event": 632911,
    "config": {
        "N_max": 632911,
        "M": 632911,
        "picking": "adjacent",
        "mutation_rate": 29.89670786508917,
        "P_death": 0.06125371877062149,
        "D": 640,
        "new_clone_frequency": 0.031233169231068475,
        "depth_sequencing": 100,
        "min_alt_reads": 2,
        "n_sequencing": 10,
        "max_horizontal": 2
    },
    "clone_proportion": {
        "0": 0.38161647102411633,
        "1": 0.4693455650151635,
        "2": 0.020080866167275904,
        "3": 0.005016520250025874,
        "4": 0.049941685561240595,
        "5": 0.0010349617020684449,
        "6": 0.008614534167216761,
        "7": 0.061081874167790776,
        "8": 0.00028526675485584027,
        "9": 0.0007488252314965807,
        "10": 0.00042529098513568867,
        "11": 0.000494868242417601,
        "12": 4.348578580119516e-06,
        "13": 0.0003739777578902784,
        "14": 2.60914714807171e-06,
        "15": 0.0002904850491519837,
        "16": 8.697157160239032e-07,
        "17": 0.000260914714807171,
        "18": 0.00011741162166322694,
        "19": 0.00012002076881129865,
        "20": 2.6961187196741e-05,
        "21": 4.783436438131468e-05,
        "22": 2.7830902912764903e-05,
        "23": 8.697157160239033e-06,
        "25": 8.697157160239032e-07,
        "26": 4.348578580119516e-06,
        "27": 8.697157160239032e-07,
        "28": 1.2176020024334646e-05,
        "29": 8.697157160239032e-07,
        "30": 2.60914714807171e-06,
        "31": 8.697157160239032e-07,
        "32": 8.697157160239032e-07,
        "33": 2.60914714807171e-06,
        "34": 2.60914714807171e-06,
        "35": 8.697157160239032e-07,
        "36": 8.697157160239032e-07,
        "37": 8.697157160239032e-07
    },
    "clones": [
        {
            "id": 0,
            "fitness": 0,
            "ancestor": null,
            "dead_lineage": false,
            "size": 453577,
            "tmb": 100
        },
        {
            "id": 1,
            "fitness": 1.3982480727255315,
            "ancestor": 0,
            "dead_lineage": false,
            "size": 557741,
            "tmb": 307
        },
        {
            "id": 2,
            "fitness": 0.8186817235605546,
            "ancestor": 0,
            "dead_lineage": false,
            "size": 23927,
            "tmb": 208
        },
        {
            "id": 3,
            "fitness": 1.8085011818294197,
            "ancestor": 1,
            "dead_lineage": false,
            "size": 5951,
            "tmb": 450
        },
        {
            "id": 4,
            "fitness": 2.810089986373173,
            "ancestor": 1,
            "dead_lineage": false,
            "size": 59357,
            "tmb": 428
        },
        {
            "id": 5,
            "fitness": 1.438068026109744,
            "ancestor": 2,
            "dead_lineage": false,
            "size": 1231,
            "tmb": 342
        },
        {
            "id": 6,
            "fitness": 2.1291229420921436,
            "ancestor": 2,
            "dead_lineage": false,
            "size": 10221,
            "tmb": 361
        },
        {
            "id": 7,
            "fitness": 3.7290644792195926,
            "ancestor": 4,
            "dead_lineage": false,
            "size": 72589,
            "tmb": 481
        },
        {
            "id": 8,
            "fitness": 2.8886967561238888,
            "ancestor": 6,
            "dead_lineage": false,
            "size": 341,
            "tmb": 484
        },
        {
            "id": 9,
            "fitness": 3.529503301460495,
            "ancestor": 6,
            "dead_lineage": false,
            "size": 893,
            "tmb": 467
        },
        {
            "id": 10,
            "fitness": 2.842055237181589,
            "ancestor": 3,
            "dead_lineage": false,
            "size": 507,
            "tmb": 749
        },
        {
            "id": 11,
            "fitness": 3.2196974839312533,
            "ancestor": 4,
            "dead_lineage": false,
            "size": 587,
            "tmb": 556
        },
        {
            "id": 12,
            "fitness": 2.3635845339532793,
            "ancestor": 5,
            "dead_lineage": false,
            "size": 5,
            "tmb": 432
        },
        {
            "id": 13,
            "fitness": 3.846256669240335,
            "ancestor": 3,
            "dead_lineage": false,
            "size": 443,
            "tmb": 807
        },
        {
            "id": 14,
            "fitness": 4.185633483418991,
            "ancestor": 7,
            "dead_lineage": false,
            "size": 3,
            "tmb": 625
        },
        {
            "id": 15,
            "fitness": 4.768896092362642,
            "ancestor": 7,
            "dead_lineage": false,
            "size": 347,
            "tmb": 700
        },
        {
            "id": 16,
            "fitness": 2.540849057765613,
            "ancestor": 5,
            "dead_lineage": false,
            "size": 1,
            "tmb": 357
        },
        {
            "id": 17,
            "fitness": 4.95077817928574,
            "ancestor": 13,
            "dead_lineage": false,
            "size": 309,
            "tmb": 906
        },
        {
            "id": 18,
            "fitness": 5.723485367889077,
            "ancestor": 17,
            "dead_lineage": false,
            "size": 138,
            "tmb": 962
        },
        {
            "id": 19,
            "fitness": 4.441975691024684,
            "ancestor": 8,
            "dead_lineage": false,
            "size": 140,
            "tmb": 583
        },
        {
            "id": 20,
            "fitness": 4.494066817098323,
            "ancestor": 9,
            "dead_lineage": false,
            "size": 31,
            "tmb": 554
        },
        {
            "id": 21,
            "fitness": 4.400742519161268,
            "ancestor": 10,
            "dead_lineage": false,
            "size": 56,
            "tmb": 957
        },
        {
            "id": 22,
            "fitness": 3.6787839262326365,
            "ancestor": 10,
            "dead_lineage": false,
            "size": 33,
            "tmb": 990
        },
        {
            "id": 23,
            "fitness": 3.6629150776505863,
            "ancestor": 8,
            "dead_lineage": false,
            "size": 10,
            "tmb": 618
        },
        {
            "id": 24,
            "fitness": 4.03216084956272,
            "ancestor": 9,
            "dead_lineage": false,
            "size": 1,
            "tmb": 595
        },
        {
            "id": 25,
            "fitness": 4.058712668446616,
            "ancestor": 11,
            "dead_lineage": false,
            "size": 1,
            "tmb": 697
        },
        {
            "id": 26,
            "fitness": 4.5769590198909835,
            "ancestor": 11,
            "dead_lineage": false,
            "size": 5,
            "tmb": 778
        },
        {
            "id": 27,
            "fitness": 5.059081968444366,
            "ancestor": 23,
            "dead_lineage": false,
            "size": 1,
            "tmb": 671
        },
        {
            "id": 28,
            "fitness": 5.594742460418131,
            "ancestor": 17,
            "dead_lineage": false,
            "size": 14,
            "tmb": 1178
        },
        {
            "id": 29,
            "fitness": 4.548713140881239,
            "ancestor": 13,
            "dead_lineage": false,
            "size": 1,
            "tmb": 1216
        },
        {
            "id": 30,
            "fitness": 5.490975583361632,
            "ancestor": 15,
            "dead_lineage": false,
            "size": 3,
            "tmb": 796
        },
        {
            "id": 31,
            "fitness": 4.5046408558102495,
            "ancestor": 19,
            "dead_lineage": false,
            "size": 1,