{
    "0": {
        "clone_proportion": {
            "8": 1.0
        },
        "mrca": 8,
        "size": 65219
    },
    "1": {
        "clone_proportion": {
            "2": 1.0
        },
        "mrca": 2,
        "size": 108699
    },
    "2": {
        "clone_proportion": {
            "2": 1.0
        },
        "mrca": 2,
        "size": 54349
    },
    "3": {
        "clone_proportion": {
            "8": 0.6898661391968351,
            "10": 0.08395050370302222,
            "11": 0.2261833571001426
        },
        "mrca": 5,
        "size": 21739
    },
    "4": {
        "clone_proportion": {
            "0": 1.0
        },
        "mrca": 0,
        "size": 18116
    },
    "5": {
        "clone_proportion": {
            "2": 0.2507459482666094,
            "3": 0.7492540517333905
        },
        "mrca": 2,
        "size": 46585
    },
    "6": {
        "clone_proportion": {
            "0": 0.5028825867229282,
            "1": 0.0019871448898483883,
            "2": 0.4951302683872234
        },
        "mrca": 0,
        "size": 81524
    },
    "7": {
        "clone_proportion": {
            "3": 1.0
        },
        "mrca": 3,
        "size": 29645
    },
    "8": {
        "clone_proportion": {
            "8": 1.0
        },
        "mrca": 8,
        "size": 23292
    },
    "9": {
        "clone_proportion": {
            "3": 1.0
        },
        "mrca": 3,
        "size": 46585
    }
}