{
    "0": {
        "clone_proportion": {
            "0": 1.0
        },
        "mrca": 0,
        "size": 7692
    },
    "1": {
        "clone_proportion": {
            "0": 1.0
        },
        "mrca": 0,
        "size": 5263
    },
    "2": {
        "clone_proportion": {
            "0": 1.0
        },
        "mrca": 0,
        "size": 5263
    },
    "3": {
        "clone_proportion": {
            "0": 1.0
        },
        "mrca": 0,
        "size": 5882
    },
    "4": {
        "clone_proportion": {
            "4": 0.41648,
            "5": 0.01248,
            "6": 0.01256,
            "7": 0.00952,
            "8": 0.00056,
            "9": 8e-05,
            "10": 0.00648,
            "11": 0.04264,
            "12": 0.04208,
            "13": 0.01896,
            "14": 0.01936,
            "15": 0.02112,
            "16": 0.01016,
            "17": 8e-05,
            "18": 0.06104,
            "19": 8e-05,
            "20": 0.00056,
            "21": 0.0012,
            "22": 0.00456,
            "23": 8e-05,
            "24": 0.01832,
            "25": 0.00136,
            "26": 0.00864,
            "27": 0.0012,
            "28": 0.0044,
            "29": 0.00536,
            "30": 0.00816,
            "31": 0.00152,
            "32": 0.00584,
            "33": 8e-05,
            "34": 0.0028,
            "35": 8e-05,
            "36": 0.00072,
            "37": 0.00904,
            "38": 0.00024,
            "39": 8e-05,
            "40": 0.00376,
            "41": 0.00152,
            "42": 0.00152,
            "43": 0.0036,
            "44": 0.00024,
            "45": 0.0012,
            "46": 0.00584,
            "47": 0.00664,
            "48": 0.00136,
            "49": 8e-05,
            "50": 0.00088,
            "51": 8e-05,
            "52": 0.00232,
            "53": 0.03064,
            "54": 0.00104,
            "55": 0.0004,
            "56": 0.0068,
            "57": 0.00432,
            "58": 0.00104,
            "59": 8e-05,
            "60": 0.00024,
            "61": 0.0004,
            "62": 0.0004,
            "63": 0.00528,
            "64": 0.00264,
            "65": 0.0004,
            "66": 0.00056,
            "67": 0.00088,
            "68": 0.0004,
            "69": 0.00216,
            "70": 8e-05,
            "71": 0.00264,
            "72": 0.00072,
            "73": 0.00112,
            "74": 0.0004,
            "75": 0.00056,
            "76": 0.00552,
            "77": 0.00328,
            "78": 0.00056,
            "79": 0.00184,
            "80": 0.0004,
            "81": 0.0012,
            "82": 0.00088,
            "83": 0.00104,
            "84": 0.00072,
            "85": 0.00376,
            "86": 0.0004,
            "87": 0.00024,
            "88": 8e-05,
            "89": 0.00888,
            "90": 8e-05,
            "91": 0.00112,
            "92": 0.00088,
            "93": 0.00056,
            "94": 0.00488,
            "95": 8e-05,
            "96": 0.00056,
            "97": 0.00968,
            "98": 0.00536,
            "99": 0.00152,
            "100": 0.00024,
            "101": 8e-05,
            "102": 0.00184,
            "103": 8e-05,
            "104": 0.00112,
            "105": 0.00152,
            "106": 8e-05,
            "107": 0.00088,
            "108": 0.00088,
            "109": 0.00072,
            "110": 8e-05,
            "111": 0.00024,
            "112": 0.0004,
            "113": 0.00216,
            "114": 8e-05,
            "115": 0.00072,
            "116": 8e-05,
            "117": 0.00088,
            "118": 0.00072,
            "119": 0.01112,
            "120": 0.00248,
            "121": 0.00056,
            "122": 0.00184,
            "123": 0.00136,
            "124": 0.00344,
            "125": 0.0028,
            "126": 0.00088,
            "127": 0.00056,
            "128": 0.00048,
            "129": 8e-05,
            "130": 0.00264,
            "131": 8e-05,
            "132": 0.00016,
            "133": 0.00216,
            "134": 0.00264,
            "135": 0.00088,
            "136": 8e-05,
            "137": 0.00024,
            "138": 8e-05,
            "139": 0.0004,
            "140": 8e-05,
            "141": 0.00056,
            "142": 8e-05,
            "143": 0.00024,
            "144": 0.00248,
            "145": 0.00072,
            "146": 0.00136,
            "147": 0.0004,
            "148": 0.00072,
            "149": 8e-05,
            "150": 8e-05,
            "151": 8e-05,
            "152": 0.002,
            "153": 0.00104,
            "154": 0.00056,
            "155": 0.00024,
            "156": 0.0004,
            "157": 0.00024,
            "158": 0.00088,
            "159": 0.00056,
            "160": 8e-05,
            "161": 8e-05,
            "162": 0.00104,
            "163": 0.00024,
            "164": 8e-05,
            "165": 8e-05,
            "166": 0.00056,
            "167": 8e-05,
            "168": 0.00248,
            "169": 0.00056,
            "170": 0.00104,
            "171": 0.00056,
            "172": 0.00024,
            "173": 8e-05,
            "174": 0.0012,
            "175": 8e-05,
            "176": 8e-05,
            "177": 0.00072,
            "178": 8e-05,
            "179": 0.0004,
            "180": 0.00104,
            "181": 0.00024,
            "182": 8e-05,
            "183": 0.0012,
            "184": 8e-05,
            "185": 0.0116,
            "186": 8e-05,
            "187": 8e-05,
            "188": 0.00024,
            "189": 8e-05,
            "190": 0.00088,
            "191": 8e-05,
            "192": 0.00024,
            "193": 0.00104,
            "194": 0.0004,
            "195": 0.00056,
            "196": 0.00072,
            "197": 8e-05,
            "198": 8e-05,
            "199": 8e-05,
            "200": 8e-05,
            "201": 8e-05,
            "202": 0.00056,
            "203": 8e-05,
            "204": 0.00088,
            "205": 8e-05,
            "206": 0.00168,
            "207": 8e-05,
            "208": 0.002,
            "209": 8e-05,
            "210": 8e-05,
            "211": 8e-05,
            "212": 0.00024,
            "213": 0.00088,
            "214": 0.00104,
            "215": 8e-05,
            "216": 8e-05,
            "217": 0.00024,
            "218": 0.00136,
            "219": 0.0004,
            "220": 8e-05,
            "221": 8e-05,
            "222": 8e-05,
            "223": 8e-05,
            "224": 0.00024,
            "225": 0.0004,
            "226": 0.00024,
            "227": 8e-05,
            "228": 8e-05,
            "229": 8e-05,
            "230": 0.00024,
            "231": 8e-05,
            "232": 8e-05,
            "233": 8e-05,
            "234": 8e-05,
            "235": 8e-05,
            "236": 8e-05,
            "237": 8e-05,
            "238": 0.00024,
            "239": 0.00104,
            "240": 8e-05,
            "241": 8e-05,
            "242": 8e-05,
            "243": 8e-05,
            "244": 8e-05,
            "245": 8e-05,
            "246": 0.0012,
            "247": 8e-05,
            "248": 0.00176
        },
        "mrca": 0,
        "size": 12500
    },
    "5": {
        "clone_proportion": {
            "0": 1.0
        },
        "mrca": 0,
        "size": 6250
    },
    "6": {
        "clone_proportion": {
            "0": 1.0
        },
        "mrca": 0,
        "size": 12500
    },
    "7": {
        "clone_proportion": {
            "0": 1.0
        },
        "mrca": 0,
        "size": 12500
    },
    "8": {
        "clone_proportion": {
            "0": 1.0
        },
        "mrca": 0,
        "size": 11111
    },
    "9": {
        "clone_proportion": {
            "0": 1.0
        },
        "mrca": 0,
        "size": 10000
    }
}