{
    "0": {
        "clone_proportion": {
            "0": 1.0
        },
        "mrca": 0,
        "size": 41666
    },
    "1": {
        "clone_proportion": {
            "0": 1.0
        },
        "mrca": 0,
        "size": 166666
    },
    "2": {
        "clone_proportion": {
            "0": 1.0
        },
        "mrca": 0,
        "size": 50000
    },
    "3": {
        "clone_proportion": {
            "0": 1.0
        },
        "mrca": 0,
        "size": 50000
    },
    "4": {
        "clone_proportion": {
            "3": 0.944247776991108,
            "4": 0.04066816267265069,
            "5": 0.006312025248100993,
            "6": 0.008772035088140352
        },
        "mrca": 0,
        "size": 83333
    },
    "5": {
        "clone_proportion": {
            "3": 0.19542078168312674,
            "4": 0.04066816267265069,
            "5": 0.006312025248100993,
            "6": 0.010896043584174337,
            "7": 0.001524006096024384,
            "8": 0.026736106944427778,
            "9": 0.007512030048120192,
            "10": 0.035184140736562945,
            "11": 0.07066828267313069,
            "12": 0.1852567410269641,
            "13": 0.000876003504014016,
            "14": 3.6000144000576004e-05,
            "15": 3.6000144000576004e-05,
            "16": 0.0021000084000336,
            "17": 0.0010920043680174721,
            "18": 0.0005880023520094081,
            "19": 0.00028800115200460803,
            "20": 0.0074880299521198086,
            "21": 0.00018000072000288,
            "22": 0.00027600110400441603,
            "23": 0.000204000816003264,
            "24": 0.1171444685778743,
            "25": 0.0022800091200364803,
            "26": 0.006828027312109249,
            "27": 0.05332821331285325,
            "28": 8.400033600134401e-05,
            "29": 8.400033600134401e-05,
            "30": 0.001404005616022464,
            "31": 1.2000048000192e-05,
            "32": 0.004092016368065473,
            "33": 0.000408001632006528,
            "34": 0.001524006096024384,
            "35": 0.004704018816075265,
            "36": 0.0011160044640178561,
            "37": 1.2000048000192e-05,
            "38": 8.400033600134401e-05,
            "39": 0.00402001608006432,
            "40": 0.000792003168012672,
            "41": 1.2000048000192e-05,
            "42": 0.000204000816003264,
            "43": 0.002172008688034752,
            "44": 0.00042000168000672,
            "45": 0.00030000120000480004,
            "46": 0.00030000120000480004,
            "47": 0.000492001968007872,
            "48": 0.00015600062400249602,
            "49": 0.0029880119520478083,
            "50": 0.0019320077280309122,
            "51": 0.0010680042720170881,
            "52": 0.000684002736010944,
            "53": 0.0021000084000336,
            "54": 1.2000048000192e-05,
            "55": 0.000696002784011136,
            "56": 0.00015600062400249602,
            "57": 0.004092016368065473,
            "58": 0.00044400177600710403,
            "59": 0.0019080076320305281,
            "60": 0.0012840051360205442,
            "61": 6.0000240000960005e-05,
            "62": 1.2000048000192e-05,
            "63": 0.0033000132000528004,
            "64": 0.000492001968007872,
            "65": 0.0006360025440101761,
            "66": 0.0005880023520094081,
            "67": 0.004932019728078912,
            "68": 0.00022800091200364802,
            "69": 0.000252001008004032,
            "70": 3.6000144000576004e-05,
            "71": 0.00027600110400441603,
            "72": 0.000492001968007872,
            "73": 0.0011880047520190081,
            "74": 0.0050280201120804485,
            "75": 0.0009000036000144001,
            "76": 8.400033600134401e-05,
            "77": 3.6000144000576004e-05,
            "78": 0.002772011088044352,
            "79": 0.0009000036000144001,
            "80": 0.0013200052800211202,
            "81": 0.02716810867243469,
            "82": 0.000204000816003264,
            "83": 3.6000144000576004e-05,
            "84": 0.0006360025440101761,
            "85": 0.001692006768027072,
            "86": 0.012012048048192192,
            "87": 6.0000240000960005e-05,
            "88": 0.004380017520070081,
            "89": 0.00027600110400441603,
            "90": 0.000756003024012096,
            "91": 3.6000144000576004e-05,
            "92": 0.001500006000024,
            "93": 1.2000048000192e-05,
            "94": 0.000108000432001728,
            "95": 0.000204000816003264,
            "96": 0.005484021936087744,
            "97": 6.0000240000960005e-05,
            "98": 1.2000048000192e-05,
            "99": 8.400033600134401e-05,
            "100": 0.00027600110400441603,
            "101": 0.000372001488005952,
            "102": 3.6000144000576004e-05,
            "103": 0.0012360049440197762,
            "104": 3.6000144000576004e-05,
            "105": 1.2000048000192e-05,
            "106": 0.0019320077280309122,
            "107": 1.2000048000192e-05,
            "108": 0.000708002832011328,
            "109": 0.0019320077280309122,
            "110": 8.400033600134401e-05,
            "111": 0.00042000168000672,
            "112": 0.001428005712022848,
            "113": 3.6000144000576004e-05,
            "114": 0.010968043872175488,
            "115": 0.000348001392005568,
            "116": 1.2000048000192e-05,
            "117": 0.001476005904023616,
            "118": 0.00022800091200364802,
            "119": 0.00030000120000480004,
            "120": 0.0026400105600422404,
            "121": 1.2000048000192e-05,
            "122": 0.000732002928011712,
            "123": 8.400033600134401e-05,
            "124": 0.000396001584006336,
            "125": 1.2000048000192e-05,
            "126": 0.000516002064008256,
            "127": 0.00030000120000480004,
            "128": 3.6000144000576004e-05,
            "129": 0.0011640046560186241,
            "130": 0.00022800091200364802,
            "131": 0.000108000432001728,
            "132": 0.000516002064008256,
            "133": 6.0000240000960005e-05,
            "134": 0.000204000816003264,
            "135": 0.000204000816003264,
            "136": 0.000348001392005568,
            "137": 0.000492001968007872,
            "138": 1.2000048000192e-05,
            "139": 0.0005880023520094081,
            "140": 0.0005400021600086401,
            "141": 1.2000048000192e-05,
            "142": 0.000396001584006336,
            "143": 0.00032400129600518404,
            "144": 0.0009600038400153601,
            "145": 0.00018000072000288,
            "146": 0.000804003216012864,
            "147": 0.000204000816003264,
            "148": 6.0000240000960005e-05,
            "149": 0.00015600062400249602,
            "150": 6.0000240000960005e-05,
            "151": 0.00078000312001248,
            "152": 1.2000048000192e-05,
            "153": 1.2000048000192e-05,
            "154": 1.2000048000192e-05,
            "155": 1.2000048000192e-05,
            "156": 0.000132000528002112,
            "157": 0.0026880107520430084,
            "158": 1.2000048000192e-05,
            "159": 0.00234000936003744,
            "160": 0.000204000816003264,
            "161": 0.000204000816003264,
            "162": 0.0006120024480097921,
            "163": 1.2000048000192e-05,
            "164": 0.004164016656066624,
            "165": 6.0000240000960005e-05,
            "166": 0.001728006912027648,
            "167": 1.2000048000192e-05,
            "168": 8.400033600134401e-05,
            "169": 6.0000240000960005e-05,
            "170": 0.000348001392005568,
            "171": 0.002436009744038976,
            "172": 8.400033600134401e-05,
            "173": 1.2000048000192e-05,
            "174": 1.2000048000192e-05,
            "175": 3.6000144000576004e-05,
            "176": 0.00015600062400249602,
            "177": 1.2000048000192e-05,
            "178": 1.2000048000192e-05,
            "179": 0.000804003216012864,