{
    "0": {
        "clone_proportion": {
            "3": 1.0
        },
        "mrca": 3,
        "size": 40526
    },
    "1": {
        "clone_proportion": {
            "4": 1.0
        },
        "mrca": 4,
        "size": 162107
    },
    "2": {
        "clone_proportion": {
            "3": 1.0
        },
        "mrca": 3,
        "size": 40526
    },
    "3": {
        "clone_proportion": {
            "0": 1.0
        },
        "mrca": 0,
        "size": 42659
    },
    "4": {
        "clone_proportion": {
            "3": 1.0
        },
        "mrca": 3,
        "size": 81053
    },
    "5": {
        "clone_proportion": {
            "4": 1.0
        },
        "mrca": 4,
        "size": 42659
    },
    "6": {
        "clone_proportion": {
            "3": 1.0
        },
        "mrca": 3,
        "size": 45029
    },
    "7": {
        "clone_proportion": {
            "4": 0.746461565794149,
            "5": 0.0028277863318725573,
            "6": 0.0013768802558332346,
            "7": 0.2493337676181452
        },
        "mrca": 0,
        "size": 67544
    },
    "8": {
        "clone_proportion": {
            "0": 1.0
        },
        "mrca": 0,
        "size": 67544
    },
    "9": {
        "clone_proportion": {
            "4": 0.6029856822962611,
            "5": 0.002592115084481238,
            "6": 0.0012621293343285608,
            "7": 0.3144602022121192,
            "8": 0.03163466105720296,
            "9": 0.04706521001560698
        },
        "mrca": 0,
        "size": 73685
    }
}