{
    "0": {
        "clone_proportion": {
            "0": 1.0
        },
        "mrca": 0,
        "size": 71209
    },
    "1": {
        "clone_proportion": {
            "0": 1.0
        },
        "mrca": 0,
        "size": 85451
    },
    "2": {
        "clone_proportion": {
            "4": 1.0
        },
        "mrca": 4,
        "size": 42725
    },
    "3": {
        "clone_proportion": {
            "0": 1.0
        },
        "mrca": 0,
        "size": 25132
    },
    "4": {
        "clone_proportion": {
            "4": 1.0
        },
        "mrca": 4,
        "size": 32866
    },
    "5": {
        "clone_proportion": {
            "0": 0.25588754335787744,
            "1": 0.7441124566421226
        },
        "mrca": 0,
        "size": 32866
    },
    "6": {
        "clone_proportion": {
            "4": 1.0
        },
        "mrca": 4,
        "size": 47473
    },
    "7": {
        "clone_proportion": {
            "4": 0.6065871514969948,
            "5": 0.0015447413260434026,
            "6": 0.0024154137098133205,
            "7": 0.23793697455389742,
            "8": 0.002022206826820454,
            "9": 0.028385792124627857,
            "10": 0.12110771996180276
        },
        "mrca": 0,
        "size": 106814
    },
    "8": {
        "clone_proportion": {
            "3": 1.0
        },
        "mrca": 3,
        "size": 53407
    },
    "9": {
        "clone_proportion": {
            "0": 1.0
        },
        "mrca": 0,
        "size": 142419
    }
}