{
    "n_event": 164386,
    "clone_proportion": {
        "0": 0.9998559796155764,
        "2": 0.0001440203844236415
    },
    "clones": [
        {
            "id": 0,
            "fitness": 0,
            "ancestor": null,
            "dead_lineage": false,
            "size": 290077,
            "tmb": 100
        },
        {
            "id": 1,
            "fitness": 0.803491753793322,
            "ancestor": 0,
            "dead_lineage": true,
            "size": 1,
            "tmb": 225
        },
        {
            "id": 2,
            "fitness": 1.0706966595118101,
            "ancestor": 0,
            "dead_lineage": false,
            "size": 43,
            "tmb": 186
        }
    ]
}