{
    "0": {
        "clone_proportion": {
            "3": 0.6198172662304375,
            "4": 0.010955985083778106,
            "5": 0.2802520881705515,
            "6": 0.004593472645217059,
            "7": 0.08044105378484054,
            "8": 0.003940134085175246
        },
        "mrca": 0,
        "size": 99489
    },
    "1": {
        "clone_proportion": {
            "2": 1.0
        },
        "mrca": 2,
        "size": 68877
    },
    "2": {
        "clone_proportion": {
            "0": 1.0
        },
        "mrca": 0,
        "size": 49744
    },
    "3": {
        "clone_proportion": {
            "2": 1.0
        },
        "mrca": 2,
        "size": 49744
    },
    "4": {
        "clone_proportion": {
            "2": 1.0
        },
        "mrca": 2,
        "size": 74617
    },
    "5": {
        "clone_proportion": {
            "0": 0.6287026706470062,
            "1": 0.022374332840816573,
            "2": 0.34892299651217723
        },
        "mrca": 0,
        "size": 99489
    },
    "6": {
        "clone_proportion": {
            "3": 1.0
        },
        "mrca": 3,
        "size": 59693
    },
    "7": {
        "clone_proportion": {
            "0": 1.0
        },
        "mrca": 0,
        "size": 89540
    },
    "8": {
        "clone_proportion": {
            "0": 1.0
        },
        "mrca": 0,
        "size": 89540
    },
    "9": {
        "clone_proportion": {
            "3": 1.0
        },
        "mrca": 3,
        "size": 89540
    }
}