{
    "0": {
        "clone_proportion": {
            "0": 1.0
        },
        "mrca": 0,
        "size": 45454
    },
    "1": {
        "clone_proportion": {
            "25": 0.003420095762681355,
            "26": 0.10832703315692839,
            "27": 0.007308204629729633,
            "28": 0.011232314504806135,
            "29": 0.1941534362962163,
            "30": 0.003276091730568456,
            "31": 0.019728552399467185,
            "32": 0.009108255031140872,
            "33": 0.0015840443532418908,
            "34": 0.0631817690895345,
            "35": 0.006444180437052237,
            "36": 0.3225330309248659,
            "37": 0.10274687691255355,
            "38": 0.1469561147712136
        },
        "mrca": 0,
        "size": 27777
    },
    "2": {
        "clone_proportion": {
            "0": 1.0
        },
        "mrca": 0,
        "size": 41666
    },
    "3": {
        "clone_proportion": {
            "38": 0.181792,
            "39": 0.087904,
            "40": 0.010464,
            "41": 0.106656,
            "42": 0.006656,
            "43": 0.03392,
            "44": 0.000224,
            "45": 0.011872,
            "46": 0.097408,
            "47": 0.008448,
            "48": 9.6e-05,
            "49": 0.016448,
            "50": 0.03824,
            "51": 0.008832,
            "52": 0.131744,
            "53": 0.002528,
            "54": 0.0488,
            "55": 0.000352,
            "56": 0.031392,
            "57": 0.001376,
            "58": 0.00048,
            "59": 0.029632,
            "60": 0.08896,
            "61": 0.00256,
            "62": 0.001088,
            "63": 0.038816,
            "64": 0.008224,
            "65": 0.005088
        },
        "mrca": 0,
        "size": 31250
    },
    "4": {
        "clone_proportion": {
            "0": 1.0
        },
        "mrca": 0,
        "size": 55555
    },
    "5": {
        "clone_proportion": {
            "0": 1.0
        },
        "mrca": 0,
        "size": 62500
    },
    "6": {
        "clone_proportion": {
            "0": 1.0
        },
        "mrca": 0,
        "size": 26315
    },
    "7": {
        "clone_proportion": {
            "0": 1.0
        },
        "mrca": 0,
        "size": 83333
    },
    "8": {
        "clone_proportion": {
            "0": 1.0
        },
        "mrca": 0,
        "size": 27777
    },
    "9": {
        "clone_proportion": {
            "0": 1.0
        },
        "mrca": 0,
        "size": 38461
    }
}