{
    "0": {
        "clone_proportion": {
            "7": 0.5878359592215013,
            "9": 0.4121640407784986
        },
        "mrca": 7,
        "size": 43160
    },
    "1": {
        "clone_proportion": {
            "0": 1.0
        },
        "mrca": 0,
        "size": 38844
    },
    "2": {
        "clone_proportion": {
            "0": 1.0
        },
        "mrca": 0,
        "size": 24277
    },
    "3": {
        "clone_proportion": {
            "0": 0.8283686409589052,
            "1": 0.0014982893243024073,
            "2": 0.05711262656297063,
            "3": 0.024366509372031418,
            "4": 0.08865393378179037
        },
        "mrca": 0,
        "size": 129481
    },
    "4": {
        "clone_proportion": {
            "9": 0.8431881371640407,
            "10": 0.13493975903614458,
            "12": 0.021872103799814642
        },
        "mrca": 3,
        "size": 21580
    },
    "5": {
        "clone_proportion": {
            "0": 1.0
        },
        "mrca": 0,
        "size": 55492
    },
    "6": {
        "clone_proportion": {
            "7": 0.8653073833796725,
            "9": 0.13469261662032747
        },
        "mrca": 7,
        "size": 64740
    },
    "7": {
        "clone_proportion": {
            "9": 1.0
        },
        "mrca": 9,
        "size": 24277
    },
    "8": {
        "clone_proportion": {
            "9": 0.030094428025661358,
            "10": 0.10495206516254595,
            "12": 0.8649535068117927
        },
        "mrca": 3,
        "size": 27746
    },
    "9": {
        "clone_proportion": {
            "0": 1.0
        },
        "mrca": 0,
        "size": 27746
    }
}