{
    "n_event": 164386,
    "config": {
        "N_max": 164386,
        "M": 164386,
        "picking": "adjacent",
        "mutation_rate": 11.465521327469325,
        "P_death": 0.11942049989582913,
        "D": 640,
        "new_clone_frequency": 0.007595079816750144,
        "depth_sequencing": 100,
        "min_alt_reads": 2,
        "n_sequencing": 10,
        "max_horizontal": 2
    },
    "clone_proportion": {
        "0": 0.9998559796155764,
        "2": 0.0001440203844236415
    },
    "clones": [
        {
            "id": 0,
            "fitness": 0,
            "ancestor": null,
            "dead_lineage": false,
            "size": 290077,
            "tmb": 100
        },
        {
            "id": 1,
            "fitness": 0.803491753793322,
            "ancestor": 0,
            "dead_lineage": true,
            "size": 1,
            "tmb": 225
        },
        {
            "id": 2,
            "fitness": 1.0706966595118101,
            "ancestor": 0,
            "dead_lineage": false,
            "size": 43,
            "tmb": 186
        }
    ]
}