{
    "n_event": 177979,
    "config": {
        "N_max": 177979,
        "M": 177979,
        "picking": "adjacent",
        "mutation_rate": 39.614858336412496,
        "P_death": 0.09993762237573747,
        "D": 640,
        "new_clone_frequency": 0.03820678469409611,
        "depth_sequencing": 100,
        "min_alt_reads": 2,
        "n_sequencing": 10,
        "max_horizontal": 2
    },
    "clone_proportion": {
        "0": 0.9998775604751977,
        "1": 0.0001224395248022767
    },
    "clones": [
        {
            "id": 0,
            "fitness": 0,
            "ancestor": null,
            "dead_lineage": false,
            "size": 320073,
            "tmb": 100
        },
        {
            "id": 1,
            "fitness": 0.24024923229305784,
            "ancestor": 0,
            "dead_lineage": false,
            "size": 39,
            "tmb": 469
        },
        {
            "id": 2,
            "fitness": 1.6771614986083208,
            "ancestor": 0,
            "dead_lineage": true,
            "size": 1,
            "tmb": 261
        }
    ]
}