{
    "0": {
        "clone_proportion": {
            "0": 1.0
        },
        "mrca": 0,
        "size": 109735
    },
    "1": {
        "clone_proportion": {
            "6": 0.8958736903497261,
            "7": 0.00027078256160303275,
            "8": 0.0003749297006811223,
            "9": 0.020392009831489928,
            "10": 0.08308858755649982
        },
        "mrca": 0,
        "size": 48009
    },
    "2": {
        "clone_proportion": {
            "0": 1.0
        },
        "mrca": 0,
        "size": 59088
    },
    "3": {
        "clone_proportion": {
            "0": 1.0
        },
        "mrca": 0,
        "size": 153630
    },
    "4": {
        "clone_proportion": {
            "0": 1.0
        },
        "mrca": 0,
        "size": 42675
    },
    "5": {
        "clone_proportion": {
            "0": 1.0
        },
        "mrca": 0,
        "size": 153630
    },
    "6": {
        "clone_proportion": {
            "0": 0.017840404924076736,
            "1": 0.012914245245683102,
            "2": 0.9045595617488388,
            "3": 0.003020267033264596,
            "4": 0.06166552104813681
        },
        "mrca": 0,
        "size": 96018
    },
    "7": {
        "clone_proportion": {
            "0": 1.0
        },
        "mrca": 0,
        "size": 45185
    },
    "8": {
        "clone_proportion": {
            "0": 1.0
        },
        "mrca": 0,
        "size": 192037
    },
    "9": {
        "clone_proportion": {
            "0": 1.0
        },
        "mrca": 0,
        "size": 51210
    }
}