{
    "0": {
        "clone_proportion": {
            "1": 1.0
        },
        "mrca": 1,
        "size": 270179
    },
    "1": {
        "clone_proportion": {
            "3": 1.0
        },
        "mrca": 3,
        "size": 54035
    },
    "2": {
        "clone_proportion": {
            "1": 1.0
        },
        "mrca": 1,
        "size": 42659
    },
    "3": {
        "clone_proportion": {
            "3": 1.0
        },
        "mrca": 3,
        "size": 45029
    },
    "4": {
        "clone_proportion": {
            "4": 1.0
        },
        "mrca": 4,
        "size": 47678
    },
    "5": {
        "clone_proportion": {
            "1": 0.022034828847612997,
            "2": 0.08189035636955838,
            "3": 0.8960748147828286
        },
        "mrca": 0,
        "size": 162107
    },
    "6": {
        "clone_proportion": {
            "1": 1.0
        },
        "mrca": 1,
        "size": 90059
    },
    "7": {
        "clone_proportion": {
            "3": 1.0
        },
        "mrca": 3,
        "size": 135089
    },
    "8": {
        "clone_proportion": {
            "4": 0.4247247154622004,
            "5": 0.002720458961784029,
            "6": 0.0005551957064865365,
            "7": 0.571999629869529
        },
        "mrca": 0,
        "size": 54035
    },
    "9": {
        "clone_proportion": {
            "3": 0.6022562819464133,
            "4": 0.3977437180535867
        },
        "mrca": 1,
        "size": 270179
    }
}