{
    "n_event": 810537,
    "config": {
        "N_max": 810537,
        "M": 810537,
        "picking": "adjacent",
        "mutation_rate": 27.621372481305574,
        "P_death": 0.0010835468487051525,
        "D": 640,
        "new_clone_frequency": 0.02901137880516355,
        "depth_sequencing": 100,
        "min_alt_reads": 2,
        "n_sequencing": 10,
        "max_horizontal": 2
    },
    "clone_proportion": {
        "0": 0.31097309691055924,
        "1": 0.3946956249347395,
        "2": 0.00820197304562892,
        "3": 0.13758554920473298,
        "4": 0.08317387626790763,
        "5": 9.082410830187956e-05,
        "6": 1.8535532306506034e-05,
        "7": 0.031474569558601014,
        "8": 0.02109776072234205,
        "9": 0.0006734576738030526,
        "10": 0.001588495118667567,
        "11": 0.0025158895850697525,
        "12": 0.000386156923052209,
        "13": 0.006478786392200743,
        "14": 0.00038986402951351025,
        "15": 1.544627692208836e-05,
        "16": 0.00012048095999228922,
        "17": 8.032063999485948e-06,
        "18": 0.00017608755691180732,
        "19": 1.8535532306506033e-06,
        "20": 1.8535532306506033e-06,
        "21": 3.2746107074827325e-05,
        "22": 6.178510768835345e-07,
        "23": 0.00018720887629571095,
        "24": 2.0389085537156636e-05,
        "25": 3.6453213536128536e-05,
        "26": 6.178510768835345e-07,
        "27": 6.178510768835345e-07,
        "28": 2.4096191998457844e-05,
        "29": 6.178510768835345e-07,
        "30": 5.5606596919518105e-06,
        "31": 6.796361845718879e-06,
        "32": 1.8535532306506033e-06,
        "33": 1.8535532306506033e-06,
        "34": 5.5606596919518105e-06,
        "35": 6.178510768835345e-07,
        "36": 5.5606596919518105e-06,
        "37": 6.178510768835345e-07
    },
    "clones": [
        {
            "id": 0,
            "fitness": 0,
            "ancestor": null,
            "dead_lineage": false,
            "size": 503569,
            "tmb": 100
        },
        {
            "id": 1,
            "fitness": 1.2893979651258118,
            "ancestor": 0,
            "dead_lineage": false,
            "size": 639165,
            "tmb": 267
        },
        {
            "id": 2,
            "fitness": 0.6810784504151621,
            "ancestor": 0,
            "dead_lineage": false,
            "size": 13283,
            "tmb": 300
        },
        {
            "id": 3,
            "fitness": 1.7844009070901397,
            "ancestor": 1,
            "dead_lineage": false,
            "size": 222801,
            "tmb": 352
        },
        {
            "id": 4,
            "fitness": 2.240790274537733,
            "ancestor": 1,
            "dead_lineage": false,
            "size": 134689,
            "tmb": 355
        },
        {
            "id": 5,
            "fitness": 1.3231889378937174,
            "ancestor": 2,
            "dead_lineage": false,
            "size": 147,
            "tmb": 584
        },
        {
            "id": 6,
            "fitness": 1.4369636805681814,
            "ancestor": 2,
            "dead_lineage": false,
            "size": 30,
            "tmb": 467
        },
        {
            "id": 7,
            "fitness": 2.695573767944464,
            "ancestor": 3,
            "dead_lineage": false,
            "size": 50971,
            "tmb": 505
        },
        {
            "id": 8,
            "fitness": 2.691449498131779,
            "ancestor": 3,
            "dead_lineage": false,
            "size": 34165,
            "tmb": 506
        },
        {
            "id": 9,
            "fitness": 2.556936876118635,
            "ancestor": 4,
            "dead_lineage": false,
            "size": 1091,
            "tmb": 486
        },
        {
            "id": 10,
            "fitness": 2.3286013058066266,
            "ancestor": 4,
            "dead_lineage": false,
            "size": 2571,
            "tmb": 593
        },
        {
            "id": 11,
            "fitness": 4.124471175874074,
            "ancestor": 7,
            "dead_lineage": false,
            "size": 4073,
            "tmb": 697
        },
        {
            "id": 12,
            "fitness": 3.1620056283263214,
            "ancestor": 8,
            "dead_lineage": false,
            "size": 627,
            "tmb": 548
        },
        {
            "id": 13,
            "fitness": 4.246854172304608,
            "ancestor": 8,
            "dead_lineage": false,
            "size": 10493,
            "tmb": 700
        },
        {
            "id": 14,
            "fitness": 3.7572876340992787,
            "ancestor": 7,
            "dead_lineage": false,
            "size": 631,
            "tmb": 643
        },
        {
            "id": 15,
            "fitness": 5.50096600522111,
            "ancestor": 11,
            "dead_lineage": false,
            "size": 25,
            "tmb": 812
        },
        {
            "id": 16,
            "fitness": 4.098612810781796,
            "ancestor": 12,
            "dead_lineage": false,
            "size": 195,
            "tmb": 586
        },
        {
            "id": 17,
            "fitness": 3.5205224610264874,
            "ancestor": 10,
            "dead_lineage": false,
            "size": 13,
            "tmb": 674
        },
        {
            "id": 18,
            "fitness": 4.751274914941494,
            "ancestor": 11,
            "dead_lineage": false,
            "size": 285,
            "tmb": 793
        },
        {
            "id": 19,
            "fitness": 2.9873241363275795,
            "ancestor": 10,
            "dead_lineage": false,
            "size": 3,
            "tmb": 722
        },
        {
            "id": 20,
            "fitness": 1.8791864204935478,
            "ancestor": 5,
            "dead_lineage": false,
            "size": 3,
            "tmb": 666
        },
        {
            "id": 21,
            "fitness": 3.8674725994026296,
            "ancestor": 12,
            "dead_lineage": false,
            "size": 53,
            "tmb": 659
        },
        {
            "id": 22,
            "fitness": 4.533547798627026,
            "ancestor": 21,
            "dead_lineage": false,
            "size": 1,
            "tmb": 689
        },
        {
            "id": 23,
            "fitness": 5.4999977348905515,
            "ancestor": 13,
            "dead_lineage": false,
            "size": 303,
            "tmb": 885
        },
        {
            "id": 24,
            "fitness": 5.674033486567054,
            "ancestor": 13,
            "dead_lineage": false,
            "size": 33,
            "tmb": 912
        },
        {
            "id": 25,
            "fitness": 5.129822061007642,
            "ancestor": 21,
            "dead_lineage": false,
            "size": 59,
            "tmb": 716
        },
        {
            "id": 26,
            "fitness": 2.162994300588025,
            "ancestor": 5,
            "dead_lineage": false,
            "size": 1,
            "tmb": 672
        },
        {
            "id": 27,
            "fitness": 5.476317951990632,
            "ancestor": 16,
            "dead_lineage": false,
            "size": 1,
            "tmb": 642
        },
        {
            "id": 28,
            "fitness": 6.367669535731462,
            "ancestor": 23,
            "dead_lineage": false,
            "size": 39,
            "tmb": 967
        },
        {
            "id": 29,
            "fitness": 2.9239462174774786,
            "ancestor": 9,
            "dead_lineage": false,
            "size": 1,
            "tmb": 556
        },
        {
            "id": 30,
            "fitness": 4.155579334045362,
            "ancestor": 9,
            "dead_lineage": false,
            "size": 9,
            "tmb": 742
        },
        {
            "id": 31,
            "fitness": 5.8069699222063305,
            "ancestor": 18,