{
    "0": {
        "clone_proportion": {
            "1": 0.21911370562103022,
            "2": 0.2717626757719279,
            "3": 0.5091236186070419
        },
        "mrca": 0,
        "size": 54474
    },
    "1": {
        "clone_proportion": {
            "0": 0.34981826192311927,
            "1": 0.6501817380768807
        },
        "mrca": 0,
        "size": 163422
    },
    "2": {
        "clone_proportion": {
            "1": 0.48792069514135356,
            "2": 0.36235466895116875,
            "3": 0.14972463590747767
        },
        "mrca": 0,
        "size": 40855
    },
    "3": {
        "clone_proportion": {
            "3": 1.0
        },
        "mrca": 3,
        "size": 28839
    },
    "4": {
        "clone_proportion": {
            "5": 0.21177075301978926,
            "7": 0.01615449572273011,
            "8": 0.7720747512574806
        },
        "mrca": 1,
        "size": 27237
    },
    "5": {
        "clone_proportion": {
            "0": 0.5536096731162267,
            "1": 0.4463903268837733
        },
        "mrca": 0,
        "size": 163422
    },
    "6": {
        "clone_proportion": {
            "5": 0.797058733542064,
            "7": 0.004487369075907927,
            "8": 0.1984538973820281
        },
        "mrca": 1,
        "size": 98053
    },
    "7": {
        "clone_proportion": {
            "3": 0.29260969600052217,
            "5": 0.7073903039994779
        },
        "mrca": 1,
        "size": 61283
    },
    "8": {
        "clone_proportion": {
            "5": 0.7002545608824777,
            "7": 0.011667373780229105,
            "8": 0.2880780653372932
        },
        "mrca": 1,
        "size": 37712
    },
    "9": {
        "clone_proportion": {
            "1": 0.11015652727294979,
            "2": 0.09058755859064263,
            "3": 0.568307816573044,
            "5": 0.23094809756336357
        },
        "mrca": 0,
        "size": 163422
    }
}