{
    "N_max": 177979,
    "M": 177979,
    "picking": "adjacent",
    "mutation_rate": 39.614858336412496,
    "P_death": 0.09993762237573747,
    "D": 640,
    "new_clone_frequency": 0.03820678469409611,
    "depth_sequencing": 100,
    "min_alt_reads": 2,
    "n_sequencing": 10,
    "max_horizontal": 2
}