{
    "N_max": 840544,
    "M": 840544,
    "picking": "adjacent",
    "mutation_rate": 7.807423902109855,
    "P_death": 0.12776641033733283,
    "D": 640,
    "new_clone_frequency": 0.03543237720181306,
    "depth_sequencing": 100,
    "min_alt_reads": 2,
    "n_sequencing": 10,
    "max_horizontal": 2
}