{
    "0": {
        "clone_proportion": {
            "2": 1.0
        },
        "mrca": 2,
        "size": 47117
    },
    "1": {
        "clone_proportion": {
            "0": 1.0
        },
        "mrca": 0,
        "size": 29448
    },
    "2": {
        "clone_proportion": {
            "0": 0.7125993276283619,
            "1": 0.007755195599022005,
            "2": 0.27964547677261614
        },
        "mrca": 0,
        "size": 78528
    },
    "3": {
        "clone_proportion": {
            "2": 1.0
        },
        "mrca": 2,
        "size": 13088
    },
    "4": {
        "clone_proportion": {
            "0": 0.7093860364031513,
            "1": 0.020680521597392015,
            "2": 0.2699334419994567
        },
        "mrca": 0,
        "size": 29448
    },
    "5": {
        "clone_proportion": {
            "2": 1.0
        },
        "mrca": 2,
        "size": 39264
    },
    "6": {
        "clone_proportion": {
            "2": 1.0
        },
        "mrca": 2,
        "size": 58896
    },
    "7": {
        "clone_proportion": {
            "2": 1.0
        },
        "mrca": 2,
        "size": 13857
    },
    "8": {
        "clone_proportion": {
            "2": 1.0
        },
        "mrca": 2,
        "size": 12399
    },
    "9": {
        "clone_proportion": {
            "0": 1.0
        },
        "mrca": 0,
        "size": 21416
    }
}