{
    "0": {
        "clone_proportion": {
            "2": 1.0
        },
        "mrca": 2,
        "size": 26315
    },
    "1": {
        "clone_proportion": {
            "0": 1.0
        },
        "mrca": 0,
        "size": 25000
    },
    "2": {
        "clone_proportion": {
            "6": 0.42434569738278954,
            "7": 0.022206088824355298,
            "8": 0.26484705938823755,
            "9": 0.00016200064800259202,
            "10": 0.0018600074400297601,
            "11": 0.002958011832047328,
            "12": 0.0015780063120252482,
            "13": 0.0025860103440413762,
            "14": 0.0012480049920199682,
            "15": 0.002004008016032064,
            "16": 0.00156000624002496,
            "17": 0.000822003288013152,
            "18": 3.0000120000480002e-05,
            "19": 0.000402001608006432,
            "20": 0.009018036072144289,
            "21": 0.00039000156000624,
            "22": 0.02125808503234013,
            "23": 0.004818019272077088,
            "24": 0.000186000744002976,
            "25": 0.0006180024720098881,
            "26": 0.011784047136188545,
            "27": 4.2000168000672006e-05,
            "28": 0.17168468673874696,
            "29": 6.6000264001056e-05,
            "30": 0.0030900123600494404,
            "31": 0.000402001608006432,
            "32": 0.004056016224064896,
            "33": 0.000174000696002784,
            "34": 6.000024000096e-06,
            "35": 0.001548006192024768,
            "36": 0.001374005496021984,
            "37": 0.000798003192012768,
            "38": 0.04207816831267325
        },
        "mrca": 0,
        "size": 166666
    },
    "3": {
        "clone_proportion": {
            "2": 1.0
        },
        "mrca": 2,
        "size": 26315
    },
    "4": {
        "clone_proportion": {
            "0": 1.0
        },
        "mrca": 0,
        "size": 41666
    },
    "5": {
        "clone_proportion": {
            "2": 1.0
        },
        "mrca": 2,
        "size": 71428
    },
    "6": {
        "clone_proportion": {
            "0": 1.0
        },
        "mrca": 0,
        "size": 50000
    },
    "7": {
        "clone_proportion": {
            "6": 0.04426817707270829,
            "7": 0.022206088824355298,
            "8": 0.26484705938823755,
            "9": 0.00016200064800259202,
            "10": 0.0018600074400297601,
            "11": 0.002958011832047328,
            "12": 0.0015780063120252482,
            "13": 0.0025860103440413762,
            "14": 0.0012480049920199682,
            "15": 0.002004008016032064,
            "16": 0.00156000624002496,
            "17": 0.000822003288013152,
            "18": 3.0000120000480002e-05,
            "19": 0.000402001608006432,
            "20": 0.009018036072144289,
            "21": 0.00039000156000624,
            "22": 0.02125808503234013,
            "23": 0.004818019272077088,
            "24": 0.000186000744002976,
            "25": 0.0006180024720098881,
            "26": 0.011784047136188545,
            "27": 4.2000168000672006e-05,
            "28": 0.17168468673874696,
            "29": 6.6000264001056e-05,
            "30": 0.0030900123600494404,
            "31": 0.000402001608006432,
            "32": 0.004056016224064896,
            "33": 0.000174000696002784,
            "34": 6.000024000096e-06,
            "35": 0.001548006192024768,
            "36": 0.001374005496021984,
            "37": 0.000798003192012768,
            "38": 0.07498829995319982,
            "39": 0.000792003168012672,
            "40": 0.01662006648026592,
            "41": 0.002808011232044928,
            "42": 0.0012000048000192002,
            "43": 0.002064008256033024,
            "44": 0.000516002064008256,
            "45": 6.000024000096e-06,
            "46": 6.000024000096e-06,
            "47": 0.010812043248172993,
            "48": 0.000792003168012672,
            "49": 0.000786003144012576,
            "50": 0.00519002076008304,
            "51": 0.00027000108000432003,
            "52": 0.00051000204000816,
            "53": 0.00048600194400777604,
            "54": 0.00072000288001152,
            "55": 0.00045000180000720003,
            "56": 0.003858015432061728,
            "57": 6.000024000096e-06,
            "58": 0.0029940119760479044,
            "59": 0.00016200064800259202,
            "60": 0.005352021408085632,
            "61": 0.00282001128004512,
            "62": 0.00028200112800451203,
            "63": 0.010284041136164544,
            "64": 0.000786003144012576,
            "65": 6.000024000096e-06,
            "66": 0.00045000180000720003,
            "67": 6.000024000096e-06,
            "68": 0.008268033072132289,
            "69": 0.007458029832119329,
            "70": 0.002718010872043488,
            "71": 0.002736010944043776,
            "72": 0.0021420085680342723,
            "73": 1.8000072000288002e-05,
            "74": 0.001242004968019872,
            "75": 0.006996027984111936,
            "76": 0.000354001416005664,
            "77": 0.0030120120480481923,
            "78": 0.003054012216048864,
            "79": 6.000024000096e-06,
            "80": 0.00045600182400729603,
            "81": 0.001572006288025152,
            "82": 6.000024000096e-06,
            "83": 0.00030600122400489604,
            "84": 6.000024000096e-06,
            "85": 0.00031200124800499204,
            "86": 0.000792003168012672,
            "87": 0.002274009096036384,
            "88": 6.000024000096e-06,
            "89": 0.012942051768207072,
            "90": 0.004644018576074304,
            "91": 0.0020220080880323523,
            "92": 0.001002004008016032,
            "93": 0.00015000060000240002,
            "94": 0.00031800127200508804,
            "95": 0.00047400189600758404,
            "96": 0.00237000948003792,
            "97": 0.000132000528002112,
            "98": 0.00016200064800259202,
            "99": 4.2000168000672006e-05,
            "100": 0.00144000576002304,
            "101": 0.0049380197520790085,
            "102": 0.003282013128052512,
            "103": 0.07513230052920211,
            "104": 0.003048012192048768,
            "105": 0.000246000984003936,
            "106": 0.000522002088008352,
            "107": 0.000732002928011712,
            "108": 0.00013800055200220802,
            "109": 0.0006180024720098881,
            "110": 1.8000072000288002e-05,
            "111": 4.2000168000672006e-05,
            "112": 0.00267001068004272,
            "113": 5.4000216000864e-05,
            "114": 0.018222072888291554,
            "115": 0.000414001656006624,
            "116": 4.2000168000672006e-05,
            "117": 1.8000072000288002e-05,
            "118": 0.00081000324001296,
            "119": 5.4000216000864e-05,
            "120": 0.0013200052800211202,
            "121": 0.00023400093600374402,
            "122": 0.004176016704066816,
            "123": 0.001926007704030816,
            "124": 0.000342001368005472,
            "125": 0.000258001032004128,
            "126": 0.000798003192012768,
            "127": 0.000204000816003264,
            "128": 0.000102000408001632,
            "129": 0.000846003384013536,
            "130": 0.006468025872103488,
            "131": 0.000342001368005472,
            "132": 6.000024000096e-06,
            "133": 0.00022200088800355201,
            "134": 0.00015000060000240002,
            "135": 1.8000072000288002e-05,
            "136": 0.00016200064800259202,
            "137": 0.001242004968019872,
            "138": 0.001548006192024768,
            "139": 9.000036000144e-05,
            "140": 0.0018240072960291841,
            "141": 0.013314053256213024,
            "142": 0.00030600122400489604,
            "143": 0.0005700022800091201,
            "144": 9.000036000144e-05,
            "145": 6.6000264001056e-05,
            "146": 0.000102000408001632,
            "147": 0.0011400045600182401,
            "148": 0.000102000408001632,