{
    "N_max": 397030,
    "M": 397030,
    "picking": "adjacent",
    "mutation_rate": 42.38288461733209,
    "P_death": 0.2053511386730917,
    "D": 640,
    "new_clone_frequency": 0.0017481684479207851,
    "depth_sequencing": 100,
    "min_alt_reads": 2,
    "n_sequencing": 10,
    "max_horizontal": 2
}