{
    "0": {
        "clone_proportion": {
            "0": 1.0
        },
        "mrca": 0,
        "size": 6666
    },
    "1": {
        "clone_proportion": {
            "0": 1.0
        },
        "mrca": 0,
        "size": 20000
    },
    "2": {
        "clone_proportion": {
            "0": 1.0
        },
        "mrca": 0,
        "size": 33333
    },
    "3": {
        "clone_proportion": {
            "0": 0.13756375637563756,
            "1": 0.7170717071707171,
            "2": 0.00015001500150015003,
            "3": 0.00255025502550255,
            "4": 0.00825082508250825,
            "5": 0.0034503450345034505,
            "6": 0.07980798079807981,
            "7": 0.00015001500150015003,
            "8": 0.0022502250225022503,
            "9": 0.037803780378037805,
            "10": 0.0051005100510051,
            "11": 0.00045004500450045,
            "12": 0.004050405040504051,
            "13": 0.00045004500450045,
            "14": 0.0009000900090009
        },
        "mrca": 0,
        "size": 6666
    },
    "4": {
        "clone_proportion": {
            "0": 1.0
        },
        "mrca": 0,
        "size": 5263
    },
    "5": {
        "clone_proportion": {
            "0": 1.0
        },
        "mrca": 0,
        "size": 12500
    },
    "6": {
        "clone_proportion": {
            "0": 1.0
        },
        "mrca": 0,
        "size": 9090
    },
    "7": {
        "clone_proportion": {
            "0": 1.0
        },
        "mrca": 0,
        "size": 7692
    },
    "8": {
        "clone_proportion": {
            "0": 1.0
        },
        "mrca": 0,
        "size": 14285
    },
    "9": {
        "clone_proportion": {
            "0": 1.0
        },
        "mrca": 0,
        "size": 12500
    }
}