{
    "n_event": 490268,
    "config": {
        "N_max": 490268,
        "M": 490268,
        "picking": "adjacent",
        "mutation_rate": 49.69689841489847,
        "P_death": 0.27681134121201234,
        "D": 640,
        "new_clone_frequency": 0.03511304432040829,
        "depth_sequencing": 100,
        "min_alt_reads": 2,
        "n_sequencing": 10,
        "max_horizontal": 2
    },
    "clone_proportion": {
        "0": 0.9999982570866855,
        "2": 1.742913314463392e-06
    },
    "clones": [
        {
            "id": 0,
            "fitness": 0,
            "ancestor": null,
            "dead_lineage": false,
            "size": 709345,
            "tmb": 100
        },
        {
            "id": 1,
            "fitness": 0.23063831876905316,
            "ancestor": 0,
            "dead_lineage": true,
            "size": 1,
            "tmb": 383
        },
        {
            "id": 2,
            "fitness": 0.03606001745348131,
            "ancestor": 0,
            "dead_lineage": false,
            "size": 1,
            "tmb": 314
        }
    ]
}