{
    "0": {
        "clone_proportion": {
            "3": 1.0
        },
        "mrca": 3,
        "size": 20000
    },
    "1": {
        "clone_proportion": {
            "6": 0.8871388713887138,
            "7": 0.002970029700297003,
            "8": 0.00963009630096301,
            "9": 0.0006300063000630006,
            "10": 0.00027000270002700027,
            "11": 0.03663036630366304,
            "12": 0.0006300063000630006,
            "13": 9.000090000900009e-05,
            "14": 0.003960039600396004,
            "15": 0.00045000450004500047,
            "16": 0.006570065700657006,
            "17": 0.0013500135001350013,
            "18": 0.0006300063000630006,
            "19": 0.00027000270002700027,
            "20": 0.001890018900189002,
            "21": 0.02133021330213302,
            "22": 0.001890018900189002,
            "23": 0.00027000270002700027,
            "24": 0.00027000270002700027,
            "25": 0.006930069300693007,
            "26": 0.00027000270002700027,
            "27": 0.006570065700657006,
            "28": 0.00045000450004500047,
            "29": 0.0011700117001170011,
            "30": 0.0006300063000630006,
            "31": 0.0008100081000810009,
            "32": 0.0013500135001350013,
            "33": 0.0006300063000630006,
            "34": 0.00045000450004500047,
            "35": 9.000090000900009e-05,
            "36": 0.00027000270002700027,
            "37": 0.000990009900099001,
            "38": 0.002070020700207002,
            "39": 0.00045000450004500047
        },
        "mrca": 0,
        "size": 11111
    },
    "2": {
        "clone_proportion": {
            "2": 0.32878315132605307,
            "3": 0.6712168486739469
        },
        "mrca": 0,
        "size": 7692
    },
    "3": {
        "clone_proportion": {
            "0": 1.0
        },
        "mrca": 0,
        "size": 6666
    },
    "4": {
        "clone_proportion": {
            "3": 0.17537701508060322,
            "4": 0.031721268850754034,
            "5": 0.03029121164846594,
            "6": 0.7626105044201769
        },
        "mrca": 0,
        "size": 7692
    },
    "5": {
        "clone_proportion": {
            "0": 1.0
        },
        "mrca": 0,
        "size": 8333
    },
    "6": {
        "clone_proportion": {
            "0": 1.0
        },
        "mrca": 0,
        "size": 5882
    },
    "7": {
        "clone_proportion": {
            "3": 1.0
        },
        "mrca": 3,
        "size": 7692
    },
    "8": {
        "clone_proportion": {
            "0": 1.0
        },
        "mrca": 0,
        "size": 25000
    },
    "9": {
        "clone_proportion": {
            "0": 1.0
        },
        "mrca": 0,
        "size": 7692
    }
}