{
    "0": {
        "clone_proportion": {
            "1": 1.0
        },
        "mrca": 1,
        "size": 68027
    },
    "1": {
        "clone_proportion": {
            "0": 1.0
        },
        "mrca": 0,
        "size": 34013
    },
    "2": {
        "clone_proportion": {
            "1": 1.0
        },
        "mrca": 1,
        "size": 75586
    },
    "3": {
        "clone_proportion": {
            "1": 1.0
        },
        "mrca": 1,
        "size": 34013
    },
    "4": {
        "clone_proportion": {
            "0": 0.031795964867149314,
            "1": 0.9682040351328507
        },
        "mrca": 0,
        "size": 136055
    },
    "5": {
        "clone_proportion": {
            "1": 1.0
        },
        "mrca": 1,
        "size": 226758
    },
    "6": {
        "clone_proportion": {
            "1": 1.0
        },
        "mrca": 1,
        "size": 97182
    },
    "7": {
        "clone_proportion": {
            "0": 1.0
        },
        "mrca": 0,
        "size": 37793
    },
    "8": {
        "clone_proportion": {
            "0": 1.0
        },
        "mrca": 0,
        "size": 68027
    },
    "9": {
        "clone_proportion": {
            "0": 0.5238536236869261,
            "1": 0.4761463763130738
        },
        "mrca": 0,
        "size": 37793
    }
}