{
    "0": {
        "clone_proportion": {
            "3": 1.0
        },
        "mrca": 3,
        "size": 78057
    },
    "1": {
        "clone_proportion": {
            "0": 1.0
        },
        "mrca": 0,
        "size": 87814
    },
    "2": {
        "clone_proportion": {
            "1": 0.7928257249007131,
            "2": 0.0020412520818208994,
            "3": 0.20513302301746594
        },
        "mrca": 0,
        "size": 117085
    },
    "3": {
        "clone_proportion": {
            "0": 1.0
        },
        "mrca": 0,
        "size": 175628
    },
    "4": {
        "clone_proportion": {
            "0": 0.07068938520448108,
            "1": 0.9293106147955189
        },
        "mrca": 0,
        "size": 70251
    },
    "5": {
        "clone_proportion": {
            "0": 1.0
        },
        "mrca": 0,
        "size": 35125
    },
    "6": {
        "clone_proportion": {
            "1": 0.4365477030997335,
            "2": 0.0027216616940351195,
            "3": 0.5607306352062313
        },
        "mrca": 0,
        "size": 87814
    },
    "7": {
        "clone_proportion": {
            "1": 1.0
        },
        "mrca": 1,
        "size": 100359
    },
    "8": {
        "clone_proportion": {
            "0": 1.0
        },
        "mrca": 0,
        "size": 234171
    },
    "9": {
        "clone_proportion": {
            "1": 1.0
        },
        "mrca": 1,
        "size": 117085
    }
}