{
    "0": {
        "clone_proportion": {
            "0": 1.0
        },
        "mrca": 0,
        "size": 24882
    },
    "1": {
        "clone_proportion": {
            "0": 1.0
        },
        "mrca": 0,
        "size": 22809
    },
    "2": {
        "clone_proportion": {
            "0": 1.0
        },
        "mrca": 0,
        "size": 24882
    },
    "3": {
        "clone_proportion": {
            "0": 1.0
        },
        "mrca": 0,
        "size": 13685
    },
    "4": {
        "clone_proportion": {
            "0": 1.0
        },
        "mrca": 0,
        "size": 27370
    },
    "5": {
        "clone_proportion": {
            "0": 0.09101670393265816,
            "1": 0.18545311061423123,
            "2": 0.7235301854531107
        },
        "mrca": 0,
        "size": 45618
    },
    "6": {
        "clone_proportion": {
            "0": 0.18155114209303344,
            "1": 0.09272655530711561,
            "2": 0.7257223025998509
        },
        "mrca": 0,
        "size": 91236
    },
    "7": {
        "clone_proportion": {
            "0": 1.0
        },
        "mrca": 0,
        "size": 13685
    },
    "8": {
        "clone_proportion": {
            "0": 1.0
        },
        "mrca": 0,
        "size": 91236
    },
    "9": {
        "clone_proportion": {
            "2": 1.0
        },
        "mrca": 2,
        "size": 68427
    }
}