{
    "0": {
        "clone_proportion": {
            "0": 1.0
        },
        "mrca": 0,
        "size": 20381
    },
    "1": {
        "clone_proportion": {
            "2": 1.0
        },
        "mrca": 2,
        "size": 46585
    },
    "2": {
        "clone_proportion": {
            "0": 1.0
        },
        "mrca": 0,
        "size": 19182
    },
    "3": {
        "clone_proportion": {
            "2": 1.0
        },
        "mrca": 2,
        "size": 36233
    },
    "4": {
        "clone_proportion": {
            "2": 1.0
        },
        "mrca": 2,
        "size": 25084
    },
    "5": {
        "clone_proportion": {
            "3": 0.9937808199013763,
            "4": 0.006219180098623684
        },
        "mrca": 2,
        "size": 27174
    },
    "6": {
        "clone_proportion": {
            "0": 1.0
        },
        "mrca": 0,
        "size": 25084
    },
    "7": {
        "clone_proportion": {
            "0": 1.0
        },
        "mrca": 0,
        "size": 46585
    },
    "8": {
        "clone_proportion": {
            "0": 1.0
        },
        "mrca": 0,
        "size": 65219
    },
    "9": {
        "clone_proportion": {
            "0": 0.14765952748951203,
            "1": 0.09604769264738353,
            "2": 0.7562927798631044
        },
        "mrca": 0,
        "size": 18116
    }
}