{
    "N_max": 135612,
    "M": 135612,
    "picking": "adjacent",
    "mutation_rate": 30.56147507523265,
    "P_death": 0.29256896973712804,
    "D": 640,
    "new_clone_frequency": 0.03346433187606137,
    "depth_sequencing": 100,
    "min_alt_reads": 2,
    "n_sequencing": 10,
    "max_horizontal": 2
}