{
    "0": {
        "clone_proportion": {
            "3": 1.0
        },
        "mrca": 3,
        "size": 18042
    },
    "1": {
        "clone_proportion": {
            "0": 1.0
        },
        "mrca": 0,
        "size": 48972
    },
    "2": {
        "clone_proportion": {
            "3": 1.0
        },
        "mrca": 3,
        "size": 21425
    },
    "3": {
        "clone_proportion": {
            "0": 1.0
        },
        "mrca": 0,
        "size": 22853
    },
    "4": {
        "clone_proportion": {
            "0": 1.0
        },
        "mrca": 0,
        "size": 68561
    },
    "5": {
        "clone_proportion": {
            "0": 1.0
        },
        "mrca": 0,
        "size": 85701
    },
    "6": {
        "clone_proportion": {
            "3": 0.25469947841915497,
            "4": 0.0015402387370042356,
            "5": 0.7437602828438408
        },
        "mrca": 0,
        "size": 28567
    },
    "7": {
        "clone_proportion": {
            "1": 0.6158154513949662,
            "2": 0.037700843630762766,
            "3": 0.346483704974271
        },
        "mrca": 0,
        "size": 28567
    },
    "8": {
        "clone_proportion": {
            "0": 1.0
        },
        "mrca": 0,
        "size": 19044
    },
    "9": {
        "clone_proportion": {
            "0": 0.9224046393857714,
            "1": 0.07759536061422855
        },
        "mrca": 0,
        "size": 48972
    }
}