{
    "0": {
        "clone_proportion": {
            "0": 1.0
        },
        "mrca": 0,
        "size": 18467
    },
    "1": {
        "clone_proportion": {
            "0": 1.0
        },
        "mrca": 0,
        "size": 41551
    },
    "2": {
        "clone_proportion": {
            "0": 1.0
        },
        "mrca": 0,
        "size": 18467
    },
    "3": {
        "clone_proportion": {
            "6": 0.34444126893398114,
            "7": 0.04829951414689911,
            "8": 0.6072592169191198
        },
        "mrca": 2,
        "size": 17495
    },
    "4": {
        "clone_proportion": {
            "0": 1.0
        },
        "mrca": 0,
        "size": 30219
    },
    "5": {
        "clone_proportion": {
            "3": 0.07907656763293744,
            "4": 0.000198548788852388,
            "5": 0.00027074834843507454,
            "6": 0.9204541352297751
        },
        "mrca": 0,
        "size": 55402
    },
    "6": {
        "clone_proportion": {
            "0": 1.0
        },
        "mrca": 0,
        "size": 27701
    },
    "7": {
        "clone_proportion": {
            "0": 1.0
        },
        "mrca": 0,
        "size": 47487
    },
    "8": {
        "clone_proportion": {
            "6": 0.31069401114918427,
            "7": 0.043215874801820695,
            "8": 0.6460901140489951
        },
        "mrca": 2,
        "size": 19553
    },
    "9": {
        "clone_proportion": {
            "2": 1.0
        },
        "mrca": 2,
        "size": 16620
    }
}