{
    "0": {
        "clone_proportion": {
            "4": 0.8677286772867728,
            "5": 0.010170101701017011,
            "6": 0.12210122101221012
        },
        "mrca": 0,
        "size": 33333
    },
    "1": {
        "clone_proportion": {
            "2": 1.0
        },
        "mrca": 2,
        "size": 25000
    },
    "2": {
        "clone_proportion": {
            "1": 0.40490333729344424,
            "2": 0.5950966627065558
        },
        "mrca": 0,
        "size": 27777
    },
    "3": {
        "clone_proportion": {
            "0": 0.39322,
            "1": 0.60678
        },
        "mrca": 0,
        "size": 50000
    },
    "4": {
        "clone_proportion": {
            "0": 0.17126245282377342,
            "1": 0.8287375471762266
        },
        "mrca": 0,
        "size": 29411
    },
    "5": {
        "clone_proportion": {
            "0": 1.0
        },
        "mrca": 0,
        "size": 71428
    },
    "6": {
        "clone_proportion": {
            "6": 1.0
        },
        "mrca": 6,
        "size": 33333
    },
    "7": {
        "clone_proportion": {
            "1": 0.018810075240300962,
            "2": 0.8668894675578702,
            "3": 0.11430045720182881
        },
        "mrca": 0,
        "size": 166666
    },
    "8": {
        "clone_proportion": {
            "0": 0.5051100408803271,
            "1": 0.458405667245338,
            "2": 0.036484291874334995
        },
        "mrca": 0,
        "size": 71428
    },
    "9": {
        "clone_proportion": {
            "4": 1.0
        },
        "mrca": 4,
        "size": 25000
    }
}