{
    "0": {
        "clone_proportion": {
            "2": 1.0
        },
        "mrca": 2,
        "size": 50808
    },
    "1": {
        "clone_proportion": {
            "0": 1.0
        },
        "mrca": 0,
        "size": 21775
    },
    "2": {
        "clone_proportion": {
            "0": 0.6667093104500231,
            "1": 0.33329068954997687
        },
        "mrca": 0,
        "size": 101617
    },
    "3": {
        "clone_proportion": {
            "0": 1.0
        },
        "mrca": 0,
        "size": 50808
    },
    "4": {
        "clone_proportion": {
            "1": 1.0
        },
        "mrca": 1,
        "size": 16044
    },
    "5": {
        "clone_proportion": {
            "2": 0.7251247330663176,
            "3": 0.27487526693368236
        },
        "mrca": 2,
        "size": 101617
    },
    "6": {
        "clone_proportion": {
            "1": 1.0
        },
        "mrca": 1,
        "size": 50808
    },
    "7": {
        "clone_proportion": {
            "0": 1.0
        },
        "mrca": 0,
        "size": 43550
    },
    "8": {
        "clone_proportion": {
            "1": 1.0
        },
        "mrca": 1,
        "size": 30485
    },
    "9": {
        "clone_proportion": {
            "0": 0.46736734372539757,
            "1": 0.5326326562746024
        },
        "mrca": 0,
        "size": 76212
    }
}