{
    "0": {
        "clone_proportion": {
            "3": 1.0
        },
        "mrca": 3,
        "size": 84213
    },
    "1": {
        "clone_proportion": {
            "3": 1.0
        },
        "mrca": 3,
        "size": 61246
    },
    "2": {
        "clone_proportion": {
            "3": 1.0
        },
        "mrca": 3,
        "size": 42106
    },
    "3": {
        "clone_proportion": {
            "3": 1.0
        },
        "mrca": 3,
        "size": 44913
    },
    "4": {
        "clone_proportion": {
            "1": 0.3137514806249648,
            "2": 0.005104630830842123,
            "3": 0.6811438885441932
        },
        "mrca": 0,
        "size": 35458
    },
    "5": {
        "clone_proportion": {
            "3": 1.0
        },
        "mrca": 3,
        "size": 74856
    },
    "6": {
        "clone_proportion": {
            "3": 1.0
        },
        "mrca": 3,
        "size": 112284
    },
    "7": {
        "clone_proportion": {
            "3": 1.0
        },
        "mrca": 3,
        "size": 44913
    },
    "8": {
        "clone_proportion": {
            "1": 0.12072067258024295,
            "2": 0.001611983897972997,
            "3": 0.877667343521784
        },
        "mrca": 0,
        "size": 112284
    },
    "9": {
        "clone_proportion": {
            "3": 1.0
        },
        "mrca": 3,
        "size": 33685
    }
}