{
    "0": {
        "clone_proportion": {
            "9": 0.2361025103605964,
            "10": 0.030462535130757872,
            "11": 0.03670271042728528,
            "12": 0.03994188539036822,
            "13": 0.6567903586909922
        },
        "mrca": 0,
        "size": 41986
    },
    "1": {
        "clone_proportion": {
            "3": 1.0
        },
        "mrca": 3,
        "size": 41986
    },
    "2": {
        "clone_proportion": {
            "2": 0.025088645356055126,
            "3": 0.9749113546439448
        },
        "mrca": 2,
        "size": 111963
    },
    "3": {
        "clone_proportion": {
            "4": 0.2602637768317009,
            "5": 0.14212986394355295,
            "7": 0.0344458007085653,
            "8": 0.00884218047575099,
            "9": 0.5543183780404299
        },
        "mrca": 0,
        "size": 33589
    },
    "4": {
        "clone_proportion": {
            "0": 1.0
        },
        "mrca": 0,
        "size": 111963
    },
    "5": {
        "clone_proportion": {
            "3": 0.000924408400952096,
            "4": 0.09465138192357331,
            "5": 0.021319447855774425,
            "7": 0.005166862414983454,
            "8": 0.0013263250970182248,
            "9": 0.8766115743076985
        },
        "mrca": 0,
        "size": 223927
    },
    "6": {
        "clone_proportion": {
            "9": 0.737245748582861,
            "10": 0.013327359119706568,
            "11": 0.01605743581193731,
            "12": 0.017474574858286095,
            "13": 0.21589488162720907
        },
        "mrca": 0,
        "size": 95968
    },
    "7": {
        "clone_proportion": {
            "2": 0.19387654850263034,
            "3": 0.8061234514973696
        },
        "mrca": 2,
        "size": 111963
    },
    "8": {
        "clone_proportion": {
            "9": 1.0
        },
        "mrca": 9,
        "size": 44785
    },
    "9": {
        "clone_proportion": {
            "2": 1.0
        },
        "mrca": 2,
        "size": 55981
    }
}