{
    "n_event": 671782,
    "config": {
        "N_max": 671782,
        "M": 671782,
        "picking": "adjacent",
        "mutation_rate": 9.226230971293132,
        "P_death": 0.06766813951786918,
        "D": 640,
        "new_clone_frequency": 0.03750808841988319,
        "depth_sequencing": 100,
        "min_alt_reads": 2,
        "n_sequencing": 10,
        "max_horizontal": 2
    },
    "clone_proportion": {
        "0": 0.36149647929614087,
        "1": 0.0068873432746314675,
        "2": 0.07253950386279319,
        "3": 0.11362252720355641,
        "4": 0.017555891846760548,
        "5": 0.003954320720756539,
        "7": 0.0009583471038783653,
        "8": 0.0002460061277890013,
        "9": 0.32385671344096306,
        "10": 0.0010594001260677867,
        "11": 0.001276415632736872,
        "12": 0.00138906490337426,
        "13": 0.06956175292204753,
        "14": 0.011022234149792054,
        "15": 0.0010005905803673856,
        "16": 0.0002526325554735535,
        "17": 0.00012838703638819933,
        "18": 2.4849103817070836e-06,
        "19": 0.002313451565369295,
        "20": 0.0006278540231113231,
        "21": 0.0036594446887939654,
        "22": 0.0036611012957151034,
        "23": 0.0009889943319194192,
        "24": 8.283034605690279e-07,
        "25": 0.0013551044614909297,
        "26": 0.00036528182611094133,
        "27": 1.0767944987397363e-05,
        "28": 8.283034605690279e-07,
        "29": 8.283034605690279e-07,
        "30": 4.141517302845139e-06,
        "31": 2.1535889974794726e-05,
        "32": 8.283034605690279e-07,
        "33": 6.626427684552223e-06,
        "35": 1.987928305365667e-05,
        "37": 2.4849103817070836e-06,
        "38": 5.798124223983195e-06,
        "39": 2.4849103817070836e-06,
        "40": 7.454731145121251e-06,
        "41": 5.3839724936986814e-05,
        "42": 8.283034605690279e-07,
        "43": 9.111338066259307e-06,
        "44": 4.472838687072751e-05,
        "45": 1.7394372671949588e-05,
        "46": 8.283034605690279e-07,
        "47": 8.283034605690279e-07,
        "48": 2.4849103817070836e-06,
        "49": 8.283034605690279e-07,
        "50": 8.283034605690279e-07,
        "51": 8.283034605690279e-07,
        "52": 8.283034605690279e-07,
        "53": 8.283034605690279e-07
    },
    "clones": [
        {
            "id": 0,
            "fitness": 0,
            "ancestor": null,
            "dead_lineage": false,
            "size": 452685,
            "tmb": 100
        },
        {
            "id": 1,
            "fitness": 0.46306758722809793,
            "ancestor": 0,
            "dead_lineage": false,
            "size": 8639,
            "tmb": 206
        },
        {
            "id": 2,
            "fitness": 1.1185370796802216,
            "ancestor": 0,
            "dead_lineage": false,
            "size": 90765,
            "tmb": 170
        },
        {
            "id": 3,
            "fitness": 2.3162301944257306,
            "ancestor": 2,
            "dead_lineage": false,
            "size": 142311,
            "tmb": 175
        },
        {
            "id": 4,
            "fitness": 1.640131185595007,
            "ancestor": 2,
            "dead_lineage": false,
            "size": 21975,
            "tmb": 215
        },
        {
            "id": 5,
            "fitness": 1.1464038136158798,
            "ancestor": 1,
            "dead_lineage": false,
            "size": 4925,
            "tmb": 243
        },
        {
            "id": 6,
            "fitness": 1.8111000614883959,
            "ancestor": 1,
            "dead_lineage": true,
            "size": 1,
            "tmb": 244
        },
        {
            "id": 7,
            "fitness": 2.057737236280687,
            "ancestor": 5,
            "dead_lineage": false,
            "size": 1205,
            "tmb": 269
        },
        {
            "id": 8,
            "fitness": 2.9360765793261017,
            "ancestor": 4,
            "dead_lineage": false,
            "size": 307,
            "tmb": 243
        },
        {
            "id": 9,
            "fitness": 4.404401952704302,
            "ancestor": 3,
            "dead_lineage": false,
            "size": 406001,
            "tmb": 232
        },
        {
            "id": 10,
            "fitness": 2.646792342210448,
            "ancestor": 4,
            "dead_lineage": false,
            "size": 1317,
            "tmb": 256
        },
        {
            "id": 11,
            "fitness": 2.2081513204331094,
            "ancestor": 5,
            "dead_lineage": false,
            "size": 1607,
            "tmb": 295
        },
        {
            "id": 12,
            "fitness": 2.911305333830179,
            "ancestor": 3,
            "dead_lineage": false,
            "size": 1767,
            "tmb": 210
        },
        {
            "id": 13,
            "fitness": 5.711511661317091,
            "ancestor": 9,
            "dead_lineage": false,
            "size": 87107,
            "tmb": 268
        },
        {
            "id": 14,
            "fitness": 5.80322019871492,
            "ancestor": 9,
            "dead_lineage": false,
            "size": 13797,
            "tmb": 264
        },
        {
            "id": 15,
            "fitness": 4.277674474293168,
            "ancestor": 12,
            "dead_lineage": false,
            "size": 1259,
            "tmb": 237
        },
        {
            "id": 16,
            "fitness": 3.545734993597784,
            "ancestor": 10,
            "dead_lineage": false,
            "size": 317,
            "tmb": 278
        },
        {
            "id": 17,
            "fitness": 4.411246948317568,
            "ancestor": 12,
            "dead_lineage": false,
            "size": 161,
            "tmb": 257
        },
        {
            "id": 18,
            "fitness": 2.9856207287651015,
            "ancestor": 10,
            "dead_lineage": false,
            "size": 3,
            "tmb": 299
        },
        {
            "id": 19,
            "fitness": 6.5297228912246,
            "ancestor": 13,
            "dead_lineage": false,
            "size": 2905,
            "tmb": 358
        },
        {
            "id": 20,
            "fitness": 6.816723092422367,
            "ancestor": 13,
            "dead_lineage": false,
            "size": 783,
            "tmb": 348
        },
        {
            "id": 21,
            "fitness": 8.158707690106539,
            "ancestor": 14,
            "dead_lineage": false,
            "size": 4595,
            "tmb": 294
        },
        {
            "id": 22,
            "fitness": 6.512864841544548,
            "ancestor": 19,
            "dead_lineage": false,
            "size": 4589,
            "tmb": 401
        },
        {
            "id": 23,
            "fitness": 6.88371606108795,
            "ancestor": 14,
            "dead_lineage": false,
            "size": 1255,
            "tmb": 314
        },
        {
            "id": 24,
            "fitness": 5.457416097949491,
            "ancestor": 15,
            "dead_lineage": false,
            "size": 1,
            "tmb": 255
        },
        {
            "id": 25,
            "fitness": 6.583533324831806,
            "ancestor": 22,
            "dead_lineage": false,
            "size": 1711,
            "tmb": 463
        },
        {
            "id": 26,
            "fitness": 7.361061078913153,
            "ancestor": 22,
            "dead_lineage": false,
            "size": 455,
            "tmb": 491
        },
        {
            "id": 27,
            "fitness": 4.222579134232703,
            "ancestor": 11,
            "dead_lineage": false,
            "size": 13,
            "tmb": 376
        },
        {
            "id": 28,
            "fitness": 3.6788940108174826,
            "ancestor": 8,
            "dead_lineage": false,
            "size": 1,