{
    "0": {
        "clone_proportion": {
            "4": 0.7706886110220512,
            "5": 0.22931138897794878
        },
        "mrca": 2,
        "size": 84213
    },
    "1": {
        "clone_proportion": {
            "4": 0.2008015437138192,
            "5": 0.7991984562861808
        },
        "mrca": 2,
        "size": 33685
    },
    "2": {
        "clone_proportion": {
            "0": 0.8854333653948915,
            "1": 0.07115884720886324,
            "2": 0.043407787396245234
        },
        "mrca": 0,
        "size": 112284
    },
    "3": {
        "clone_proportion": {
            "7": 1.0
        },
        "mrca": 7,
        "size": 37428
    },
    "4": {
        "clone_proportion": {
            "3": 0.7673399593886929,
            "4": 0.23266004061130705
        },
        "mrca": 2,
        "size": 84213
    },
    "5": {
        "clone_proportion": {
            "4": 0.0964340422500089,
            "5": 0.467950316459454,
            "6": 0.00034436488428152425,
            "7": 0.3121073943452911,
            "8": 0.00014843313977651906,
            "9": 0.12301544892118794
        },
        "mrca": 0,
        "size": 168426
    },
    "6": {
        "clone_proportion": {
            "3": 1.0
        },
        "mrca": 3,
        "size": 48121
    },
    "7": {
        "clone_proportion": {
            "3": 1.0
        },
        "mrca": 3,
        "size": 96243
    },
    "8": {
        "clone_proportion": {
            "3": 1.0
        },
        "mrca": 3,
        "size": 67370
    },
    "9": {
        "clone_proportion": {
            "3": 1.0
        },
        "mrca": 3,
        "size": 44913
    }
}