{
    "0": {
        "clone_proportion": {
            "4": 0.00743391306759868,
            "6": 0.24246206762641814,
            "7": 0.18812238218079944,
            "8": 0.08565643116695792,
            "9": 0.47632520595822586
        },
        "mrca": 0,
        "size": 36051
    },
    "1": {
        "clone_proportion": {
            "0": 1.0
        },
        "mrca": 0,
        "size": 28841
    },
    "2": {
        "clone_proportion": {
            "1": 1.0
        },
        "mrca": 1,
        "size": 7589
    },
    "3": {
        "clone_proportion": {
            "2": 0.2501646960923685,
            "4": 0.1979473665961652,
            "6": 0.3030754828195971,
            "7": 0.23515134704067125,
            "8": 0.013661107451197948
        },
        "mrca": 0,
        "size": 28841
    },
    "4": {
        "clone_proportion": {
            "2": 0.16765831738370643,
            "4": 0.11876924357160688,
            "6": 0.1818465507198136,
            "7": 0.14109178663559957,
            "8": 0.06424232337521844,
            "9": 0.3263917783140551
        },
        "mrca": 0,
        "size": 48068
    },
    "5": {
        "clone_proportion": {
            "0": 1.0
        },
        "mrca": 0,
        "size": 20600
    },
    "6": {
        "clone_proportion": {
            "0": 0.5586460847133228,
            "1": 0.4413539152866772
        },
        "mrca": 0,
        "size": 48068
    },
    "7": {
        "clone_proportion": {
            "0": 1.0
        },
        "mrca": 0,
        "size": 36051
    },
    "8": {
        "clone_proportion": {
            "9": 1.0
        },
        "mrca": 9,
        "size": 8011
    },
    "9": {
        "clone_proportion": {
            "0": 1.0
        },
        "mrca": 0,
        "size": 12017
    }
}