{
    "0": {
        "clone_proportion": {
            "0": 1.0
        },
        "mrca": 0,
        "size": 56257
    },
    "1": {
        "clone_proportion": {
            "4": 1.0
        },
        "mrca": 4,
        "size": 42192
    },
    "2": {
        "clone_proportion": {
            "1": 0.1340282419191991,
            "2": 0.6753174727321852,
            "3": 0.19065428534861564
        },
        "mrca": 0,
        "size": 70321
    },
    "3": {
        "clone_proportion": {
            "1": 1.0
        },
        "mrca": 1,
        "size": 210964
    },
    "4": {
        "clone_proportion": {
            "1": 1.0
        },
        "mrca": 1,
        "size": 60275
    },
    "5": {
        "clone_proportion": {
            "4": 1.0
        },
        "mrca": 4,
        "size": 140643
    },
    "6": {
        "clone_proportion": {
            "4": 0.356632102861883,
            "6": 0.07495644960597263,
            "7": 0.05584404811281626,
            "8": 0.4961758606387391,
            "9": 0.016391538780588966
        },
        "mrca": 0,
        "size": 60275
    },
    "7": {
        "clone_proportion": {
            "1": 0.5422665898764958,
            "2": 0.4577334101235042
        },
        "mrca": 0,
        "size": 93762
    },
    "8": {
        "clone_proportion": {
            "3": 1.0
        },
        "mrca": 3,
        "size": 70321
    },
    "9": {
        "clone_proportion": {
            "0": 0.2636689632942504,
            "1": 0.7363310367057496
        },
        "mrca": 0,
        "size": 49638
    }
}