{
    "n_event": 843859,
    "config": {
        "N_max": 843859,
        "M": 843859,
        "picking": "adjacent",
        "mutation_rate": 40.16589259357441,
        "P_death": 0.08609060633608957,
        "D": 640,
        "new_clone_frequency": 0.022727399940249592,
        "depth_sequencing": 100,
        "min_alt_reads": 2,
        "n_sequencing": 10,
        "max_horizontal": 2
    },
    "clone_proportion": {
        "0": 0.1267143909842273,
        "1": 0.3167033070216801,
        "2": 0.032312234340415774,
        "3": 0.35264827776723134,
        "4": 0.1386801715462638,
        "6": 0.003074115579397302,
        "7": 0.0022902773440131295,
        "8": 0.020349175438918794,
        "9": 0.0011464995022763289,
        "10": 0.002523659735277688,
        "11": 1.905162377669864e-05,
        "12": 6.804151348820943e-06,
        "13": 0.00010274268536719624,
        "14": 0.0010457980623137788,
        "15": 0.0012111389400901278,
        "16": 0.0001775883502042266,
        "17": 7.484566483703037e-06,
        "18": 6.804151348820942e-07,
        "19": 5.511362592544963e-05,
        "20": 0.0006627243413751599,
        "21": 4.9670304846392884e-05,
        "22": 5.2391965385921255e-05,
        "23": 3.0618681069694244e-05,
        "24": 6.940234375797361e-05,
        "25": 3.4020756744104714e-06,
        "26": 1.3608302697641886e-05,
        "27": 4.76290594417466e-06,
        "28": 2.0412454046462827e-06,
        "29": 2.721660539528377e-06,
        "30": 2.0412454046462827e-06,
        "31": 7.484566483703037e-06,
        "32": 2.3134114585991204e-05,
        "33": 2.0412454046462827e-06,
        "34": 6.804151348820942e-07,
        "35": 6.804151348820942e-07,
        "36": 2.0412454046462827e-06,
        "37": 6.804151348820942e-07,
        "38": 6.804151348820942e-07,
        "39": 6.804151348820942e-07
    },
    "clones": [
        {
            "id": 0,
            "fitness": 0,
            "ancestor": null,
            "dead_lineage": false,
            "size": 195295,
            "tmb": 100
        },
        {
            "id": 1,
            "fitness": 1.4367897030609322,
            "ancestor": 0,
            "dead_lineage": false,
            "size": 488707,
            "tmb": 434
        },
        {
            "id": 2,
            "fitness": 1.5069908135160581,
            "ancestor": 0,
            "dead_lineage": false,
            "size": 49839,
            "tmb": 414
        },
        {
            "id": 3,
            "fitness": 2.7008404884553947,
            "ancestor": 1,
            "dead_lineage": false,
            "size": 543799,
            "tmb": 617
        },
        {
            "id": 4,
            "fitness": 2.4887001666719843,
            "ancestor": 1,
            "dead_lineage": false,
            "size": 213879,
            "tmb": 648
        },
        {
            "id": 5,
            "fitness": 3.927724241315646,
            "ancestor": 4,
            "dead_lineage": true,
            "size": 1,
            "tmb": 695
        },
        {
            "id": 6,
            "fitness": 3.5936182813090056,
            "ancestor": 3,
            "dead_lineage": false,
            "size": 4721,
            "tmb": 725
        },
        {
            "id": 7,
            "fitness": 2.9767590588822994,
            "ancestor": 2,
            "dead_lineage": false,
            "size": 3539,
            "tmb": 769
        },
        {
            "id": 8,
            "fitness": 4.311447724951417,
            "ancestor": 4,
            "dead_lineage": false,
            "size": 31425,
            "tmb": 1024
        },
        {
            "id": 9,
            "fitness": 3.677284277557395,
            "ancestor": 3,
            "dead_lineage": false,
            "size": 1787,
            "tmb": 693
        },
        {
            "id": 10,
            "fitness": 2.685461509937416,
            "ancestor": 2,
            "dead_lineage": false,
            "size": 3887,
            "tmb": 754
        },
        {
            "id": 11,
            "fitness": 2.9941417797366014,
            "ancestor": 10,
            "dead_lineage": false,
            "size": 31,
            "tmb": 876
        },
        {
            "id": 12,
            "fitness": 3.371200794517223,
            "ancestor": 6,
            "dead_lineage": false,
            "size": 10,
            "tmb": 752
        },
        {
            "id": 13,
            "fitness": 5.207466451773348,
            "ancestor": 8,
            "dead_lineage": false,
            "size": 157,
            "tmb": 1078
        },
        {
            "id": 14,
            "fitness": 3.7619566430771245,
            "ancestor": 10,
            "dead_lineage": false,
            "size": 1607,
            "tmb": 940
        },
        {
            "id": 15,
            "fitness": 4.934192308054772,
            "ancestor": 6,
            "dead_lineage": false,
            "size": 1873,
            "tmb": 814
        },
        {
            "id": 16,
            "fitness": 4.288341748710197,
            "ancestor": 7,
            "dead_lineage": false,
            "size": 281,
            "tmb": 955
        },
        {
            "id": 17,
            "fitness": 4.217242255316318,
            "ancestor": 9,
            "dead_lineage": false,
            "size": 11,
            "tmb": 754
        },
        {
            "id": 18,
            "fitness": 5.07917925467227,
            "ancestor": 8,
            "dead_lineage": false,
            "size": 1,
            "tmb": 1104
        },
        {
            "id": 19,
            "fitness": 4.4057962414451195,
            "ancestor": 14,
            "dead_lineage": false,
            "size": 84,
            "tmb": 1045
        },
        {
            "id": 20,
            "fitness": 5.048027789999997,
            "ancestor": 9,
            "dead_lineage": false,
            "size": 1019,
            "tmb": 826
        },
        {
            "id": 21,
            "fitness": 5.731983672245427,
            "ancestor": 15,
            "dead_lineage": false,
            "size": 77,
            "tmb": 933
        },
        {
            "id": 22,
            "fitness": 3.9856060059860834,
            "ancestor": 7,
            "dead_lineage": false,
            "size": 79,
            "tmb": 1210
        },
        {
            "id": 23,
            "fitness": 4.912226857594633,
            "ancestor": 22,
            "dead_lineage": false,
            "size": 47,
            "tmb": 1254
        },
        {
            "id": 24,
            "fitness": 5.215027318370549,
            "ancestor": 15,
            "dead_lineage": false,
            "size": 109,
            "tmb": 908
        },
        {
            "id": 25,
            "fitness": 4.238447517238912,
            "ancestor": 14,
            "dead_lineage": false,
            "size": 5,
            "tmb": 1010
        },
        {
            "id": 26,
            "fitness": 5.829103328424428,
            "ancestor": 13,
            "dead_lineage": false,
            "size": 21,
            "tmb": 1195
        },
        {
            "id": 27,
            "fitness": 4.412221303345262,
            "ancestor": 12,
            "dead_lineage": false,
            "size": 7,
            "tmb": 778
        },
        {
            "id": 28,
            "fitness": 6.736757772280669,
            "ancestor": 21,
            "dead_lineage": false,
            "size": 3,
            "tmb": 993
        },
        {
            "id": 29,
            "fitness": 5.8563327646019285,
            "ancestor": 16,
            "dead_lineage": false,
            "size": 5,
            "tmb": 1199
        },
        {
            "id": 30,
            "fitness": 6.732061327396089,
            "ancestor": 21,
            "dead_lineage": false,
            "size": 3,
            "tmb": 999
        },
        {
            "id": 31,
            "fitness": 6.116293478903734,