{
    "0": {
        "clone_proportion": {
            "1": 1.0
        },
        "mrca": 1,
        "size": 18488
    },
    "1": {
        "clone_proportion": {
            "1": 1.0
        },
        "mrca": 1,
        "size": 36976
    },
    "2": {
        "clone_proportion": {
            "0": 0.43129901739835935,
            "1": 0.5687009826016407
        },
        "mrca": 0,
        "size": 110930
    },
    "3": {
        "clone_proportion": {
            "0": 1.0
        },
        "mrca": 0,
        "size": 66558
    },
    "4": {
        "clone_proportion": {
            "0": 1.0
        },
        "mrca": 0,
        "size": 30253
    },
    "5": {
        "clone_proportion": {
            "0": 1.0
        },
        "mrca": 0,
        "size": 17515
    },
    "6": {
        "clone_proportion": {
            "0": 1.0
        },
        "mrca": 0,
        "size": 110930
    },
    "7": {
        "clone_proportion": {
            "0": 1.0
        },
        "mrca": 0,
        "size": 16639
    },
    "8": {
        "clone_proportion": {
            "1": 0.6652122960425494,
            "2": 0.24814748039304066,
            "3": 0.08664022356441
        },
        "mrca": 0,
        "size": 110930
    },
    "9": {
        "clone_proportion": {
            "0": 1.0
        },
        "mrca": 0,
        "size": 17515
    }
}