{
    "0": {
        "clone_proportion": {
            "0": 1.0
        },
        "mrca": 0,
        "size": 47678
    },
    "1": {
        "clone_proportion": {
            "0": 1.0
        },
        "mrca": 0,
        "size": 42659
    },
    "2": {
        "clone_proportion": {
            "2": 0.5649192503670438,
            "3": 0.059452457034286206,
            "4": 0.06822696260471543,
            "5": 0.3074013299939546
        },
        "mrca": 2,
        "size": 57895
    },
    "3": {
        "clone_proportion": {
            "0": 0.8565654621565703,
            "1": 0.00017025749595638446,
            "2": 0.14326428034747335
        },
        "mrca": 0,
        "size": 270179
    },
    "4": {
        "clone_proportion": {
            "0": 1.0
        },
        "mrca": 0,
        "size": 101317
    },
    "5": {
        "clone_proportion": {
            "10": 1.0
        },
        "mrca": 10,
        "size": 57895
    },
    "6": {
        "clone_proportion": {
            "0": 1.0
        },
        "mrca": 0,
        "size": 62349
    },
    "7": {
        "clone_proportion": {
            "0": 1.0
        },
        "mrca": 0,
        "size": 40526
    },
    "8": {
        "clone_proportion": {
            "9": 0.12748309441588293,
            "10": 0.8725169055841171
        },
        "mrca": 5,
        "size": 90059
    },
    "9": {
        "clone_proportion": {
            "10": 1.0
        },
        "mrca": 10,
        "size": 40526
    }
}