{
    "0": {
        "clone_proportion": {
            "5": 0.32864460102441434,
            "6": 0.020072281011934166,
            "7": 0.0055640778970905596,
            "8": 0.35753100543407607,
            "9": 0.025844361821065497,
            "10": 0.09453732352252932,
            "11": 0.012688177634486883,
            "12": 0.07269701775824862,
            "13": 0.0005460076441070176,
            "14": 0.07235901302618236,
            "15": 0.009516133225865163
        },
        "mrca": 0,
        "size": 38461
    },
    "1": {
        "clone_proportion": {
            "0": 1.0
        },
        "mrca": 0,
        "size": 38461
    },
    "2": {
        "clone_proportion": {
            "1": 1.0
        },
        "mrca": 1,
        "size": 100000
    },
    "3": {
        "clone_proportion": {
            "0": 1.0
        },
        "mrca": 0,
        "size": 38461
    },
    "4": {
        "clone_proportion": {
            "0": 0.28636914547658193,
            "1": 0.7136308545234181
        },
        "mrca": 0,
        "size": 166666
    },
    "5": {
        "clone_proportion": {
            "1": 1.0
        },
        "mrca": 1,
        "size": 38461
    },
    "6": {
        "clone_proportion": {
            "1": 1.0
        },
        "mrca": 1,
        "size": 125000
    },
    "7": {
        "clone_proportion": {
            "0": 1.0
        },
        "mrca": 0,
        "size": 45454
    },
    "8": {
        "clone_proportion": {
            "1": 1.0
        },
        "mrca": 1,
        "size": 25000
    },
    "9": {
        "clone_proportion": {
            "0": 1.0
        },
        "mrca": 0,
        "size": 62500
    }
}