{
    "0": {
        "clone_proportion": {
            "0": 1.0
        },
        "mrca": 0,
        "size": 8605
    },
    "1": {
        "clone_proportion": {
            "0": 1.0
        },
        "mrca": 0,
        "size": 6340
    },
    "2": {
        "clone_proportion": {
            "1": 1.0
        },
        "mrca": 1,
        "size": 15059
    },
    "3": {
        "clone_proportion": {
            "1": 0.012027191912149206,
            "2": 0.9879728080878508
        },
        "mrca": 0,
        "size": 17211
    },
    "4": {
        "clone_proportion": {
            "0": 0.8962872581488582,
            "1": 0.10371274185114171
        },
        "mrca": 0,
        "size": 40159
    },
    "5": {
        "clone_proportion": {
            "1": 1.0
        },
        "mrca": 1,
        "size": 7529
    },
    "6": {
        "clone_proportion": {
            "0": 0.9565054990661963,
            "1": 0.04349450093380369
        },
        "mrca": 0,
        "size": 24095
    },
    "7": {
        "clone_proportion": {
            "3": 0.3382638577618407,
            "4": 0.00567757358434185,
            "5": 0.6560585686538174
        },
        "mrca": 1,
        "size": 6693
    },
    "8": {
        "clone_proportion": {
            "0": 1.0
        },
        "mrca": 0,
        "size": 8031
    },
    "9": {
        "clone_proportion": {
            "0": 1.0
        },
        "mrca": 0,
        "size": 13386
    }
}