{
    "0": {
        "clone_proportion": {
            "6": 0.427535876965274,
            "7": 0.5724641230347259
        },
        "mrca": 6,
        "size": 40834
    },
    "1": {
        "clone_proportion": {
            "3": 0.4255530461756143,
            "4": 0.05382166471660635,
            "5": 0.5206252891077794
        },
        "mrca": 1,
        "size": 73502
    },
    "2": {
        "clone_proportion": {
            "7": 0.4818032162390139,
            "8": 0.06936545944328046,
            "9": 0.4488313243177056
        },
        "mrca": 3,
        "size": 147004
    },
    "3": {
        "clone_proportion": {
            "3": 1.0
        },
        "mrca": 3,
        "size": 49001
    },
    "4": {
        "clone_proportion": {
            "3": 1.0
        },
        "mrca": 3,
        "size": 52501
    },
    "5": {
        "clone_proportion": {
            "3": 0.8971662034145963,
            "4": 0.01614647744758313,
            "5": 0.08668731913782055
        },
        "mrca": 1,
        "size": 245007
    },
    "6": {
        "clone_proportion": {
            "7": 1.0
        },
        "mrca": 7,
        "size": 36751
    },
    "7": {
        "clone_proportion": {
            "5": 0.5874375523798121,
            "6": 0.41256244762018784
        },
        "mrca": 3,
        "size": 91877
    },
    "8": {
        "clone_proportion": {
            "3": 1.0
        },
        "mrca": 3,
        "size": 183755
    },
    "9": {
        "clone_proportion": {
            "3": 1.0
        },
        "mrca": 3,
        "size": 81669
    }
}