{
    "0": {
        "clone_proportion": {
            "0": 0.77318049627979,
            "1": 0.06996638591985496,
            "2": 0.15685311780035502
        },
        "mrca": 0,
        "size": 52954
    },
    "1": {
        "clone_proportion": {
            "0": 1.0
        },
        "mrca": 0,
        "size": 35303
    },
    "2": {
        "clone_proportion": {
            "0": 0.3638423769356666,
            "1": 0.09328968903436989,
            "2": 0.427294473120987,
            "3": 0.0024172227118217297,
            "4": 0.11315623819715473
        },
        "mrca": 0,
        "size": 39715
    },
    "3": {
        "clone_proportion": {
            "0": 1.0
        },
        "mrca": 0,
        "size": 127091
    },
    "4": {
        "clone_proportion": {
            "0": 1.0
        },
        "mrca": 0,
        "size": 35303
    },
    "5": {
        "clone_proportion": {
            "0": 1.0
        },
        "mrca": 0,
        "size": 158863
    },
    "6": {
        "clone_proportion": {
            "0": 1.0
        },
        "mrca": 0,
        "size": 45389
    },
    "7": {
        "clone_proportion": {
            "0": 1.0
        },
        "mrca": 0,
        "size": 79431
    },
    "8": {
        "clone_proportion": {
            "2": 0.2884774873592124,
            "3": 0.0025682870060729284,
            "4": 0.1556488937638781,
            "5": 0.3810695845260708,
            "6": 0.01094197276545654,
            "7": 0.13949008801733595,
            "9": 0.010380159982878086,
            "10": 0.011423526579095214
        },
        "mrca": 0,
        "size": 37379
    },
    "9": {
        "clone_proportion": {
            "0": 0.6529518683757052,
            "1": 0.08745839529778345,
            "2": 0.25958973632651133
        },
        "mrca": 0,
        "size": 42363
    }
}