{
    "0": {
        "clone_proportion": {
            "3": 1.0
        },
        "mrca": 3,
        "size": 117187
    },
    "1": {
        "clone_proportion": {
            "3": 1.0
        },
        "mrca": 3,
        "size": 97656
    },
    "2": {
        "clone_proportion": {
            "3": 1.0
        },
        "mrca": 3,
        "size": 41852
    },
    "3": {
        "clone_proportion": {
            "3": 1.0
        },
        "mrca": 3,
        "size": 48828
    },
    "4": {
        "clone_proportion": {
            "0": 1.0
        },
        "mrca": 0,
        "size": 29296
    },
    "5": {
        "clone_proportion": {
            "3": 1.0
        },
        "mrca": 3,
        "size": 39062
    },
    "6": {
        "clone_proportion": {
            "3": 0.7110128068594522,
            "4": 0.0015837907211709128,
            "7": 0.28740340241937684
        },
        "mrca": 0,
        "size": 73242
    },
    "7": {
        "clone_proportion": {
            "3": 1.0
        },
        "mrca": 3,
        "size": 53267
    },
    "8": {
        "clone_proportion": {
            "3": 0.16507091290768522,
            "4": 0.0029696380113665454,
            "7": 0.8319594490809482
        },
        "mrca": 0,
        "size": 39062
    },
    "9": {
        "clone_proportion": {
            "0": 1.0
        },
        "mrca": 0,
        "size": 34466
    }
}