{
    "0": {
        "clone_proportion": {
            "0": 0.6405580065867147,
            "1": 0.02827316224445411,
            "2": 0.33116883116883117
        },
        "mrca": 0,
        "size": 32186
    },
    "1": {
        "clone_proportion": {
            "2": 0.4480887720262156,
            "3": 0.5519112279737843
        },
        "mrca": 2,
        "size": 101924
    },
    "2": {
        "clone_proportion": {
            "0": 1.0
        },
        "mrca": 0,
        "size": 122309
    },
    "3": {
        "clone_proportion": {
            "2": 1.0
        },
        "mrca": 2,
        "size": 35973
    },
    "4": {
        "clone_proportion": {
            "0": 1.0
        },
        "mrca": 0,
        "size": 203849
    },
    "5": {
        "clone_proportion": {
            "0": 1.0
        },
        "mrca": 0,
        "size": 43682
    },
    "6": {
        "clone_proportion": {
            "0": 1.0
        },
        "mrca": 0,
        "size": 32186
    },
    "7": {
        "clone_proportion": {
            "0": 1.0
        },
        "mrca": 0,
        "size": 43682
    },
    "8": {
        "clone_proportion": {
            "0": 1.0
        },
        "mrca": 0,
        "size": 61154
    },
    "9": {
        "clone_proportion": {
            "0": 1.0
        },
        "mrca": 0,
        "size": 55595
    }
}