{
    "0": {
        "clone_proportion": {
            "0": 1.0
        },
        "mrca": 0,
        "size": 33281
    },
    "1": {
        "clone_proportion": {
            "0": 1.0
        },
        "mrca": 0,
        "size": 17619
    },
    "2": {
        "clone_proportion": {
            "0": 0.29203084832904885,
            "1": 0.09226454779154009,
            "2": 0.6157046038794111
        },
        "mrca": 0,
        "size": 42790
    },
    "3": {
        "clone_proportion": {
            "0": 1.0
        },
        "mrca": 0,
        "size": 23041
    },
    "4": {
        "clone_proportion": {
            "2": 0.9758413461538461,
            "3": 0.024158653846153847
        },
        "mrca": 0,
        "size": 16640
    },
    "5": {
        "clone_proportion": {
            "0": 1.0
        },
        "mrca": 0,
        "size": 27230
    },
    "6": {
        "clone_proportion": {
            "0": 1.0
        },
        "mrca": 0,
        "size": 42790
    },
    "7": {
        "clone_proportion": {
            "0": 1.0
        },
        "mrca": 0,
        "size": 49922
    },
    "8": {
        "clone_proportion": {
            "0": 1.0
        },
        "mrca": 0,
        "size": 17619
    },
    "9": {
        "clone_proportion": {
            "0": 1.0
        },
        "mrca": 0,
        "size": 27230
    }
}