{
    "0": {
        "clone_proportion": {
            "0": 1.0
        },
        "mrca": 0,
        "size": 43303
    },
    "1": {
        "clone_proportion": {
            "0": 1.0
        },
        "mrca": 0,
        "size": 27556
    },
    "2": {
        "clone_proportion": {
            "0": 1.0
        },
        "mrca": 0,
        "size": 37890
    },
    "3": {
        "clone_proportion": {
            "0": 1.0
        },
        "mrca": 0,
        "size": 75781
    },
    "4": {
        "clone_proportion": {
            "0": 0.65773742758739,
            "2": 0.34226257241261004
        },
        "mrca": 0,
        "size": 75781
    },
    "5": {
        "clone_proportion": {
            "0": 1.0
        },
        "mrca": 0,
        "size": 20208
    },
    "6": {
        "clone_proportion": {
            "0": 1.0
        },
        "mrca": 0,
        "size": 25260
    },
    "7": {
        "clone_proportion": {
            "0": 1.0
        },
        "mrca": 0,
        "size": 20208
    },
    "8": {
        "clone_proportion": {
            "0": 0.33507628865979383,
            "2": 0.6649237113402062
        },
        "mrca": 0,
        "size": 60625
    },
    "9": {
        "clone_proportion": {
            "2": 0.16739904988123516,
            "4": 0.8326009501187649
        },
        "mrca": 2,
        "size": 33680
    }
}