{
    "0": {
        "clone_proportion": {
            "0": 0.7745457412005834,
            "1": 0.22545425879941666
        },
        "mrca": 0,
        "size": 101484
    },
    "1": {
        "clone_proportion": {
            "2": 1.0
        },
        "mrca": 2,
        "size": 23419
    },
    "2": {
        "clone_proportion": {
            "2": 1.0
        },
        "mrca": 2,
        "size": 30445
    },
    "3": {
        "clone_proportion": {
            "0": 1.0
        },
        "mrca": 0,
        "size": 15222
    },
    "4": {
        "clone_proportion": {
            "1": 1.0
        },
        "mrca": 1,
        "size": 16023
    },
    "5": {
        "clone_proportion": {
            "0": 1.0
        },
        "mrca": 0,
        "size": 60890
    },
    "6": {
        "clone_proportion": {
            "0": 1.0
        },
        "mrca": 0,
        "size": 38056
    },
    "7": {
        "clone_proportion": {
            "1": 1.0
        },
        "mrca": 1,
        "size": 38056
    },
    "8": {
        "clone_proportion": {
            "1": 0.387908947575877,
            "2": 0.612091052424123
        },
        "mrca": 0,
        "size": 20296
    },
    "9": {
        "clone_proportion": {
            "2": 0.8913063471417497,
            "3": 0.10869365285825024
        },
        "mrca": 2,
        "size": 76113
    }
}