{
    "0": {
        "clone_proportion": {
            "2": 1.0
        },
        "mrca": 2,
        "size": 117280
    },
    "1": {
        "clone_proportion": {
            "4": 0.30925892371806485,
            "6": 0.003913752491393368,
            "7": 0.09197318354774416,
            "8": 0.03207102736002899,
            "10": 0.5627831128827686
        },
        "mrca": 0,
        "size": 27595
    },
    "2": {
        "clone_proportion": {
            "11": 1.0
        },
        "mrca": 11,
        "size": 67017
    },
    "3": {
        "clone_proportion": {
            "11": 1.0
        },
        "mrca": 11,
        "size": 67017
    },
    "4": {
        "clone_proportion": {
            "2": 0.3940849946281485,
            "3": 0.6059150053718515
        },
        "mrca": 2,
        "size": 33508
    },
    "5": {
        "clone_proportion": {
            "2": 0.6842002046384721,
            "3": 0.3145463847203274,
            "4": 0.0012534106412005457
        },
        "mrca": 2,
        "size": 117280
    },
    "6": {
        "clone_proportion": {
            "3": 0.24626961118690313,
            "4": 0.12665202933151432,
            "6": 0.0011510914051841745,
            "7": 0.027050648021828105,
            "8": 0.009432554570259209,
            "10": 0.3741793144611187,
            "11": 0.21526475102319237
        },
        "mrca": 0,
        "size": 93824
    },
    "7": {
        "clone_proportion": {
            "2": 1.0
        },
        "mrca": 2,
        "size": 29320
    },
    "8": {
        "clone_proportion": {
            "10": 0.00899771699717982,
            "11": 0.9910022830028202
        },
        "mrca": 10,
        "size": 67017
    },
    "9": {
        "clone_proportion": {
            "11": 0.20476811705420409,
            "13": 0.01445271531987824,
            "14": 0.7807791676259177
        },
        "mrca": 10,
        "size": 39093
    }
}