{
    "0": {
        "clone_proportion": {
            "0": 1.0
        },
        "mrca": 0,
        "size": 39556
    },
    "1": {
        "clone_proportion": {
            "0": 1.0
        },
        "mrca": 0,
        "size": 57537
    },
    "2": {
        "clone_proportion": {
            "1": 0.015073304608733984,
            "2": 0.975953813119463,
            "3": 0.008972882271802967
        },
        "mrca": 0,
        "size": 70323
    },
    "3": {
        "clone_proportion": {
            "0": 0.5941501396736314,
            "1": 0.10503962686284175,
            "2": 0.30081023346352687
        },
        "mrca": 0,
        "size": 79113
    },
    "4": {
        "clone_proportion": {
            "0": 1.0
        },
        "mrca": 0,
        "size": 126582
    },
    "5": {
        "clone_proportion": {
            "3": 0.5032390583030495,
            "4": 0.00015800284405119292,
            "5": 3.1600568810238584e-05,
            "7": 0.4965713382840891
        },
        "mrca": 0,
        "size": 31645
    },
    "6": {
        "clone_proportion": {
            "0": 1.0
        },
        "mrca": 0,
        "size": 79113
    },
    "7": {
        "clone_proportion": {
            "3": 1.0
        },
        "mrca": 3,
        "size": 79113
    },
    "8": {
        "clone_proportion": {
            "0": 1.0
        },
        "mrca": 0,
        "size": 57537
    },
    "9": {
        "clone_proportion": {
            "7": 0.5424683247301736,
            "8": 0.0008958662173115481,
            "9": 0.3319539837606473,
            "10": 0.10161682522076704,
            "11": 1.422009868748489e-05,
            "12": 0.023050779972413008
        },
        "mrca": 3,
        "size": 70323
    }
}