{
    "0": {
        "clone_proportion": {
            "1": 0.6397764016002631,
            "2": 0.36022359839973694
        },
        "mrca": 0,
        "size": 18247
    },
    "1": {
        "clone_proportion": {
            "3": 1.0
        },
        "mrca": 3,
        "size": 27370
    },
    "2": {
        "clone_proportion": {
            "0": 1.0
        },
        "mrca": 0,
        "size": 19550
    },
    "3": {
        "clone_proportion": {
            "1": 0.9042747533796127,
            "2": 0.09572524662038728
        },
        "mrca": 0,
        "size": 27370
    },
    "4": {
        "clone_proportion": {
            "3": 1.0
        },
        "mrca": 3,
        "size": 34213
    },
    "5": {
        "clone_proportion": {
            "2": 1.0
        },
        "mrca": 2,
        "size": 15206
    },
    "6": {
        "clone_proportion": {
            "0": 1.0
        },
        "mrca": 0,
        "size": 17106
    },
    "7": {
        "clone_proportion": {
            "0": 1.0
        },
        "mrca": 0,
        "size": 45618
    },
    "8": {
        "clone_proportion": {
            "0": 1.0
        },
        "mrca": 0,
        "size": 34213
    },
    "9": {
        "clone_proportion": {
            "0": 1.0
        },
        "mrca": 0,
        "size": 45618
    }
}