{
    "N_max": 827729,
    "M": 827729,
    "picking": "adjacent",
    "mutation_rate": 39.558857610535576,
    "P_death": 0.1801853488484042,
    "D": 640,
    "new_clone_frequency": 0.0250549859816976,
    "depth_sequencing": 100,
    "min_alt_reads": 2,
    "n_sequencing": 10,
    "max_horizontal": 2
}