{
    "0": {
        "clone_proportion": {
            "0": 1.0
        },
        "mrca": 0,
        "size": 27174
    },
    "1": {
        "clone_proportion": {
            "0": 1.0
        },
        "mrca": 0,
        "size": 32609
    },
    "2": {
        "clone_proportion": {
            "0": 1.0
        },
        "mrca": 0,
        "size": 21739
    },
    "3": {
        "clone_proportion": {
            "0": 1.0
        },
        "mrca": 0,
        "size": 29645
    },
    "4": {
        "clone_proportion": {
            "0": 1.0
        },
        "mrca": 0,
        "size": 20381
    },
    "5": {
        "clone_proportion": {
            "7": 0.007237265785519335,
            "9": 0.9927627342144807
        },
        "mrca": 0,
        "size": 32609
    },
    "6": {
        "clone_proportion": {
            "5": 0.6750080500483003,
            "6": 0.0505083030498183,
            "7": 0.038088228529371174,
            "9": 0.23639541837251024
        },
        "mrca": 0,
        "size": 21739
    },
    "7": {
        "clone_proportion": {
            "0": 1.0
        },
        "mrca": 0,
        "size": 81524
    },
    "8": {
        "clone_proportion": {
            "1": 0.6047692647383528,
            "2": 0.24586001324795762,
            "3": 0.14937072201368956
        },
        "mrca": 0,
        "size": 27174
    },
    "9": {
        "clone_proportion": {
            "0": 1.0
        },
        "mrca": 0,
        "size": 16304
    }
}