{
    "N_max": 120477,
    "M": 120477,
    "picking": "adjacent",
    "mutation_rate": 13.78355890688528,
    "P_death": 0.15713282549491656,
    "D": 640,
    "new_clone_frequency": 0.03125508222028659,
    "depth_sequencing": 100,
    "min_alt_reads": 2,
    "n_sequencing": 10,
    "max_horizontal": 2
}