{
    "0": {
        "clone_proportion": {
            "0": 0.021147195185934706,
            "1": 0.9788528048140653
        },
        "mrca": 0,
        "size": 93393
    },
    "1": {
        "clone_proportion": {
            "3": 1.0
        },
        "mrca": 3,
        "size": 64657
    },
    "2": {
        "clone_proportion": {
            "1": 1.0
        },
        "mrca": 1,
        "size": 60038
    },
    "3": {
        "clone_proportion": {
            "3": 1.0
        },
        "mrca": 3,
        "size": 56036
    },
    "4": {
        "clone_proportion": {
            "1": 0.13906536274299855,
            "2": 0.7903252670902039,
            "3": 0.07060937016679754
        },
        "mrca": 0,
        "size": 84054
    },
    "5": {
        "clone_proportion": {
            "3": 1.0
        },
        "mrca": 3,
        "size": 60038
    },
    "6": {
        "clone_proportion": {
            "0": 1.0
        },
        "mrca": 0,
        "size": 84054
    },
    "7": {
        "clone_proportion": {
            "3": 0.4626736400279823,
            "4": 0.3783603717645491,
            "5": 0.09618908024917552,
            "6": 0.06277690795829308
        },
        "mrca": 0,
        "size": 60038
    },
    "8": {
        "clone_proportion": {
            "1": 0.9943370007994823,
            "2": 0.00566299920051776
        },
        "mrca": 0,
        "size": 105068
    },
    "9": {
        "clone_proportion": {
            "0": 0.23782296317711177,
            "1": 0.7621770368228882
        },
        "mrca": 0,
        "size": 93393
    }
}