{
    "0": {
        "clone_proportion": {
            "0": 1.0
        },
        "mrca": 0,
        "size": 81711
    },
    "1": {
        "clone_proportion": {
            "3": 0.4820911353159548,
            "4": 0.4673642557010566,
            "5": 0.05054460898298862
        },
        "mrca": 0,
        "size": 49026
    },
    "2": {
        "clone_proportion": {
            "3": 1.0
        },
        "mrca": 3,
        "size": 32684
    },
    "3": {
        "clone_proportion": {
            "0": 1.0
        },
        "mrca": 0,
        "size": 54474
    },
    "4": {
        "clone_proportion": {
            "2": 0.23568430199116397,
            "3": 0.764315698008836
        },
        "mrca": 2,
        "size": 163422
    },
    "5": {
        "clone_proportion": {
            "0": 0.31563681756434264,
            "1": 0.03957851452068877,
            "2": 0.6447846679149686
        },
        "mrca": 0,
        "size": 54474
    },
    "6": {
        "clone_proportion": {
            "0": 1.0
        },
        "mrca": 0,
        "size": 25803
    },
    "7": {
        "clone_proportion": {
            "0": 1.0
        },
        "mrca": 0,
        "size": 32684
    },
    "8": {
        "clone_proportion": {
            "0": 0.9811752563440956,
            "1": 0.01882474365590433
        },
        "mrca": 0,
        "size": 44569
    },
    "9": {
        "clone_proportion": {
            "3": 1.0
        },
        "mrca": 3,
        "size": 28839
    }
}