{
    "0": {
        "clone_proportion": {
            "0": 1.0
        },
        "mrca": 0,
        "size": 35692
    },
    "1": {
        "clone_proportion": {
            "3": 1.0
        },
        "mrca": 3,
        "size": 13880
    },
    "2": {
        "clone_proportion": {
            "3": 1.0
        },
        "mrca": 3,
        "size": 14696
    },
    "3": {
        "clone_proportion": {
            "0": 1.0
        },
        "mrca": 0,
        "size": 31230
    },
    "4": {
        "clone_proportion": {
            "2": 1.0
        },
        "mrca": 2,
        "size": 20820
    },
    "5": {
        "clone_proportion": {
            "0": 1.0
        },
        "mrca": 0,
        "size": 20820
    },
    "6": {
        "clone_proportion": {
            "0": 1.0
        },
        "mrca": 0,
        "size": 16656
    },
    "7": {
        "clone_proportion": {
            "0": 0.23433822705368149,
            "1": 0.053821584668833355,
            "2": 0.7118401882774852
        },
        "mrca": 0,
        "size": 35692
    },
    "8": {
        "clone_proportion": {
            "2": 0.81436490624187,
            "3": 0.18563509375813003
        },
        "mrca": 2,
        "size": 49969
    },
    "9": {
        "clone_proportion": {
            "3": 1.0
        },
        "mrca": 3,
        "size": 13880
    }
}