{
    "0": {
        "clone_proportion": {
            "0": 1.0
        },
        "mrca": 0,
        "size": 42717
    },
    "1": {
        "clone_proportion": {
            "5": 0.2348517590111505,
            "7": 0.1596507909067335,
            "8": 0.605497450082116
        },
        "mrca": 5,
        "size": 34707
    },
    "2": {
        "clone_proportion": {
            "0": 1.0
        },
        "mrca": 0,
        "size": 29227
    },
    "3": {
        "clone_proportion": {
            "4": 0.6522030382263327,
            "5": 0.34779696177366726
        },
        "mrca": 4,
        "size": 92554
    },
    "4": {
        "clone_proportion": {
            "1": 0.1421728576470673,
            "2": 0.0005978491835396993,
            "4": 0.5270652808090412,
            "5": 0.3301640123603518
        },
        "mrca": 0,
        "size": 138831
    },
    "5": {
        "clone_proportion": {
            "4": 0.32362713054752706,
            "5": 0.6763728694524729
        },
        "mrca": 4,
        "size": 37021
    },
    "6": {
        "clone_proportion": {
            "1": 0.9019828171453987,
            "2": 0.0019430203431888944,
            "4": 0.09607416251141232
        },
        "mrca": 0,
        "size": 42717
    },
    "7": {
        "clone_proportion": {
            "0": 1.0
        },
        "mrca": 0,
        "size": 69415
    },
    "8": {
        "clone_proportion": {
            "0": 1.0
        },
        "mrca": 0,
        "size": 30851
    },
    "9": {
        "clone_proportion": {
            "1": 0.8118287702314324,
            "2": 0.0020924721423889476,
            "4": 0.1860787576261786
        },
        "mrca": 0,
        "size": 39666
    }
}