{
    "n_event": 388444,
    "config": {
        "N_max": 388444,
        "M": 388444,
        "picking": "adjacent",
        "mutation_rate": 12.78741607460609,
        "P_death": 0.2944455910005663,
        "D": 640,
        "new_clone_frequency": 0.03354454117938881,
        "depth_sequencing": 100,
        "min_alt_reads": 2,
        "n_sequencing": 10,
        "max_horizontal": 2
    },
    "clone_proportion": {
        "0": 0.9998781617598039,
        "1": 0.00011953940547536454,
        "3": 2.298834720680087e-06
    },
    "clones": [
        {
            "id": 0,
            "fitness": 0,
            "ancestor": null,
            "dead_lineage": false,
            "size": 548897,
            "tmb": 100
        },
        {
            "id": 1,
            "fitness": 0.040814378586353284,
            "ancestor": 0,
            "dead_lineage": false,
            "size": 66,
            "tmb": 175
        },
        {
            "id": 2,
            "fitness": 1.1160105338947273,
            "ancestor": 0,
            "dead_lineage": true,
            "size": 1,
            "tmb": 217
        },
        {
            "id": 3,
            "fitness": 1.2149174630388098,
            "ancestor": 1,
            "dead_lineage": false,
            "size": 1,
            "tmb": 233
        }
    ]
}