{
    "0": {
        "clone_proportion": {
            "3": 1.0
        },
        "mrca": 3,
        "size": 29520
    },
    "1": {
        "clone_proportion": {
            "3": 1.0
        },
        "mrca": 3,
        "size": 66421
    },
    "2": {
        "clone_proportion": {
            "3": 1.0
        },
        "mrca": 3,
        "size": 53136
    },
    "3": {
        "clone_proportion": {
            "0": 0.24998588543489797,
            "1": 0.0027890380641591673,
            "2": 0.7472250765009428
        },
        "mrca": 0,
        "size": 88561
    },
    "4": {
        "clone_proportion": {
            "3": 1.0
        },
        "mrca": 3,
        "size": 14760
    },
    "5": {
        "clone_proportion": {
            "3": 1.0
        },
        "mrca": 3,
        "size": 29520
    },
    "6": {
        "clone_proportion": {
            "2": 1.0
        },
        "mrca": 2,
        "size": 44280
    },
    "7": {
        "clone_proportion": {
            "3": 1.0
        },
        "mrca": 3,
        "size": 15628
    },
    "8": {
        "clone_proportion": {
            "3": 0.36778039995031675,
            "4": 0.37709601291765,
            "5": 0.0009936653831822133,
            "6": 0.2541299217488511
        },
        "mrca": 2,
        "size": 88561
    },
    "9": {
        "clone_proportion": {
            "3": 1.0
        },
        "mrca": 3,
        "size": 13284
    }
}