{
    "0": {
        "clone_proportion": {
            "5": 1.0
        },
        "mrca": 5,
        "size": 23292
    },
    "1": {
        "clone_proportion": {
            "1": 1.0
        },
        "mrca": 1,
        "size": 20381
    },
    "2": {
        "clone_proportion": {
            "1": 0.9811466561994014,
            "2": 0.0005397183651440066,
            "3": 0.0028580540699671263,
            "4": 0.015455571365487464
        },
        "mrca": 0,
        "size": 81524
    },
    "3": {
        "clone_proportion": {
            "1": 0.01987150983609071,
            "2": 0.0006746500252993759,
            "3": 0.0035725785430626043,
            "4": 0.6309817691163618,
            "5": 0.3448994924791855
        },
        "mrca": 0,
        "size": 65219
    },
    "4": {
        "clone_proportion": {
            "1": 1.0
        },
        "mrca": 1,
        "size": 19182
    },
    "5": {
        "clone_proportion": {
            "1": 1.0
        },
        "mrca": 1,
        "size": 40762
    },
    "6": {
        "clone_proportion": {
            "4": 1.0
        },
        "mrca": 4,
        "size": 17163
    },
    "7": {
        "clone_proportion": {
            "5": 1.0
        },
        "mrca": 5,
        "size": 36233
    },
    "8": {
        "clone_proportion": {
            "0": 0.5522773898563924,
            "1": 0.4477226101436076
        },
        "mrca": 0,
        "size": 108699
    },
    "9": {
        "clone_proportion": {
            "1": 1.0
        },
        "mrca": 1,
        "size": 46585
    }
}