{
    "0": {
        "clone_proportion": {
            "0": 0.8640961946934514,
            "1": 0.13590380530654858
        },
        "mrca": 0,
        "size": 27777
    },
    "1": {
        "clone_proportion": {
            "0": 0.8985389853898539,
            "1": 0.1014610146101461
        },
        "mrca": 0,
        "size": 33333
    },
    "2": {
        "clone_proportion": {
            "0": 1.0
        },
        "mrca": 0,
        "size": 35714
    },
    "3": {
        "clone_proportion": {
            "0": 1.0
        },
        "mrca": 0,
        "size": 35714
    },
    "4": {
        "clone_proportion": {
            "0": 1.0
        },
        "mrca": 0,
        "size": 83333
    },
    "5": {
        "clone_proportion": {
            "1": 1.0
        },
        "mrca": 1,
        "size": 38461
    },
    "6": {
        "clone_proportion": {
            "1": 1.0
        },
        "mrca": 1,
        "size": 41666
    },
    "7": {
        "clone_proportion": {
            "1": 1.0
        },
        "mrca": 1,
        "size": 38461
    },
    "8": {
        "clone_proportion": {
            "2": 0.47167015010450314,
            "3": 0.05893976819304579,
            "4": 0.0005700171005130154,
            "5": 0.022078662359870795,
            "6": 0.005966178985369561,
            "7": 0.0008740262207866235,
            "8": 0.01409842295268858,
            "9": 0.0007220216606498195,
            "10": 3.800114003420103e-05,
            "11": 0.042371271138134145,
            "12": 0.019456583697510927,
            "13": 0.002546076382291469,
            "14": 0.013414402432072961,
            "15": 0.007486224586737602,
            "16": 0.1670910127303819,
            "17": 0.03446703401102033,
            "18": 0.0018620558616758503,
            "19": 0.0004940148204446134,
            "20": 0.0004940148204446134,
            "21": 0.004902147064411932,
            "22": 0.005358160744822344,
            "23": 0.008056241687250618,
            "24": 0.0004940148204446134,
            "25": 0.0040661219836595095,
            "26": 0.006270188105643169,
            "27": 0.0010260307809234277,
            "28": 0.001330039901197036,
            "29": 0.0035341060231806956,
            "30": 0.025650769523085693,
            "31": 0.008930267908037241,
            "32": 0.00011400342010260308,
            "33": 0.012844385331559946,
            "34": 0.0004940148204446134,
            "35": 0.00011400342010260308,
            "36": 0.022762682880486416,
            "37": 0.0002660079802394072,
            "38": 3.800114003420103e-05,
            "39": 0.0007220216606498195,
            "40": 3.800114003420103e-05,
            "41": 0.01219836595097853,
            "42": 0.01033631008930268,
            "43": 0.005814174425232757
        },
        "mrca": 0,
        "size": 26315
    },
    "9": {
        "clone_proportion": {
            "1": 1.0
        },
        "mrca": 1,
        "size": 26315
    }
}