{
    "0": {
        "clone_proportion": {
            "1": 1.0
        },
        "mrca": 1,
        "size": 77688
    },
    "1": {
        "clone_proportion": {
            "1": 0.9102470368959232,
            "2": 0.08975296310407678
        },
        "mrca": 0,
        "size": 97111
    },
    "2": {
        "clone_proportion": {
            "0": 1.0
        },
        "mrca": 0,
        "size": 38844
    },
    "3": {
        "clone_proportion": {
            "1": 1.0
        },
        "mrca": 1,
        "size": 32370
    },
    "4": {
        "clone_proportion": {
            "1": 0.9252607840512403,
            "2": 0.07473921594875967
        },
        "mrca": 0,
        "size": 97111
    },
    "5": {
        "clone_proportion": {
            "0": 0.7839894553655096,
            "1": 0.21601054463449043
        },
        "mrca": 0,
        "size": 97111
    },
    "6": {
        "clone_proportion": {
            "0": 1.0
        },
        "mrca": 0,
        "size": 97111
    },
    "7": {
        "clone_proportion": {
            "1": 0.4702734012974977,
            "2": 0.31209453197405007,
            "5": 0.05046339202965709,
            "6": 0.16716867469879518
        },
        "mrca": 0,
        "size": 43160
    },
    "8": {
        "clone_proportion": {
            "0": 1.0
        },
        "mrca": 0,
        "size": 27746
    },
    "9": {
        "clone_proportion": {
            "0": 0.10044691126648886,
            "1": 0.8995530887335111
        },
        "mrca": 0,
        "size": 27746
    }
}