{
    "0": {
        "clone_proportion": {
            "2": 1.0
        },
        "mrca": 2,
        "size": 53554
    },
    "1": {
        "clone_proportion": {
            "0": 1.0
        },
        "mrca": 0,
        "size": 65455
    },
    "2": {
        "clone_proportion": {
            "2": 1.0
        },
        "mrca": 2,
        "size": 42078
    },
    "3": {
        "clone_proportion": {
            "2": 0.7496791672608014,
            "3": 0.25032083273919864
        },
        "mrca": 2,
        "size": 84156
    },
    "4": {
        "clone_proportion": {
            "0": 0.14174939228920244,
            "1": 0.019664027594823254,
            "2": 0.8385865801159743
        },
        "mrca": 0,
        "size": 73637
    },
    "5": {
        "clone_proportion": {
            "3": 0.7131430414449282,
            "4": 0.05521690049991937,
            "5": 0.2316400580551524
        },
        "mrca": 2,
        "size": 31005
    },
    "6": {
        "clone_proportion": {
            "0": 1.0
        },
        "mrca": 0,
        "size": 42078
    },
    "7": {
        "clone_proportion": {
            "2": 1.0
        },
        "mrca": 2,
        "size": 45315
    },
    "8": {
        "clone_proportion": {
            "0": 0.9392356071601354,
            "1": 0.007374022865581952,
            "2": 0.053390369974282585
        },
        "mrca": 0,
        "size": 196365
    },
    "9": {
        "clone_proportion": {
            "2": 1.0
        },
        "mrca": 2,
        "size": 147274
    }
}