{
    "n_event": 768150,
    "clone_proportion": {
        "0": 0.1018203614481959,
        "1": 0.22348784871961488,
        "2": 0.10064711532684814,
        "3": 0.10154828436060849,
        "4": 0.026055179166905484,
        "5": 0.0053282913904175,
        "6": 0.013250292275703861,
        "7": 0.2843861588723026,
        "8": 0.0035100706502711448,
        "9": 0.0009971556204980392,
        "10": 0.0037572879024444813,
        "11": 0.005197777254493588,
        "12": 6.698344542126718e-05,
        "13": 8.700942394927489e-05,
        "14": 0.07436750709023222,
        "15": 0.001856891595234922,
        "16": 0.04224100367442178,
        "17": 4.833856886070827e-06,
        "18": 1.7263774593110096e-05,
        "19": 6.905509837244038e-07,
        "21": 0.0004619786081116262,
        "22": 0.0018486049834302292,
        "23": 0.003645418643081128,
        "24": 0.0005006494632001928,
        "25": 2.0716529511732116e-06,
        "26": 0.00016504168511013252,
        "27": 0.00027069598561996634,
        "28": 0.0020129561175566374,
        "29": 4.7648017876983865e-05,
        "30": 3.4527549186220194e-06,
        "31": 5.662518066540112e-05,
        "32": 0.0008113974058761745,
        "33": 0.00013465744182625876,
        "34": 4.0742508039739825e-05,
        "35": 0.00025895661889665145,
        "36": 3.6599202137393405e-05,
        "37": 0.0009032406867115203,
        "38": 2.0716529511732116e-06,
        "39": 2.3478733446629732e-05,
        "40": 1.242991770703927e-05,
        "41": 1.588267262566129e-05,
        "42": 4.143305902346423e-06,
        "43": 4.557636492581066e-05,
        "44": 3.4527549186220194e-06,
        "45": 3.4527549186220194e-06,
        "46": 4.833856886070827e-06,
        "47": 6.905509837244038e-07,
        "48": 6.905509837244038e-07,
        "49": 2.831259033270056e-05,
        "50": 5.524407869795231e-06,
        "51": 2.0716529511732116e-06,
        "52": 2.0716529511732116e-06,
        "53": 6.905509837244038e-07,
        "54": 2.0716529511732116e-06,
        "55": 6.905509837244038e-07,
        "56": 2.0716529511732116e-06,
        "57": 6.214958853519635e-06,
        "58": 6.905509837244038e-07,
        "59": 6.905509837244038e-07,
        "60": 6.905509837244038e-07,
        "61": 6.905509837244038e-07,
        "62": 6.905509837244038e-07,
        "63": 6.905509837244038e-07,
        "64": 6.905509837244038e-07
    },
    "clones": [
        {
            "id": 0,
            "fitness": 0,
            "ancestor": null,
            "dead_lineage": false,
            "size": 150413,
            "tmb": 100
        },
        {
            "id": 1,
            "fitness": 1.7703107176910988,
            "ancestor": 0,
            "dead_lineage": false,
            "size": 330249,
            "tmb": 204
        },
        {
            "id": 2,
            "fitness": 1.554427816712424,
            "ancestor": 0,
            "dead_lineage": false,
            "size": 148713,
            "tmb": 247
        },
        {
            "id": 3,
            "fitness": 3.235149833548761,
            "ancestor": 1,
            "dead_lineage": false,
            "size": 149989,
            "tmb": 343
        },
        {
            "id": 4,
            "fitness": 2.776604052602697,
            "ancestor": 2,
            "dead_lineage": false,
            "size": 38483,
            "tmb": 443
        },
        {
            "id": 5,
            "fitness": 2.637250045210716,
            "ancestor": 1,
            "dead_lineage": false,
            "size": 7873,
            "tmb": 307
        },
        {
            "id": 6,
            "fitness": 3.28519544848713,
            "ancestor": 2,
            "dead_lineage": false,
            "size": 19585,
            "tmb": 432
        },
        {
            "id": 7,
            "fitness": 4.476730190337801,
            "ancestor": 3,
            "dead_lineage": false,
            "size": 420263,
            "tmb": 495
        },
        {
            "id": 8,
            "fitness": 3.3025804791804614,
            "ancestor": 5,
            "dead_lineage": false,
            "size": 5171,
            "tmb": 380
        },
        {
            "id": 9,
            "fitness": 3.4229966455486553,
            "ancestor": 3,
            "dead_lineage": false,
            "size": 1475,
            "tmb": 466
        },
        {
            "id": 10,
            "fitness": 6.0040626663095065,
            "ancestor": 7,
            "dead_lineage": false,
            "size": 5541,
            "tmb": 528
        },
        {
            "id": 11,
            "fitness": 4.604179305025414,
            "ancestor": 7,
            "dead_lineage": false,
            "size": 7689,
            "tmb": 606
        },
        {
            "id": 12,
            "fitness": 4.110311281311157,
            "ancestor": 4,
            "dead_lineage": false,
            "size": 100,
            "tmb": 741
        },
        {
            "id": 13,
            "fitness": 3.4349900089633834,
            "ancestor": 4,
            "dead_lineage": false,
            "size": 126,
            "tmb": 786
        },
        {
            "id": 14,
            "fitness": 6.892605419837103,
            "ancestor": 10,
            "dead_lineage": false,
            "size": 109837,
            "tmb": 567
        },
        {
            "id": 15,
            "fitness": 4.966622949612988,
            "ancestor": 6,
            "dead_lineage": false,
            "size": 2745,
            "tmb": 677
        },
        {
            "id": 16,
            "fitness": 7.136279377423128,
            "ancestor": 10,
            "dead_lineage": false,
            "size": 62441,
            "tmb": 620
        },
        {
            "id": 17,
            "fitness": 3.042990671663425,
            "ancestor": 5,
            "dead_lineage": false,
            "size": 7,
            "tmb": 415
        },
        {
            "id": 18,
            "fitness": 3.9495570763643792,
            "ancestor": 8,
            "dead_lineage": false,
            "size": 26,
            "tmb": 546
        },
        {
            "id": 19,
            "fitness": 4.059976664609993,
            "ancestor": 6,
            "dead_lineage": false,
            "size": 1,
            "tmb": 671
        },
        {
            "id": 20,
            "fitness": 4.284825242995085,
            "ancestor": 8,
            "dead_lineage": true,
            "size": 1,
            "tmb": 635
        },
        {
            "id": 21,
            "fitness": 7.71813264867088,
            "ancestor": 14,
            "dead_lineage": false,
            "size": 679,
            "tmb": 892
        },
        {
            "id": 22,
            "fitness": 7.880949782926349,
            "ancestor": 16,
            "dead_lineage": false,
            "size": 2739,
            "tmb": 719
        },
        {
            "id": 23,
            "fitness": 7.906444611487501,
            "ancestor": 14,
            "dead_lineage": false,
            "size": 5383,
            "tmb": 753
        },
        {
            "id": 24,
            "fitness": 4.793945238120953,
            "ancestor": 11,
            "dead_lineage": false,
            "size": 737,
            "tmb": 673
        },
        {
            "id": 25,
            "fitness": 4.423783026687643,
            "ancestor": 9,
            "dead_lineage": false,
            "size": 3,
            "tmb": 679
        },
        {
            "id": 26,
            "fitness": 5.871003272595031,
            "ancestor": 11,
            "dead_lineage": false,
            "size": 243,
            "tmb": 825
        },
        {
            "id": 27,
            "fitness": 9.131101794183712,
            "ancestor": 16,
            "dead_lineage": false,
            "size": 397,
            "tmb": 712
        },
        {
            "id": 28,
            "fitness": 6.505811169614405,
            "ancestor": 15,