{
    "0": {
        "clone_proportion": {
            "0": 1.0
        },
        "mrca": 0,
        "size": 39353
    },
    "1": {
        "clone_proportion": {
            "0": 1.0
        },
        "mrca": 0,
        "size": 70836
    },
    "2": {
        "clone_proportion": {
            "0": 1.0
        },
        "mrca": 0,
        "size": 78707
    },
    "3": {
        "clone_proportion": {
            "0": 1.0
        },
        "mrca": 0,
        "size": 41668
    },
    "4": {
        "clone_proportion": {
            "0": 0.31203166733487303,
            "2": 0.6879683326651269
        },
        "mrca": 0,
        "size": 177091
    },
    "5": {
        "clone_proportion": {
            "0": 1.0
        },
        "mrca": 0,
        "size": 236121
    },
    "6": {
        "clone_proportion": {
            "2": 1.0
        },
        "mrca": 2,
        "size": 37282
    },
    "7": {
        "clone_proportion": {
            "0": 1.0
        },
        "mrca": 0,
        "size": 236121
    },
    "8": {
        "clone_proportion": {
            "0": 0.8729572533739907,
            "2": 0.12704274662600937
        },
        "mrca": 0,
        "size": 88545
    },
    "9": {
        "clone_proportion": {
            "3": 0.3660919613249139,
            "4": 0.633908038675086
        },
        "mrca": 2,
        "size": 78707
    }
}