{
    "0": {
        "clone_proportion": {
            "0": 1.0
        },
        "mrca": 0,
        "size": 16840
    },
    "1": {
        "clone_proportion": {
            "3": 0.09138144329896908,
            "4": 0.5578556701030928,
            "5": 0.35076288659793814
        },
        "mrca": 1,
        "size": 60625
    },
    "2": {
        "clone_proportion": {
            "1": 1.0
        },
        "mrca": 1,
        "size": 43303
    },
    "3": {
        "clone_proportion": {
            "1": 1.0
        },
        "mrca": 1,
        "size": 20208
    },
    "4": {
        "clone_proportion": {
            "4": 0.06493467933491687,
            "5": 0.9350653206650832
        },
        "mrca": 1,
        "size": 33680
    },
    "5": {
        "clone_proportion": {
            "1": 1.0
        },
        "mrca": 1,
        "size": 60625
    },
    "6": {
        "clone_proportion": {
            "1": 0.858762672332171,
            "3": 0.141237327667829
        },
        "mrca": 1,
        "size": 43303
    },
    "7": {
        "clone_proportion": {
            "1": 1.0
        },
        "mrca": 1,
        "size": 75781
    },
    "8": {
        "clone_proportion": {
            "1": 1.0
        },
        "mrca": 1,
        "size": 50521
    },
    "9": {
        "clone_proportion": {
            "5": 1.0
        },
        "mrca": 5,
        "size": 43303
    }
}