{
    "0": {
        "clone_proportion": {
            "0": 0.005000312519532471,
            "1": 0.024564035252203263,
            "2": 0.606561347584224,
            "4": 0.36387430464404025
        },
        "mrca": 0,
        "size": 127992
    },
    "1": {
        "clone_proportion": {
            "0": 0.6265574214517876,
            "1": 0.10644637053087758,
            "2": 0.26699620801733476
        },
        "mrca": 0,
        "size": 29536
    },
    "2": {
        "clone_proportion": {
            "2": 0.5604803425214075,
            "4": 0.4395196574785924
        },
        "mrca": 2,
        "size": 127992
    },
    "3": {
        "clone_proportion": {
            "4": 1.0
        },
        "mrca": 4,
        "size": 47997
    },
    "4": {
        "clone_proportion": {
            "4": 1.0
        },
        "mrca": 4,
        "size": 22586
    },
    "5": {
        "clone_proportion": {
            "0": 1.0
        },
        "mrca": 0,
        "size": 22586
    },
    "6": {
        "clone_proportion": {
            "4": 1.0
        },
        "mrca": 4,
        "size": 42664
    },
    "7": {
        "clone_proportion": {
            "4": 1.0
        },
        "mrca": 4,
        "size": 22586
    },
    "8": {
        "clone_proportion": {
            "0": 1.0
        },
        "mrca": 0,
        "size": 127992
    },
    "9": {
        "clone_proportion": {
            "0": 1.0
        },
        "mrca": 0,
        "size": 76795
    }
}