{
    "0": {
        "clone_proportion": {
            "0": 1.0
        },
        "mrca": 0,
        "size": 11111
    },
    "1": {
        "clone_proportion": {
            "0": 1.0
        },
        "mrca": 0,
        "size": 33333
    },
    "2": {
        "clone_proportion": {
            "0": 1.0
        },
        "mrca": 0,
        "size": 6666
    },
    "3": {
        "clone_proportion": {
            "0": 0.5736272088162645,
            "1": 0.4263727911837355
        },
        "mrca": 0,
        "size": 5263
    },
    "4": {
        "clone_proportion": {
            "0": 1.0
        },
        "mrca": 0,
        "size": 10000
    },
    "5": {
        "clone_proportion": {
            "0": 1.0
        },
        "mrca": 0,
        "size": 6666
    },
    "6": {
        "clone_proportion": {
            "0": 1.0
        },
        "mrca": 0,
        "size": 5555
    },
    "7": {
        "clone_proportion": {
            "2": 0.011160446417856714,
            "3": 0.04188167526701068,
            "4": 0.19740789631585262,
            "5": 0.18084723388935559,
            "6": 0.001080043201728069,
            "7": 0.004440177607104284,
            "8": 0.5631825273010921
        },
        "mrca": 0,
        "size": 8333
    },
    "8": {
        "clone_proportion": {
            "0": 1.0
        },
        "mrca": 0,
        "size": 6250
    },
    "9": {
        "clone_proportion": {
            "0": 1.0
        },
        "mrca": 0,
        "size": 7692
    }
}