{
    "0": {
        "clone_proportion": {
            "0": 1.0
        },
        "mrca": 0,
        "size": 5263
    },
    "1": {
        "clone_proportion": {
            "1": 1.0
        },
        "mrca": 1,
        "size": 5882
    },
    "2": {
        "clone_proportion": {
            "0": 1.0
        },
        "mrca": 0,
        "size": 6666
    },
    "3": {
        "clone_proportion": {
            "0": 1.0
        },
        "mrca": 0,
        "size": 25000
    },
    "4": {
        "clone_proportion": {
            "1": 1.0
        },
        "mrca": 1,
        "size": 5263
    },
    "5": {
        "clone_proportion": {
            "0": 1.0
        },
        "mrca": 0,
        "size": 5000
    },
    "6": {
        "clone_proportion": {
            "0": 1.0
        },
        "mrca": 0,
        "size": 7142
    },
    "7": {
        "clone_proportion": {
            "3": 0.6059642385695427,
            "4": 0.01938077523100924,
            "5": 0.11802472098883955,
            "6": 0.01374054962198488,
            "7": 0.09822392895715829,
            "8": 0.007080283211328453,
            "9": 0.019260770430817233,
            "10": 0.0008400336013440538,
            "11": 0.020820832833313332,
            "12": 0.0016200648025921037,
            "13": 0.008520340813632545,
            "14": 0.00018000720028801153,
            "15": 0.004140165606624265,
            "16": 0.08220328813152526
        },
        "mrca": 0,
        "size": 16666
    },
    "8": {
        "clone_proportion": {
            "1": 1.0
        },
        "mrca": 1,
        "size": 11111
    },
    "9": {
        "clone_proportion": {
            "0": 1.0
        },
        "mrca": 0,
        "size": 25000
    }
}