{
    "0": {
        "clone_proportion": {
            "5": 0.7011087606681742,
            "6": 0.0042490334816543875,
            "7": 0.00751331242249617,
            "8": 0.0002917791232037348,
            "9": 0.2868371143044715
        },
        "mrca": 0,
        "size": 54836
    },
    "1": {
        "clone_proportion": {
            "0": 0.1649159828057835,
            "1": 0.08512700273544353,
            "2": 0.7476983196561157,
            "3": 0.002258694802657288
        },
        "mrca": 0,
        "size": 127950
    },
    "2": {
        "clone_proportion": {
            "3": 1.0
        },
        "mrca": 3,
        "size": 21325
    },
    "3": {
        "clone_proportion": {
            "2": 0.39614486833467066,
            "3": 0.6038551316653293
        },
        "mrca": 2,
        "size": 54836
    },
    "4": {
        "clone_proportion": {
            "2": 0.6049081672528331,
            "3": 0.39509183274716686
        },
        "mrca": 2,
        "size": 127950
    },
    "5": {
        "clone_proportion": {
            "2": 0.6616324903671553,
            "3": 0.3383675096328447
        },
        "mrca": 2,
        "size": 22579
    },
    "6": {
        "clone_proportion": {
            "4": 0.06951934349355217,
            "5": 0.49021492770613523,
            "6": 0.0018210238374364986,
            "7": 0.0032200078155529503,
            "8": 0.00012504884720593981,
            "9": 0.3849394294646346,
            "10": 0.00011723329425556858,
            "11": 0.05004298554122704
        },
        "mrca": 0,
        "size": 127950
    },
    "7": {
        "clone_proportion": {
            "3": 1.0
        },
        "mrca": 3,
        "size": 25590
    },
    "8": {
        "clone_proportion": {
            "5": 1.0
        },
        "mrca": 5,
        "size": 25590
    },
    "9": {
        "clone_proportion": {
            "3": 0.9689091633819036,
            "4": 0.03109083661809646
        },
        "mrca": 2,
        "size": 22579
    }
}