{
    "0": {
        "clone_proportion": {
            "0": 0.29752114887379844,
            "1": 0.7024788511262016
        },
        "mrca": 0,
        "size": 728644
    },
    "1": {
        "clone_proportion": {
            "1": 1.0
        },
        "mrca": 1,
        "size": 2428813
    },
    "2": {
        "clone_proportion": {
            "1": 1.0
        },
        "mrca": 1,
        "size": 910805
    },
    "3": {
        "clone_proportion": {
            "1": 1.0
        },
        "mrca": 1,
        "size": 383496
    },
    "4": {
        "clone_proportion": {
            "1": 1.0
        },
        "mrca": 1,
        "size": 1821610
    },
    "5": {
        "clone_proportion": {
            "1": 1.0
        },
        "mrca": 1,
        "size": 910805
    },
    "6": {
        "clone_proportion": {
            "1": 0.07054617808192294,
            "2": 0.929453821918077
        },
        "mrca": 0,
        "size": 662403
    },
    "7": {
        "clone_proportion": {
            "1": 1.0
        },
        "mrca": 1,
        "size": 455402
    },
    "8": {
        "clone_proportion": {
            "1": 1.0
        },
        "mrca": 1,
        "size": 364322
    },
    "9": {
        "clone_proportion": {
            "0": 0.07689520638073263,
            "1": 0.9231047936192673
        },
        "mrca": 0,
        "size": 607203
    },
    "10": {
        "clone_proportion": {
            "2": 0.6874414322722384,
            "3": 0.00010704821945873127,
            "4": 0.3124515195083028
        },
        "mrca": 0,
        "size": 1214406
    },
    "11": {
        "clone_proportion": {
            "1": 1.0
        },
        "mrca": 1,
        "size": 1457288
    },
    "12": {
        "clone_proportion": {
            "1": 1.0
        },
        "mrca": 1,
        "size": 1040920
    },
    "13": {
        "clone_proportion": {
            "1": 1.0
        },
        "mrca": 1,
        "size": 809604
    },
    "14": {
        "clone_proportion": {
            "1": 1.0
        },
        "mrca": 1,
        "size": 485762
    },
    "15": {
        "clone_proportion": {
            "1": 1.0
        },
        "mrca": 1,
        "size": 1821610
    },
    "16": {
        "clone_proportion": {
            "0": 0.08267124723064312,
            "1": 0.9173287527693569
        },
        "mrca": 0,
        "size": 2428813
    },
    "17": {
        "clone_proportion": {
            "4": 0.5140135059188753,
            "5": 0.4859864940811247
        },
        "mrca": 1,
        "size": 560495
    },
    "18": {
        "clone_proportion": {
            "1": 1.0
        },
        "mrca": 1,
        "size": 2428813
    },
    "19": {
        "clone_proportion": {
            "1": 1.0
        },
        "mrca": 1,
        "size": 404802
    },
    "20": {
        "clone_proportion": {
            "1": 1.0
        },
        "mrca": 1,
        "size": 2428813
    },
    "21": {
        "clone_proportion": {
            "1": 1.0
        },
        "mrca": 1,
        "size": 383496
    },
    "22": {
        "clone_proportion": {
            "1": 0.9142168975637606,
            "2": 0.08578310243623939
        },
        "mrca": 0,
        "size": 560495
    },
    "23": {
        "clone_proportion": {
            "2": 1.0
        },
        "mrca": 2,
        "size": 485762
    },
    "24": {
        "clone_proportion": {
            "1": 1.0
        },
        "mrca": 1,
        "size": 809604
    },
    "25": {
        "clone_proportion": {
            "2": 0.7686193908791623,
            "3": 0.00021409643891746253,
            "4": 0.2311665126819202
        },
        "mrca": 0,
        "size": 607203
    },
    "26": {
        "clone_proportion": {
            "1": 1.0
        },
        "mrca": 1,
        "size": 2428813
    },
    "27": {
        "clone_proportion": {
            "0": 1.0
        },
        "mrca": 0,
        "size": 404802
    },
    "28": {
        "clone_proportion": {
            "1": 1.0
        },
        "mrca": 1,
        "size": 662403
    },
    "29": {
        "clone_proportion": {
            "0": 0.4264034852723528,
            "1": 0.5735965147276472
        },
        "mrca": 0,
        "size": 455402
    },
    "30": {
        "clone_proportion": {
            "2": 1.0
        },
        "mrca": 2,
        "size": 560495
    },
    "31": {
        "clone_proportion": {
            "1": 1.0
        },
        "mrca": 1,
        "size": 607203
    },
    "32": {
        "clone_proportion": {
            "1": 1.0
        },
        "mrca": 1,
        "size": 364322
    },
    "33": {
        "clone_proportion": {
            "1": 1.0
        },
        "mrca": 1,
        "size": 728644
    },
    "34": {
        "clone_proportion": {
            "1": 1.0
        },
        "mrca": 1,
        "size": 364322
    },
    "35": {
        "clone_proportion": {
            "1": 1.0
        },
        "mrca": 1,
        "size": 520460
    },
    "36": {
        "clone_proportion": {
            "1": 1.0
        },
        "mrca": 1,
        "size": 1040920
    },
    "37": {
        "clone_proportion": {
            "1": 1.0
        },
        "mrca": 1,
        "size": 2428813
    },
    "38": {
        "clone_proportion": {
            "1": 1.0
        },
        "mrca": 1,
        "size": 809604
    },
    "39": {
        "clone_proportion": {
            "2": 1.0
        },
        "mrca": 2,
        "size": 520460
    },
    "40": {
        "clone_proportion": {
            "1": 1.0
        },
        "mrca": 1,
        "size": 662403
    },
    "41": {
        "clone_proportion": {
            "2": 0.4010017522979697,
            "3": 0.00028546207526536994,
            "4": 0.5987127856267649
        },
        "mrca": 0,
        "size": 455402
    },
    "42": {
        "clone_proportion": {
            "1": 1.0
        },
        "mrca": 1,
        "size": 1821610
    },
    "43": {
        "clone_proportion": {
            "1": 1.0
        },
        "mrca": 1,
        "size": 662403
    },
    "44": {
        "clone_proportion": {
            "1": 1.0
        },
        "mrca": 1,
        "size": 1821610
    },
    "45": {
        "clone_proportion": {
            "1": 1.0
        },
        "mrca": 1,
        "size": 662403
    },
    "46": {
        "clone_proportion": {
            "1": 0.7595615966095927,
            "2": 0.2404384033904074
        },
        "mrca": 0,
        "size": 364322
    },
    "47": {
        "clone_proportion": {
            "1": 1.0
        },
        "mrca": 1,
        "size": 364322
    },
    "48": {
        "clone_proportion": {
            "1": 1.0
        },
        "mrca": 1,
        "size": 607203
    },
    "49": {
        "clone_proportion": {
            "1": 1.0
        },
        "mrca": 1,
        "size": 364322
    },
    "50": {
        "clone_proportion": {
            "1": 1.0
        },
        "mrca": 1,
        "size": 404802
    },
    "51": {
        "clone_proportion": {
            "1": 1.0
        },
        "mrca": 1,
        "size": 383496
    },
    "52": {
        "clone_proportion": {
            "2": 0.9014299995224002,
            "3": 0.00010704821945873127,
            "4": 0.09846295225814101
        },
        "mrca": 0,
        "size": 1214406
    },
    "53": {
        "clone_proportion": {
            "2": 1.0
        },
        "mrca": 2,
        "size": 455402
    },
    "54": {
        "clone_proportion": {
            "1": 0.08263625071176743,
            "2": 0.6103796381195259,
            "3": 5.352408769221838e-05,
            "4": 0.18944686149160103,
            "5": 0.11291935608052164,
            "6": 7.822751278093456e-06,
            "7": 0.0002705025047214421,
            "8": 0.0011034196539626557,
            "9": 0.00015686674931334772,
            "10": 0.003025757849616253
        },
        "mrca": 0,
        "size": 2428813
    },