{
    "N_max": 515611,
    "M": 515611,
    "picking": "adjacent",
    "mutation_rate": 33.89667345367171,
    "P_death": 0.2882938536315257,
    "D": 640,
    "new_clone_frequency": 0.0021502646856317725,
    "depth_sequencing": 100,
    "min_alt_reads": 2,
    "n_sequencing": 10,
    "max_horizontal": 2
}