{
    "n_event": 240002,
    "clone_proportion": {
        "0": 0.9998235430352803,
        "1": 0.0001764569647196356
    },
    "clones": [
        {
            "id": 0,
            "fitness": 0,
            "ancestor": null,
            "dead_lineage": false,
            "size": 341285,
            "tmb": 100
        },
        {
            "id": 1,
            "fitness": 0.9934584919653735,
            "ancestor": 0,
            "dead_lineage": false,
            "size": 63,
            "tmb": 327
        },
        {
            "id": 2,
            "fitness": 1.1665249071139894,
            "ancestor": 0,
            "dead_lineage": true,
            "size": 1,
            "tmb": 251
        }
    ]
}