{
    "0": {
        "clone_proportion": {
            "0": 1.0
        },
        "mrca": 0,
        "size": 15016
    },
    "1": {
        "clone_proportion": {
            "3": 1.0
        },
        "mrca": 3,
        "size": 28531
    },
    "2": {
        "clone_proportion": {
            "2": 0.27615141955835965,
            "3": 0.7238485804416404
        },
        "mrca": 2,
        "size": 15850
    },
    "3": {
        "clone_proportion": {
            "0": 1.0
        },
        "mrca": 0,
        "size": 31701
    },
    "4": {
        "clone_proportion": {
            "0": 1.0
        },
        "mrca": 0,
        "size": 16783
    },
    "5": {
        "clone_proportion": {
            "3": 1.0
        },
        "mrca": 3,
        "size": 16783
    },
    "6": {
        "clone_proportion": {
            "4": 0.2736672391433879,
            "6": 0.7263327608566121
        },
        "mrca": 2,
        "size": 28531
    },
    "7": {
        "clone_proportion": {
            "3": 1.0
        },
        "mrca": 3,
        "size": 14265
    },
    "8": {
        "clone_proportion": {
            "3": 0.7722282974427994,
            "4": 0.22777170255720053
        },
        "mrca": 2,
        "size": 47552
    },
    "9": {
        "clone_proportion": {
            "0": 1.0
        },
        "mrca": 0,
        "size": 17832
    }
}