{
    "0": {
        "clone_proportion": {
            "6": 0.8844770986399875,
            "7": 0.1155229013600125
        },
        "mrca": 1,
        "size": 25588
    },
    "1": {
        "clone_proportion": {
            "6": 1.0
        },
        "mrca": 6,
        "size": 7676
    },
    "2": {
        "clone_proportion": {
            "6": 1.0
        },
        "mrca": 6,
        "size": 9031
    },
    "3": {
        "clone_proportion": {
            "6": 0.8710137564483351,
            "7": 0.12898624355166485
        },
        "mrca": 1,
        "size": 51176
    },
    "4": {
        "clone_proportion": {
            "6": 1.0
        },
        "mrca": 6,
        "size": 9595
    },
    "5": {
        "clone_proportion": {
            "3": 1.0
        },
        "mrca": 3,
        "size": 10235
    },
    "6": {
        "clone_proportion": {
            "4": 1.0
        },
        "mrca": 4,
        "size": 25588
    },
    "7": {
        "clone_proportion": {
            "1": 1.0
        },
        "mrca": 1,
        "size": 9031
    },
    "8": {
        "clone_proportion": {
            "4": 0.7166296482052017,
            "5": 0.06734971698789138,
            "6": 0.21602063480690692
        },
        "mrca": 0,
        "size": 13957
    },
    "9": {
        "clone_proportion": {
            "6": 1.0
        },
        "mrca": 6,
        "size": 7676
    }
}