{
    "0": {
        "clone_proportion": {
            "4": 1.0
        },
        "mrca": 4,
        "size": 17830
    },
    "1": {
        "clone_proportion": {
            "1": 0.007495282458663781,
            "2": 0.0018210369353795807,
            "4": 0.9906836806059567
        },
        "mrca": 0,
        "size": 75781
    },
    "2": {
        "clone_proportion": {
            "0": 1.0
        },
        "mrca": 0,
        "size": 75781
    },
    "3": {
        "clone_proportion": {
            "4": 1.0
        },
        "mrca": 4,
        "size": 20208
    },
    "4": {
        "clone_proportion": {
            "0": 1.0
        },
        "mrca": 0,
        "size": 21651
    },
    "5": {
        "clone_proportion": {
            "0": 1.0
        },
        "mrca": 0,
        "size": 23317
    },
    "6": {
        "clone_proportion": {
            "0": 0.42603919239904986,
            "1": 0.04406175771971496,
            "2": 0.004097387173396675,
            "4": 0.5258016627078385
        },
        "mrca": 0,
        "size": 33680
    },
    "7": {
        "clone_proportion": {
            "0": 0.8894695170229612,
            "1": 0.07833201372393772,
            "2": 0.00728424386381631,
            "4": 0.024914225389284773
        },
        "mrca": 0,
        "size": 18945
    },
    "8": {
        "clone_proportion": {
            "0": 1.0
        },
        "mrca": 0,
        "size": 30312
    },
    "9": {
        "clone_proportion": {
            "4": 1.0
        },
        "mrca": 4,
        "size": 60625
    }
}