{
    "0": {
        "clone_proportion": {
            "1": 1.0
        },
        "mrca": 1,
        "size": 15352
    },
    "1": {
        "clone_proportion": {
            "0": 1.0
        },
        "mrca": 0,
        "size": 10966
    },
    "2": {
        "clone_proportion": {
            "5": 1.0
        },
        "mrca": 5,
        "size": 10235
    },
    "3": {
        "clone_proportion": {
            "1": 1.0
        },
        "mrca": 1,
        "size": 19191
    },
    "4": {
        "clone_proportion": {
            "1": 1.0
        },
        "mrca": 1,
        "size": 30705
    },
    "5": {
        "clone_proportion": {
            "5": 1.0
        },
        "mrca": 5,
        "size": 10966
    },
    "6": {
        "clone_proportion": {
            "4": 0.06440518993278099,
            "5": 0.935594810067219
        },
        "mrca": 1,
        "size": 19191
    },
    "7": {
        "clone_proportion": {
            "4": 0.4165602772204997,
            "5": 0.5834397227795003
        },
        "mrca": 1,
        "size": 10966
    },
    "8": {
        "clone_proportion": {
            "1": 0.6577603501732628,
            "2": 0.054076235637424766,
            "3": 0.03355827101951486,
            "4": 0.25460514316979754
        },
        "mrca": 0,
        "size": 10966
    },
    "9": {
        "clone_proportion": {
            "1": 1.0
        },
        "mrca": 1,
        "size": 25588
    }
}