{
    "N_max": 680275,
    "M": 680275,
    "picking": "adjacent",
    "mutation_rate": 39.47248758424132,
    "P_death": 0.2376894939837028,
    "D": 640,
    "new_clone_frequency": 0.0196347964751969,
    "depth_sequencing": 100,
    "min_alt_reads": 2,
    "n_sequencing": 10,
    "max_horizontal": 2
}