{
    "0": {
        "clone_proportion": {
            "0": 0.026157975898109545,
            "1": 0.6331886458392827,
            "2": 0.29105031697983896,
            "3": 0.042735164772402766,
            "4": 0.0068678965103660975
        },
        "mrca": 0,
        "size": 70036
    },
    "1": {
        "clone_proportion": {
            "1": 0.12974088233509315,
            "2": 0.8702591176649068
        },
        "mrca": 0,
        "size": 16479
    },
    "2": {
        "clone_proportion": {
            "1": 0.4366948308542423,
            "2": 0.5633051691457577
        },
        "mrca": 0,
        "size": 31127
    },
    "3": {
        "clone_proportion": {
            "2": 0.6887984579139002,
            "3": 0.10683943742414508,
            "4": 0.20436210466195473
        },
        "mrca": 0,
        "size": 28014
    },
    "4": {
        "clone_proportion": {
            "9": 1.0
        },
        "mrca": 9,
        "size": 14744
    },
    "5": {
        "clone_proportion": {
            "1": 0.6307560505461555,
            "2": 0.36924394945384453
        },
        "mrca": 0,
        "size": 18676
    },
    "6": {
        "clone_proportion": {
            "9": 1.0
        },
        "mrca": 9,
        "size": 31127
    },
    "7": {
        "clone_proportion": {
            "1": 1.0
        },
        "mrca": 1,
        "size": 25467
    },
    "8": {
        "clone_proportion": {
            "0": 0.4085572416353427,
            "1": 0.5914427583646573
        },
        "mrca": 0,
        "size": 21549
    },
    "9": {
        "clone_proportion": {
            "0": 1.0
        },
        "mrca": 0,
        "size": 31127
    }
}