{
    "0": {
        "clone_proportion": {
            "3": 1.0
        },
        "mrca": 3,
        "size": 31937
    },
    "1": {
        "clone_proportion": {
            "0": 0.5207007491252378,
            "1": 0.0015968813845900947,
            "2": 0.3451846981189677,
            "3": 0.13251767137120446
        },
        "mrca": 0,
        "size": 42583
    },
    "2": {
        "clone_proportion": {
            "3": 1.0
        },
        "mrca": 3,
        "size": 19653
    },
    "3": {
        "clone_proportion": {
            "0": 1.0
        },
        "mrca": 0,
        "size": 31937
    },
    "4": {
        "clone_proportion": {
            "0": 1.0
        },
        "mrca": 0,
        "size": 28389
    },
    "5": {
        "clone_proportion": {
            "2": 0.39816438356164385,
            "3": 0.6018356164383561
        },
        "mrca": 2,
        "size": 36500
    },
    "6": {
        "clone_proportion": {
            "3": 1.0
        },
        "mrca": 3,
        "size": 42583
    },
    "7": {
        "clone_proportion": {
            "0": 1.0
        },
        "mrca": 0,
        "size": 15029
    },
    "8": {
        "clone_proportion": {
            "0": 0.6916844750252448,
            "1": 0.0015968813845900947,
            "2": 0.3067186435901651
        },
        "mrca": 0,
        "size": 42583
    },
    "9": {
        "clone_proportion": {
            "3": 1.0
        },
        "mrca": 3,
        "size": 42583
    }
}