{
    "0": {
        "clone_proportion": {
            "4": 1.0
        },
        "mrca": 4,
        "size": 23456
    },
    "1": {
        "clone_proportion": {
            "6": 0.07251023192360163,
            "7": 0.9274897680763984
        },
        "mrca": 4,
        "size": 29320
    },
    "2": {
        "clone_proportion": {
            "4": 1.0
        },
        "mrca": 4,
        "size": 156373
    },
    "3": {
        "clone_proportion": {
            "9": 0.8334996035095797,
            "10": 0.0035044637147315376,
            "11": 0.00023022024403345867,
            "12": 0.0006139206507558898,
            "13": 0.016806077814442485,
            "14": 0.011459852147443276,
            "15": 0.01363415445220372,
            "16": 0.06423144808533497,
            "17": 0.04857647149105978,
            "18": 0.005397385721228864,
            "19": 7.674008134448623e-05,
            "20": 0.0019696620878418133
        },
        "mrca": 1,
        "size": 39093
    },
    "4": {
        "clone_proportion": {
            "9": 1.0
        },
        "mrca": 9,
        "size": 36086
    },
    "5": {
        "clone_proportion": {
            "4": 1.0
        },
        "mrca": 4,
        "size": 78186
    },
    "6": {
        "clone_proportion": {
            "9": 1.0
        },
        "mrca": 9,
        "size": 31274
    },
    "7": {
        "clone_proportion": {
            "9": 1.0
        },
        "mrca": 9,
        "size": 58640
    },
    "8": {
        "clone_proportion": {
            "4": 0.7585266030013642,
            "5": 0.05648021828103684,
            "6": 0.1849931787175989
        },
        "mrca": 3,
        "size": 58640
    },
    "9": {
        "clone_proportion": {
            "9": 1.0
        },
        "mrca": 9,
        "size": 117280
    }
}