{
    "N_max": 304453,
    "M": 304453,
    "picking": "adjacent",
    "mutation_rate": 15.406334774205837,
    "P_death": 0.009941962211721977,
    "D": 640,
    "new_clone_frequency": 0.02874799028940859,
    "depth_sequencing": 100,
    "min_alt_reads": 2,
    "n_sequencing": 10,
    "max_horizontal": 2
}