{
    "0": {
        "clone_proportion": {
            "2": 1.0
        },
        "mrca": 2,
        "size": 19020
    },
    "1": {
        "clone_proportion": {
            "0": 1.0
        },
        "mrca": 0,
        "size": 17832
    },
    "2": {
        "clone_proportion": {
            "2": 0.4575482279048901,
            "3": 0.5424517720951099
        },
        "mrca": 2,
        "size": 35664
    },
    "3": {
        "clone_proportion": {
            "2": 0.9279104979811574,
            "3": 0.07208950201884252
        },
        "mrca": 2,
        "size": 95104
    },
    "4": {
        "clone_proportion": {
            "2": 1.0
        },
        "mrca": 2,
        "size": 15850
    },
    "5": {
        "clone_proportion": {
            "3": 1.0
        },
        "mrca": 3,
        "size": 16783
    },
    "6": {
        "clone_proportion": {
            "2": 0.8798302215461616,
            "3": 0.12016977845383842
        },
        "mrca": 2,
        "size": 40759
    },
    "7": {
        "clone_proportion": {
            "3": 1.0
        },
        "mrca": 3,
        "size": 47552
    },
    "8": {
        "clone_proportion": {
            "2": 1.0
        },
        "mrca": 2,
        "size": 57062
    },
    "9": {
        "clone_proportion": {
            "3": 1.0
        },
        "mrca": 3,
        "size": 71328
    }
}