{
    "0": {
        "clone_proportion": {
            "0": 0.4825848006440998,
            "1": 0.5174151993559002
        },
        "mrca": 0,
        "size": 85701
    },
    "1": {
        "clone_proportion": {
            "5": 1.0
        },
        "mrca": 5,
        "size": 26369
    },
    "2": {
        "clone_proportion": {
            "1": 0.15081476554705686,
            "2": 5.542622769094336e-05,
            "3": 0.8491298082252522
        },
        "mrca": 0,
        "size": 18042
    },
    "3": {
        "clone_proportion": {
            "3": 0.10896022216776934,
            "4": 0.15208690680388792,
            "5": 0.7389528710283427
        },
        "mrca": 1,
        "size": 24486
    },
    "4": {
        "clone_proportion": {
            "3": 1.0
        },
        "mrca": 3,
        "size": 17140
    },
    "5": {
        "clone_proportion": {
            "3": 1.0
        },
        "mrca": 3,
        "size": 20165
    },
    "6": {
        "clone_proportion": {
            "5": 1.0
        },
        "mrca": 5,
        "size": 17140
    },
    "7": {
        "clone_proportion": {
            "0": 0.38456826137689615,
            "1": 0.6154317386231039
        },
        "mrca": 0,
        "size": 34280
    },
    "8": {
        "clone_proportion": {
            "3": 1.0
        },
        "mrca": 3,
        "size": 68561
    },
    "9": {
        "clone_proportion": {
            "5": 1.0
        },
        "mrca": 5,
        "size": 28567
    }
}