{
    "0": {
        "clone_proportion": {
            "0": 1.0
        },
        "mrca": 0,
        "size": 19309
    },
    "1": {
        "clone_proportion": {
            "0": 1.0
        },
        "mrca": 0,
        "size": 38618
    },
    "2": {
        "clone_proportion": {
            "0": 1.0
        },
        "mrca": 0,
        "size": 16550
    },
    "3": {
        "clone_proportion": {
            "2": 0.8986171535114978,
            "3": 0.10138284648850218
        },
        "mrca": 2,
        "size": 12872
    },
    "4": {
        "clone_proportion": {
            "0": 1.0
        },
        "mrca": 0,
        "size": 12195
    },
    "5": {
        "clone_proportion": {
            "0": 1.0
        },
        "mrca": 0,
        "size": 12872
    },
    "6": {
        "clone_proportion": {
            "0": 0.03899685383948108,
            "1": 0.04342478345870503,
            "2": 0.28789310822533243,
            "3": 0.5738441420562683,
            "5": 0.05584111242021311
        },
        "mrca": 0,
        "size": 77237
    },
    "7": {
        "clone_proportion": {
            "0": 1.0
        },
        "mrca": 0,
        "size": 13630
    },
    "8": {
        "clone_proportion": {
            "0": 1.0
        },
        "mrca": 0,
        "size": 21064
    },
    "9": {
        "clone_proportion": {
            "3": 1.0
        },
        "mrca": 3,
        "size": 17824
    }
}