{
    "0": {
        "clone_proportion": {
            "5": 1.0
        },
        "mrca": 5,
        "size": 35161
    },
    "1": {
        "clone_proportion": {
            "5": 1.0
        },
        "mrca": 5,
        "size": 90415
    },
    "2": {
        "clone_proportion": {
            "6": 1.0
        },
        "mrca": 6,
        "size": 63291
    },
    "3": {
        "clone_proportion": {
            "6": 0.9708010744193395,
            "7": 0.02919892558066045
        },
        "mrca": 3,
        "size": 31645
    },
    "4": {
        "clone_proportion": {
            "6": 1.0
        },
        "mrca": 6,
        "size": 57537
    },
    "5": {
        "clone_proportion": {
            "10": 0.8513139433468583,
            "11": 0.01583178491524781,
            "12": 0.1328542717378939
        },
        "mrca": 3,
        "size": 52742
    },
    "6": {
        "clone_proportion": {
            "6": 1.0
        },
        "mrca": 6,
        "size": 158227
    },
    "7": {
        "clone_proportion": {
            "5": 1.0
        },
        "mrca": 5,
        "size": 37230
    },
    "8": {
        "clone_proportion": {
            "5": 1.0
        },
        "mrca": 5,
        "size": 90415
    },
    "9": {
        "clone_proportion": {
            "0": 1.0
        },
        "mrca": 0,
        "size": 70323
    }
}