{
    "n_event": 632911,
    "clone_proportion": {
        "0": 0.35755266603034525,
        "1": 0.042743066965007535,
        "2": 0.005039283286478517,
        "3": 0.10604401049408795,
        "4": 0.01750405524521846,
        "5": 0.1127471178637681,
        "6": 0.24748035835676074,
        "7": 0.016959009424859305,
        "9": 8.692915795201858e-07,
        "10": 0.052460877532463694,
        "11": 0.0007258584688993551,
        "12": 0.006744833365497122,
        "13": 2.347087264704502e-05,
        "14": 8.692915795201858e-07,
        "15": 0.0031885615136800416,
        "16": 0.0013282775335068438,
        "17": 0.0020741297087351635,
        "18": 9.040632427009933e-05,
        "19": 0.013680910878488684,
        "20": 0.0006806553067643055,
        "21": 5.737324424833226e-05,
        "22": 8.692915795201858e-07,
        "23": 0.011534629968653346,
        "24": 1.3908665272322973e-05,
        "25": 0.00032772292547911003,
        "26": 1.4777956851843159e-05,
        "27": 0.0003572788391827964,
        "28": 0.00019819848013060237,
        "29": 3.303308002176706e-05,
        "30": 0.0001164850716557049,
        "31": 0.00014430240220035084,
        "32": 1.651654001088353e-05,
        "33": 2.260158106752483e-05,
        "34": 3.216378844224688e-05,
        "35": 8.692915795201858e-07,
        "36": 8.692915795201858e-07,
        "37": 1.3039373692802788e-05,
        "38": 4.346457897600929e-06,
        "39": 8.692915795201858e-07,
        "40": 2.694803896512576e-05,
        "41": 2.6078747385605576e-06,
        "42": 8.692915795201858e-07,
        "43": 8.692915795201858e-07,
        "44": 8.692915795201858e-07,
        "45": 8.692915795201858e-07,
        "46": 8.692915795201858e-07,
        "47": 8.692915795201858e-07,
        "48": 8.692915795201858e-07,
        "49": 2.6078747385605576e-06,
        "50": 8.692915795201858e-07,
        "51": 8.692915795201858e-07,
        "52": 8.692915795201858e-07
    },
    "clones": [
        {
            "id": 0,
            "fitness": 0,
            "ancestor": null,
            "dead_lineage": false,
            "size": 425039,
            "tmb": 100
        },
        {
            "id": 1,
            "fitness": 1.5806891676769794,
            "ancestor": 0,
            "dead_lineage": false,
            "size": 50803,
            "tmb": 410
        },
        {
            "id": 2,
            "fitness": 1.1205341591921338,
            "ancestor": 0,
            "dead_lineage": false,
            "size": 5975,
            "tmb": 245
        },
        {
            "id": 3,
            "fitness": 2.076025060734861,
            "ancestor": 1,
            "dead_lineage": false,
            "size": 126023,
            "tmb": 468
        },
        {
            "id": 4,
            "fitness": 2.526704654387625,
            "ancestor": 1,
            "dead_lineage": false,
            "size": 20835,
            "tmb": 563
        },
        {
            "id": 5,
            "fitness": 3.2724646359743463,
            "ancestor": 3,
            "dead_lineage": false,
            "size": 134061,
            "tmb": 518
        },
        {
            "id": 6,
            "fitness": 3.249155506213191,
            "ancestor": 3,
            "dead_lineage": false,
            "size": 294137,
            "tmb": 569
        },
        {
            "id": 7,
            "fitness": 3.4634679925117657,
            "ancestor": 5,
            "dead_lineage": false,
            "size": 20197,
            "tmb": 558
        },
        {
            "id": 8,
            "fitness": 1.9213176647088173,
            "ancestor": 2,
            "dead_lineage": true,
            "size": 1,
            "tmb": 277
        },
        {
            "id": 9,
            "fitness": 1.2560058110952679,
            "ancestor": 2,
            "dead_lineage": false,
            "size": 1,
            "tmb": 369
        },
        {
            "id": 10,
            "fitness": 3.587597986904904,
            "ancestor": 5,
            "dead_lineage": false,
            "size": 62435,
            "tmb": 595
        },
        {
            "id": 11,
            "fitness": 4.144100118963624,
            "ancestor": 6,
            "dead_lineage": false,
            "size": 867,
            "tmb": 651
        },
        {
            "id": 12,
            "fitness": 4.794936400762015,
            "ancestor": 6,
            "dead_lineage": false,
            "size": 7987,
            "tmb": 677
        },
        {
            "id": 13,
            "fitness": 2.884211629577831,
            "ancestor": 4,
            "dead_lineage": false,
            "size": 27,
            "tmb": 763
        },
        {
            "id": 14,
            "fitness": 3.774765610848541,
            "ancestor": 4,
            "dead_lineage": false,
            "size": 1,
            "tmb": 614
        },
        {
            "id": 15,
            "fitness": 4.338639135012601,
            "ancestor": 10,
            "dead_lineage": false,
            "size": 3803,
            "tmb": 716
        },
        {
            "id": 16,
            "fitness": 5.266495016724577,
            "ancestor": 10,
            "dead_lineage": false,
            "size": 1585,
            "tmb": 703
        },
        {
            "id": 17,
            "fitness": 4.5824177070784895,
            "ancestor": 7,
            "dead_lineage": false,
            "size": 2481,
            "tmb": 626
        },
        {
            "id": 18,
            "fitness": 3.8317364018116287,
            "ancestor": 7,
            "dead_lineage": false,
            "size": 109,
            "tmb": 684
        },
        {
            "id": 19,
            "fitness": 6.089976338737612,
            "ancestor": 11,
            "dead_lineage": false,
            "size": 16289,
            "tmb": 670
        },
        {
            "id": 20,
            "fitness": 5.769569038260783,
            "ancestor": 15,
            "dead_lineage": false,
            "size": 807,
            "tmb": 757
        },
        {
            "id": 21,
            "fitness": 6.63743888054701,
            "ancestor": 16,
            "dead_lineage": false,
            "size": 71,
            "tmb": 724
        },
        {
            "id": 22,
            "fitness": 5.665738782431582,
            "ancestor": 17,
            "dead_lineage": false,
            "size": 1,
            "tmb": 684
        },
        {
            "id": 23,
            "fitness": 7.558420729470638,
            "ancestor": 19,
            "dead_lineage": false,
            "size": 13719,
            "tmb": 721
        },
        {
            "id": 24,
            "fitness": 5.772397457387187,
            "ancestor": 16,
            "dead_lineage": false,
            "size": 17,
            "tmb": 803
        },
        {
            "id": 25,
            "fitness": 5.262429971781877,
            "ancestor": 12,
            "dead_lineage": false,
            "size": 391,
            "tmb": 703
        },
        {
            "id": 26,
            "fitness": 5.348206542421753,
            "ancestor": 12,
            "dead_lineage": false,
            "size": 17,
            "tmb": 707
        },
        {
            "id": 27,
            "fitness": 6.903393045760954,
            "ancestor": 19,
            "dead_lineage": false,
            "size": 427,
            "tmb": 756
        },
        {
            "id": 28,
            "fitness": 5.929240316291618,
            "ancestor": 17,
            "dead_lineage": false,
            "size": 233,
            "tmb": 697
        },
        {
            "id": 29,
            "fitness": 5.48269293334424,
            "ancestor": 15,
            "dead_lineage": false,
            "size": 39,
            "tmb": 855
        },
        {
            "id": 30,
            "fitness": 5.494875888764051,
            "ancestor": 11,
            "dead_lineage": false,
            "size": 143,