{
    "0": {
        "clone_proportion": {
            "0": 1.0
        },
        "mrca": 0,
        "size": 12500
    },
    "1": {
        "clone_proportion": {
            "0": 1.0
        },
        "mrca": 0,
        "size": 6250
    },
    "2": {
        "clone_proportion": {
            "0": 1.0
        },
        "mrca": 0,
        "size": 7692
    },
    "3": {
        "clone_proportion": {
            "0": 1.0
        },
        "mrca": 0,
        "size": 11111
    },
    "4": {
        "clone_proportion": {
            "0": 1.0
        },
        "mrca": 0,
        "size": 8333
    },
    "5": {
        "clone_proportion": {
            "0": 1.0
        },
        "mrca": 0,
        "size": 7692
    },
    "6": {
        "clone_proportion": {
            "13": 0.0789,
            "14": 0.0001,
            "15": 0.0145,
            "16": 0.077,
            "17": 0.0628,
            "18": 0.0312,
            "19": 0.0053,
            "20": 0.0007,
            "21": 0.0007,
            "22": 0.493,
            "23": 0.0085,
            "24": 0.0017,
            "25": 0.0003,
            "26": 0.0012,
            "27": 0.0023,
            "28": 0.0026,
            "29": 0.0167,
            "30": 0.005,
            "31": 0.0069,
            "32": 0.0033,
            "33": 0.0001,
            "34": 0.014,
            "35": 0.0003,
            "36": 0.0001,
            "37": 0.0728,
            "38": 0.0055,
            "39": 0.0045,
            "40": 0.0053,
            "41": 0.0003,
            "42": 0.0015,
            "43": 0.0007,
            "44": 0.0094,
            "45": 0.0023,
            "46": 0.0197,
            "47": 0.0023,
            "48": 0.0009,
            "49": 0.0061,
            "50": 0.0019,
            "51": 0.0396
        },
        "mrca": 0,
        "size": 10000
    },
    "7": {
        "clone_proportion": {
            "0": 1.0
        },
        "mrca": 0,
        "size": 16666
    },
    "8": {
        "clone_proportion": {
            "13": 0.12189731383883033,
            "14": 0.00017001020061203673,
            "15": 0.024651479088745324,
            "16": 0.13090785447126826,
            "17": 0.10676640598435906,
            "18": 0.05304318259095546,
            "19": 0.009010540632437947,
            "20": 0.0011900714042842571,
            "21": 0.0011900714042842571,
            "22": 0.551173070384223
        },
        "mrca": 0,
        "size": 5882
    },
    "9": {
        "clone_proportion": {
            "0": 1.0
        },
        "mrca": 0,
        "size": 5000
    }
}