{
    "0": {
        "clone_proportion": {
            "2": 1.0
        },
        "mrca": 2,
        "size": 23450
    },
    "1": {
        "clone_proportion": {
            "0": 0.28819986616105286,
            "1": 0.7118001338389471
        },
        "mrca": 0,
        "size": 17932
    },
    "2": {
        "clone_proportion": {
            "0": 0.40812470477090224,
            "1": 0.5918752952290978
        },
        "mrca": 0,
        "size": 25404
    },
    "3": {
        "clone_proportion": {
            "2": 1.0
        },
        "mrca": 2,
        "size": 101617
    },
    "4": {
        "clone_proportion": {
            "2": 1.0
        },
        "mrca": 2,
        "size": 60970
    },
    "5": {
        "clone_proportion": {
            "2": 1.0
        },
        "mrca": 2,
        "size": 21775
    },
    "6": {
        "clone_proportion": {
            "2": 1.0
        },
        "mrca": 2,
        "size": 33872
    },
    "7": {
        "clone_proportion": {
            "0": 1.0
        },
        "mrca": 0,
        "size": 43550
    },
    "8": {
        "clone_proportion": {
            "1": 0.15506744344722617,
            "2": 0.8449325565527739
        },
        "mrca": 0,
        "size": 38106
    },
    "9": {
        "clone_proportion": {
            "2": 1.0
        },
        "mrca": 2,
        "size": 50808
    }
}