{
    "0": {
        "clone_proportion": {
            "3": 0.4246033275518726,
            "4": 0.3914948288045224,
            "5": 0.14332883664161367,
            "6": 0.040573007001991394
        },
        "mrca": 0,
        "size": 77835
    },
    "1": {
        "clone_proportion": {
            "2": 0.3831279791348143,
            "3": 0.6168720208651857
        },
        "mrca": 0,
        "size": 22238
    },
    "2": {
        "clone_proportion": {
            "2": 1.0
        },
        "mrca": 2,
        "size": 51890
    },
    "3": {
        "clone_proportion": {
            "3": 1.0
        },
        "mrca": 3,
        "size": 20756
    },
    "4": {
        "clone_proportion": {
            "0": 1.0
        },
        "mrca": 0,
        "size": 22238
    },
    "5": {
        "clone_proportion": {
            "3": 1.0
        },
        "mrca": 3,
        "size": 28303
    },
    "6": {
        "clone_proportion": {
            "2": 0.36970514550009637,
            "3": 0.6302948544999036
        },
        "mrca": 0,
        "size": 103780
    },
    "7": {
        "clone_proportion": {
            "0": 1.0
        },
        "mrca": 0,
        "size": 20756
    },
    "8": {
        "clone_proportion": {
            "3": 0.622483458598317,
            "4": 0.37751654140168306
        },
        "mrca": 1,
        "size": 77835
    },
    "9": {
        "clone_proportion": {
            "2": 0.9846596603026955,
            "3": 0.01534033969730452
        },
        "mrca": 0,
        "size": 38917
    }
}