{
    "0": {
        "clone_proportion": {
            "2": 1.0
        },
        "mrca": 2,
        "size": 5882
    },
    "1": {
        "clone_proportion": {
            "1": 1.0
        },
        "mrca": 1,
        "size": 12500
    },
    "2": {
        "clone_proportion": {
            "0": 1.0
        },
        "mrca": 0,
        "size": 5882
    },
    "3": {
        "clone_proportion": {
            "0": 1.0
        },
        "mrca": 0,
        "size": 33333
    },
    "4": {
        "clone_proportion": {
            "6": 0.0088008800880088,
            "7": 0.007700770077007701,
            "8": 0.05863586358635864,
            "9": 0.039823982398239824,
            "10": 0.02277227722772277,
            "11": 0.6145214521452145,
            "12": 0.005610561056105611,
            "13": 0.24213421342134214
        },
        "mrca": 0,
        "size": 9090
    },
    "5": {
        "clone_proportion": {
            "0": 1.0
        },
        "mrca": 0,
        "size": 7692
    },
    "6": {
        "clone_proportion": {
            "13": 0.5008400336013441,
            "14": 0.01956078243129725,
            "15": 0.0028801152046081845,
            "16": 0.023700948037921516,
            "17": 0.00438017520700828,
            "18": 0.0874834993399736,
            "19": 0.002580103204128165,
            "20": 6.000240009600384e-05,
            "21": 0.010740429617184688,
            "22": 0.10662426497059882,
            "23": 0.0003000120004800192,
            "24": 0.0003000120004800192,
            "25": 0.0039001560062402497,
            "26": 0.020220808832353294,
            "27": 0.007260290411616465,
            "28": 0.0061802472098883956,
            "29": 0.0005400216008640345,
            "30": 0.0024000960038401535,
            "31": 0.0016200648025921037,
            "32": 0.0003000120004800192,
            "33": 0.004620184807392296,
            "34": 0.00438017520700828,
            "35": 0.0021000840033601345,
            "36": 0.01170046801872075,
            "37": 0.002280091203648146,
            "38": 0.001500060002400096,
            "39": 0.006300252010080404,
            "40": 6.000240009600384e-05,
            "41": 0.0003000120004800192,
            "42": 0.0024600984039361575,
            "43": 0.002700108004320173,
            "44": 0.0012600504020160806,
            "45": 0.0003000120004800192,
            "46": 0.0009000360014400576,
            "47": 0.0013800552022080884,
            "48": 0.0003000120004800192,
            "49": 0.0008400336013440538,
            "50": 0.0006600264010560422,
            "51": 0.0039001560062402497,
            "52": 0.010020400816032641,
            "53": 6.000240009600384e-05,
            "54": 6.000240009600384e-05,
            "55": 0.00018000720028801153,
            "56": 0.00018000720028801153,
            "57": 0.001980079203168127,
            "58": 0.005700228009120365,
            "59": 0.0006600264010560422,
            "60": 0.005880235209408376,
            "61": 0.0004200168006720269,
            "62": 0.001980079203168127,
            "63": 0.00750030001200048,
            "64": 0.00018000720028801153,
            "65": 0.00018000720028801153,
            "66": 0.01014040561622465,
            "67": 0.0004200168006720269,
            "68": 0.007200288011520461,
            "69": 0.00078003120124805,
            "70": 0.0005400216008640345,
            "71": 0.010980439217568702,
            "72": 0.0003000120004800192,
            "73": 0.0010200408016320653,
            "74": 0.00018000720028801153,
            "75": 0.0003000120004800192,
            "76": 0.0024600984039361575,
            "77": 0.0006600264010560422,
            "78": 0.00078003120124805,
            "79": 0.001860074402976119,
            "80": 0.0005400216008640345,
            "81": 0.00018000720028801153,
            "82": 0.0013800552022080884,
            "83": 0.002940117604704188,
            "84": 0.0006600264010560422,
            "85": 0.0006600264010560422,
            "86": 0.0010200408016320653,
            "87": 6.000240009600384e-05,
            "88": 0.0004200168006720269,
            "89": 0.001860074402976119,
            "90": 0.001500060002400096,
            "91": 0.0004200168006720269,
            "92": 0.0028801152046081845,
            "93": 0.0003000120004800192,
            "94": 0.0006600264010560422,
            "95": 0.005520220808832354,
            "96": 0.0005400216008640345,
            "97": 0.00018000720028801153,
            "98": 0.0003000120004800192,
            "99": 0.0031801272050882034,
            "100": 6.000240009600384e-05,
            "101": 0.00078003120124805,
            "102": 0.003300132005280211,
            "103": 6.000240009600384e-05,
            "104": 0.0004200168006720269,
            "105": 6.000240009600384e-05,
            "106": 6.000240009600384e-05,
            "107": 6.000240009600384e-05,
            "108": 0.003780151206048242,
            "109": 0.00018000720028801153,
            "110": 0.0010200408016320653,
            "111": 6.000240009600384e-05,
            "112": 0.0030601224048961958,
            "113": 0.01110044401776071,
            "114": 6.000240009600384e-05,
            "115": 6.000240009600384e-05,
            "116": 0.0005400216008640345,
            "117": 0.001980079203168127,
            "118": 6.000240009600384e-05,
            "119": 0.0031801272050882034,
            "120": 0.0004200168006720269,
            "121": 0.004140165606624265,
            "122": 0.0006600264010560422,
            "123": 0.0039001560062402497,
            "124": 0.0003000120004800192,
            "125": 6.000240009600384e-05,
            "126": 0.00018000720028801153,
            "127": 0.0005400216008640345,
            "128": 0.0021000840033601345,
            "129": 6.000240009600384e-05,
            "130": 0.0006600264010560422,
            "131": 6.000240009600384e-05,
            "132": 0.00018000720028801153,
            "133": 6.000240009600384e-05,
            "134": 6.000240009600384e-05,
            "135": 0.00018000720028801153,
            "136": 0.00018000720028801153,
            "137": 0.00018000720028801153,
            "138": 0.0004200168006720269,
            "139": 0.0008400336013440538,
            "140": 0.00018000720028801153,
            "141": 6.000240009600384e-05,
            "142": 6.000240009600384e-05,
            "143": 0.00018000720028801153,
            "144": 0.0003000120004800192,
            "145": 6.000240009600384e-05,
            "146": 6.000240009600384e-05,
            "147": 0.0004200168006720269,
            "148": 0.0004200168006720269,
            "149": 0.0003000120004800192,
            "150": 0.0012600504020160806,
            "151": 0.0004200168006720269,
            "152": 6.000240009600384e-05,
            "153": 0.0003000120004800192,
            "154": 0.00018000720028801153,
            "155": 0.0005400216008640345,
            "156": 0.0004200168006720269,
            "157": 0.00018000720028801153,
            "158": 0.0004200168006720269,
            "159": 6.000240009600384e-05,
            "160": 6.000240009600384e-05,
            "161": 0.0012600504020160806,
            "162": 0.00012000480019200768
        },
        "mrca": 0,
        "size": 16666
    },
    "7": {
        "clone_proportion": {
            "6": 0.05104510451045104,
            "7": 0.007700770077007701,
            "8": 0.05863586358635864,
            "9": 0.039823982398239824,
            "10": 0.02277227722772277,
            "11": 0.6145214521452145,
            "12": 0.005610561056105611,
            "13": 0.1998899889988999
        },
        "mrca": 0,
        "size": 9090
    },
    "8": {
        "clone_proportion": {
            "0": 1.0
        },
        "mrca": 0,
        "size": 33333
    },
    "9": {
        "clone_proportion": {
            "13": 0.2990479428765726,
            "14": 0.05542332539952397,
            "15": 0.008160489629377763,