{
    "0": {
        "clone_proportion": {
            "2": 0.024911921241348292,
            "4": 0.7652732315534344,
            "6": 0.0020739111966217734,
            "7": 0.2077409360085955
        },
        "mrca": 0,
        "size": 40021
    },
    "1": {
        "clone_proportion": {
            "2": 1.0
        },
        "mrca": 2,
        "size": 31127
    },
    "2": {
        "clone_proportion": {
            "2": 1.0
        },
        "mrca": 2,
        "size": 21549
    },
    "3": {
        "clone_proportion": {
            "4": 0.4196473191975441,
            "6": 0.0059256086242592985,
            "7": 0.5744270721781967
        },
        "mrca": 0,
        "size": 14007
    },
    "4": {
        "clone_proportion": {
            "0": 1.0
        },
        "mrca": 0,
        "size": 14744
    },
    "5": {
        "clone_proportion": {
            "0": 1.0
        },
        "mrca": 0,
        "size": 40021
    },
    "6": {
        "clone_proportion": {
            "0": 1.0
        },
        "mrca": 0,
        "size": 18676
    },
    "7": {
        "clone_proportion": {
            "0": 1.0
        },
        "mrca": 0,
        "size": 93382
    },
    "8": {
        "clone_proportion": {
            "0": 1.0
        },
        "mrca": 0,
        "size": 93382
    },
    "9": {
        "clone_proportion": {
            "2": 1.0
        },
        "mrca": 2,
        "size": 40021
    }
}