{
    "0": {
        "clone_proportion": {
            "2": 1.0
        },
        "mrca": 2,
        "size": 117085
    },
    "1": {
        "clone_proportion": {
            "0": 1.0
        },
        "mrca": 0,
        "size": 100359
    },
    "2": {
        "clone_proportion": {
            "2": 1.0
        },
        "mrca": 2,
        "size": 63865
    },
    "3": {
        "clone_proportion": {
            "2": 0.8944442071998975,
            "3": 0.1055557928001025
        },
        "mrca": 0,
        "size": 117085
    },
    "4": {
        "clone_proportion": {
            "0": 1.0
        },
        "mrca": 0,
        "size": 70251
    },
    "5": {
        "clone_proportion": {
            "2": 1.0
        },
        "mrca": 2,
        "size": 58542
    },
    "6": {
        "clone_proportion": {
            "2": 0.5169171246653087,
            "3": 0.4830828753346913
        },
        "mrca": 0,
        "size": 78057
    },
    "7": {
        "clone_proportion": {
            "1": 0.3066290871304323,
            "2": 0.6933709128695676
        },
        "mrca": 0,
        "size": 70251
    },
    "8": {
        "clone_proportion": {
            "0": 1.0
        },
        "mrca": 0,
        "size": 234171
    },
    "9": {
        "clone_proportion": {
            "0": 1.0
        },
        "mrca": 0,
        "size": 100359
    }
}