{
    "N_max": 322313,
    "M": 322313,
    "picking": "adjacent",
    "mutation_rate": 32.98550647927639,
    "P_death": 0.003315018873962727,
    "D": 640,
    "new_clone_frequency": 0.006331637853808428,
    "depth_sequencing": 100,
    "min_alt_reads": 2,
    "n_sequencing": 10,
    "max_horizontal": 2
}