{
    "0": {
        "clone_proportion": {
            "2": 1.0
        },
        "mrca": 2,
        "size": 78186
    },
    "1": {
        "clone_proportion": {
            "0": 1.0
        },
        "mrca": 0,
        "size": 29320
    },
    "2": {
        "clone_proportion": {
            "1": 1.0
        },
        "mrca": 1,
        "size": 33508
    },
    "3": {
        "clone_proportion": {
            "0": 1.0
        },
        "mrca": 0,
        "size": 78186
    },
    "4": {
        "clone_proportion": {
            "1": 1.0
        },
        "mrca": 1,
        "size": 33508
    },
    "5": {
        "clone_proportion": {
            "1": 0.8431524691015907,
            "2": 0.15684753089840936
        },
        "mrca": 0,
        "size": 36086
    },
    "6": {
        "clone_proportion": {
            "0": 0.5174806392407897,
            "1": 0.48251936075921037
        },
        "mrca": 0,
        "size": 156373
    },
    "7": {
        "clone_proportion": {
            "1": 0.6187552758805924,
            "2": 0.3812447241194076
        },
        "mrca": 0,
        "size": 52124
    },
    "8": {
        "clone_proportion": {
            "2": 1.0
        },
        "mrca": 2,
        "size": 93824
    },
    "9": {
        "clone_proportion": {
            "2": 1.0
        },
        "mrca": 2,
        "size": 26062
    }
}