{
    "n_event": 177979,
    "clone_proportion": {
        "0": 0.9998775604751977,
        "1": 0.0001224395248022767
    },
    "clones": [
        {
            "id": 0,
            "fitness": 0,
            "ancestor": null,
            "dead_lineage": false,
            "size": 320073,
            "tmb": 100
        },
        {
            "id": 1,
            "fitness": 0.24024923229305784,
            "ancestor": 0,
            "dead_lineage": false,
            "size": 39,
            "tmb": 469
        },
        {
            "id": 2,
            "fitness": 1.6771614986083208,
            "ancestor": 0,
            "dead_lineage": true,
            "size": 1,
            "tmb": 261
        }
    ]
}