{
    "N_max": 534787,
    "M": 534787,
    "picking": "adjacent",
    "mutation_rate": 4.212448755214009,
    "P_death": 0.13661426523279419,
    "D": 640,
    "new_clone_frequency": 0.01680556017135596,
    "depth_sequencing": 100,
    "min_alt_reads": 2,
    "n_sequencing": 10,
    "max_horizontal": 2
}