{
    "0": {
        "clone_proportion": {
            "0": 1.0
        },
        "mrca": 0,
        "size": 31250
    },
    "1": {
        "clone_proportion": {
            "39": 0.166208,
            "40": 0.000864,
            "41": 0.003136,
            "42": 0.000288,
            "43": 0.043296,
            "44": 0.059168,
            "45": 0.001248,
            "46": 0.008288,
            "47": 0.717504
        },
        "mrca": 0,
        "size": 31250
    },
    "2": {
        "clone_proportion": {
            "28": 0.51706,
            "29": 0.00584,
            "30": 0.00526,
            "31": 0.00034,
            "32": 0.10806,
            "33": 0.01978,
            "34": 2e-05,
            "35": 2e-05,
            "36": 0.09916,
            "37": 0.02254,
            "38": 0.00066,
            "39": 0.18984,
            "40": 0.00054,
            "41": 0.00196,
            "42": 0.00018,
            "43": 0.02706,
            "44": 0.00168
        },
        "mrca": 0,
        "size": 50000
    },
    "3": {
        "clone_proportion": {
            "0": 1.0
        },
        "mrca": 0,
        "size": 31250
    },
    "4": {
        "clone_proportion": {
            "0": 1.0
        },
        "mrca": 0,
        "size": 55555
    },
    "5": {
        "clone_proportion": {
            "14": 0.019352,
            "15": 0.024312,
            "16": 0.005184,
            "17": 0.023992,
            "18": 0.000808,
            "19": 8e-06,
            "20": 0.003944,
            "21": 0.095712,
            "22": 0.002432,
            "23": 0.01204,
            "24": 0.01164,
            "25": 0.006504,
            "26": 0.000344,
            "27": 0.00948,
            "28": 0.559752,
            "29": 0.002336,
            "30": 0.002104,
            "31": 0.000136,
            "32": 0.043224,
            "33": 0.007912,
            "34": 8e-06,
            "35": 8e-06,
            "36": 0.039664,
            "37": 0.009016,
            "38": 0.000264,
            "39": 0.075936,
            "40": 0.000216,
            "41": 0.000784,
            "42": 7.2e-05,
            "43": 0.010824,
            "44": 0.014792,
            "45": 0.000312,
            "46": 0.002072,
            "47": 0.014816
        },
        "mrca": 0,
        "size": 125000
    },
    "6": {
        "clone_proportion": {
            "8": 1.0
        },
        "mrca": 8,
        "size": 26315
    },
    "7": {
        "clone_proportion": {
            "0": 1.0
        },
        "mrca": 0,
        "size": 31250
    },
    "8": {
        "clone_proportion": {
            "0": 1.0
        },
        "mrca": 0,
        "size": 29411
    },
    "9": {
        "clone_proportion": {
            "0": 1.0
        },
        "mrca": 0,
        "size": 25000
    }
}