{
    "0": {
        "clone_proportion": {
            "14": 0.015552,
            "15": 0.415808,
            "16": 0.542848,
            "17": 0.012064,
            "18": 0.013728
        },
        "mrca": 0,
        "size": 31250
    },
    "1": {
        "clone_proportion": {
            "0": 1.0
        },
        "mrca": 0,
        "size": 166666
    },
    "2": {
        "clone_proportion": {
            "0": 1.0
        },
        "mrca": 0,
        "size": 100000
    },
    "3": {
        "clone_proportion": {
            "0": 1.0
        },
        "mrca": 0,
        "size": 35714
    },
    "4": {
        "clone_proportion": {
            "0": 1.0
        },
        "mrca": 0,
        "size": 25000
    },
    "5": {
        "clone_proportion": {
            "0": 1.0
        },
        "mrca": 0,
        "size": 45454
    },
    "6": {
        "clone_proportion": {
            "9": 1.0
        },
        "mrca": 9,
        "size": 33333
    },
    "7": {
        "clone_proportion": {
            "2": 0.64943,
            "3": 0.22205,
            "4": 0.03275,
            "5": 7e-05,
            "6": 0.09183,
            "7": 0.00019,
            "8": 0.00368
        },
        "mrca": 0,
        "size": 100000
    },
    "8": {
        "clone_proportion": {
            "0": 1.0
        },
        "mrca": 0,
        "size": 62500
    },
    "9": {
        "clone_proportion": {
            "0": 1.0
        },
        "mrca": 0,
        "size": 83333
    }
}