{
    "0": {
        "clone_proportion": {
            "2": 1.0
        },
        "mrca": 2,
        "size": 55555
    },
    "1": {
        "clone_proportion": {
            "2": 1.0
        },
        "mrca": 2,
        "size": 41666
    },
    "2": {
        "clone_proportion": {
            "2": 1.0
        },
        "mrca": 2,
        "size": 100000
    },
    "3": {
        "clone_proportion": {
            "0": 1.0
        },
        "mrca": 0,
        "size": 100000
    },
    "4": {
        "clone_proportion": {
            "2": 1.0
        },
        "mrca": 2,
        "size": 29411
    },
    "5": {
        "clone_proportion": {
            "0": 1.0
        },
        "mrca": 0,
        "size": 31250
    },
    "6": {
        "clone_proportion": {
            "0": 1.0
        },
        "mrca": 0,
        "size": 33333
    },
    "7": {
        "clone_proportion": {
            "2": 1.0
        },
        "mrca": 2,
        "size": 25000
    },
    "8": {
        "clone_proportion": {
            "0": 1.0
        },
        "mrca": 0,
        "size": 29411
    },
    "9": {
        "clone_proportion": {
            "19": 0.28052,
            "20": 0.18604,
            "21": 0.20032,
            "22": 0.03948,
            "23": 4e-05,
            "24": 0.00068,
            "25": 0.16536,
            "26": 4e-05,
            "27": 0.00884,
            "28": 0.00256,
            "29": 0.00076,
            "30": 0.0158,
            "31": 0.00412,
            "32": 0.01084,
            "33": 0.00132,
            "34": 0.00468,
            "35": 0.01044,
            "36": 0.0006,
            "37": 0.00796,
            "38": 0.0006,
            "39": 0.0006,
            "40": 0.00208,
            "41": 0.01164,
            "42": 0.0022,
            "43": 0.00476,
            "44": 0.00284,
            "45": 0.00212,
            "46": 0.00132,
            "47": 0.00044,
            "48": 0.0014,
            "49": 0.00748,
            "50": 0.00444,
            "51": 0.00108,
            "52": 0.0166
        },
        "mrca": 0,
        "size": 25000
    }
}