{
    "0": {
        "clone_proportion": {
            "0": 1.0
        },
        "mrca": 0,
        "size": 113379
    },
    "1": {
        "clone_proportion": {
            "0": 0.390490862478538,
            "1": 0.08651245384199262,
            "2": 0.5229966836794694
        },
        "mrca": 0,
        "size": 170068
    },
    "2": {
        "clone_proportion": {
            "0": 1.0
        },
        "mrca": 0,
        "size": 37793
    },
    "3": {
        "clone_proportion": {
            "0": 1.0
        },
        "mrca": 0,
        "size": 170068
    },
    "4": {
        "clone_proportion": {
            "2": 1.0
        },
        "mrca": 2,
        "size": 42517
    },
    "5": {
        "clone_proportion": {
            "0": 1.0
        },
        "mrca": 0,
        "size": 34013
    },
    "6": {
        "clone_proportion": {
            "2": 0.9242642519036839,
            "3": 0.07573574809631611
        },
        "mrca": 2,
        "size": 34013
    },
    "7": {
        "clone_proportion": {
            "0": 1.0
        },
        "mrca": 0,
        "size": 37793
    },
    "8": {
        "clone_proportion": {
            "0": 1.0
        },
        "mrca": 0,
        "size": 56689
    },
    "9": {
        "clone_proportion": {
            "0": 1.0
        },
        "mrca": 0,
        "size": 170068
    }
}