{
    "0": {
        "clone_proportion": {
            "4": 0.3595101011128517,
            "5": 0.014404003824791976,
            "6": 0.6260858950623563
        },
        "mrca": 0,
        "size": 49153
    },
    "1": {
        "clone_proportion": {
            "3": 1.0
        },
        "mrca": 3,
        "size": 98306
    },
    "2": {
        "clone_proportion": {
            "3": 0.5391925493919255,
            "4": 0.30674081106740814,
            "5": 0.006401736064017361,
            "6": 0.14766490347664904
        },
        "mrca": 0,
        "size": 110595
    },
    "3": {
        "clone_proportion": {
            "3": 1.0
        },
        "mrca": 3,
        "size": 110595
    },
    "4": {
        "clone_proportion": {
            "3": 1.0
        },
        "mrca": 3,
        "size": 44238
    },
    "5": {
        "clone_proportion": {
            "0": 1.0
        },
        "mrca": 0,
        "size": 147460
    },
    "6": {
        "clone_proportion": {
            "3": 1.0
        },
        "mrca": 3,
        "size": 46566
    },
    "7": {
        "clone_proportion": {
            "3": 1.0
        },
        "mrca": 3,
        "size": 68058
    },
    "8": {
        "clone_proportion": {
            "0": 1.0
        },
        "mrca": 0,
        "size": 63197
    },
    "9": {
        "clone_proportion": {
            "3": 1.0
        },
        "mrca": 3,
        "size": 80432
    }
}