{
    "n_event": 810537,
    "clone_proportion": {
        "0": 0.15021436422579576,
        "1": 0.009574255780172715,
        "2": 0.4338523095667798,
        "3": 0.16107437286338583,
        "4": 0.010154420092097223,
        "5": 0.0049786624339591985,
        "6": 2.409628132593804e-05,
        "7": 0.10193530210249323,
        "8": 0.06093393479299132,
        "9": 0.011996240980113154,
        "10": 0.03120406646372243,
        "11": 0.000996597481506104,
        "12": 0.0019857807226042272,
        "13": 0.009138051302836504,
        "14": 0.0005072576145793623,
        "15": 0.0004800720664167656,
        "16": 0.005891849710875517,
        "17": 0.0024769741496329643,
        "18": 0.0007729345625320125,
        "19": 3.892476214189991e-05,
        "20": 0.00010194580560973787,
        "21": 0.00010565292581372833,
        "22": 3.398193520324595e-05,
        "23": 0.0005078754679466941,
        "24": 1.0503507244639659e-05,
        "25": 0.0006691351968202794,
        "26": 5.5606803059857016e-06,
        "27": 1.8535601019952338e-06,
        "28": 4.324973571322212e-06,
        "29": 9.576727193642042e-05,
        "30": 0.00010132795224240612,
        "31": 6.178533673317447e-07,
        "32": 1.8535601019952338e-06,
        "33": 5.1281829488534804e-05,
        "34": 6.178533673317447e-07,
        "35": 3.768905540723642e-05,
        "36": 6.178533673317447e-07,
        "37": 9.267800509976169e-06,
        "38": 6.178533673317447e-07,
        "39": 6.178533673317447e-07,
        "40": 6.178533673317447e-07,
        "41": 6.178533673317447e-07,
        "42": 1.0503507244639659e-05,
        "43": 1.8535601019952338e-06,
        "44": 6.178533673317447e-07,
        "45": 6.178533673317447e-07,
        "46": 5.5606803059857016e-06,
        "47": 6.178533673317447e-07,
        "48": 6.178533673317447e-07,
        "49": 6.796387040649191e-06
    },
    "clones": [
        {
            "id": 0,
            "fitness": 0,
            "ancestor": null,
            "dead_lineage": false,
            "size": 243239,
            "tmb": 100
        },
        {
            "id": 1,
            "fitness": 0.8387116627102702,
            "ancestor": 0,
            "dead_lineage": false,
            "size": 15501,
            "tmb": 296
        },
        {
            "id": 2,
            "fitness": 1.368225114475893,
            "ancestor": 0,
            "dead_lineage": false,
            "size": 702555,
            "tmb": 365
        },
        {
            "id": 3,
            "fitness": 2.9151611041652092,
            "ancestor": 2,
            "dead_lineage": false,
            "size": 260833,
            "tmb": 556
        },
        {
            "id": 4,
            "fitness": 2.440493081106945,
            "ancestor": 2,
            "dead_lineage": false,
            "size": 16443,
            "tmb": 614
        },
        {
            "id": 5,
            "fitness": 1.5363493240565973,
            "ancestor": 1,
            "dead_lineage": false,
            "size": 8063,
            "tmb": 482
        },
        {
            "id": 6,
            "fitness": 1.4056134657029329,
            "ancestor": 1,
            "dead_lineage": false,
            "size": 39,
            "tmb": 373
        },
        {
            "id": 7,
            "fitness": 3.3313212355803374,
            "ancestor": 4,
            "dead_lineage": false,
            "size": 165081,
            "tmb": 651
        },
        {
            "id": 8,
            "fitness": 3.8364114906563107,
            "ancestor": 3,
            "dead_lineage": false,
            "size": 98685,
            "tmb": 629
        },
        {
            "id": 9,
            "fitness": 4.045170436709992,
            "ancestor": 7,
            "dead_lineage": false,
            "size": 19425,
            "tmb": 702
        },
        {
            "id": 10,
            "fitness": 4.3352580043445545,
            "ancestor": 3,
            "dead_lineage": false,
            "size": 50535,
            "tmb": 675
        },
        {
            "id": 11,
            "fitness": 3.2517249319566943,
            "ancestor": 5,
            "dead_lineage": false,
            "size": 1613,
            "tmb": 596
        },
        {
            "id": 12,
            "fitness": 3.0896768537285357,
            "ancestor": 4,
            "dead_lineage": false,
            "size": 3215,
            "tmb": 800
        },
        {
            "id": 13,
            "fitness": 5.169397365605723,
            "ancestor": 7,
            "dead_lineage": false,
            "size": 14805,
            "tmb": 783
        },
        {
            "id": 14,
            "fitness": 2.4170573302212297,
            "ancestor": 5,
            "dead_lineage": false,
            "size": 821,
            "tmb": 589
        },
        {
            "id": 15,
            "fitness": 4.310049967527178,
            "ancestor": 8,
            "dead_lineage": false,
            "size": 777,
            "tmb": 793
        },
        {
            "id": 16,
            "fitness": 5.027025104153538,
            "ancestor": 8,
            "dead_lineage": false,
            "size": 9541,
            "tmb": 725
        },
        {
            "id": 17,
            "fitness": 4.476675913756749,
            "ancestor": 9,
            "dead_lineage": false,
            "size": 4013,
            "tmb": 840
        },
        {
            "id": 18,
            "fitness": 5.762051063976145,
            "ancestor": 10,
            "dead_lineage": false,
            "size": 1251,
            "tmb": 742
        },
        {
            "id": 19,
            "fitness": 5.60474668223311,
            "ancestor": 17,
            "dead_lineage": false,
            "size": 63,
            "tmb": 898
        },
        {
            "id": 20,
            "fitness": 5.687395562639065,
            "ancestor": 10,
            "dead_lineage": false,
            "size": 165,
            "tmb": 770
        },
        {
            "id": 21,
            "fitness": 5.224550587892586,
            "ancestor": 9,
            "dead_lineage": false,
            "size": 171,
            "tmb": 824
        },
        {
            "id": 22,
            "fitness": 4.89890040950607,
            "ancestor": 12,
            "dead_lineage": false,
            "size": 55,
            "tmb": 1028
        },
        {
            "id": 23,
            "fitness": 7.234440741161847,
            "ancestor": 13,
            "dead_lineage": false,
            "size": 823,
            "tmb": 836
        },
        {
            "id": 24,
            "fitness": 4.795888334959857,
            "ancestor": 17,
            "dead_lineage": false,
            "size": 17,
            "tmb": 944
        },
        {
            "id": 25,
            "fitness": 6.274914563896699,
            "ancestor": 16,
            "dead_lineage": false,
            "size": 1083,
            "tmb": 790
        },
        {
            "id": 26,
            "fitness": 6.513587249039122,
            "ancestor": 13,
            "dead_lineage": false,
            "size": 9,
            "tmb": 829
        },
        {
            "id": 27,
            "fitness": 3.9571182754888437,
            "ancestor": 12,
            "dead_lineage": false,
            "size": 3,
            "tmb": 870
        },
        {
            "id": 28,
            "fitness": 3.3488767063317724,
            "ancestor": 14,
            "dead_lineage": false,
            "size": 7,
            "tmb": 717
        },
        {
            "id": 29,
            "fitness": 5.046520353496333,
            "ancestor": 15,
            "dead_lineage": false,
            "size": 155,
            "tmb": 889
        },
        {
            "id": 30,
            "fitness": 3.941224649720482,
            "ancestor": 11,
            "dead_lineage": false,
            "size": 164,