{
    "0": {
        "clone_proportion": {
            "10": 0.08168,
            "11": 0.0867,
            "12": 0.0002,
            "13": 0.04609,
            "14": 0.0188,
            "15": 0.08218,
            "16": 0.0009,
            "17": 0.00714,
            "18": 0.00109,
            "19": 0.01505,
            "20": 0.00241,
            "21": 0.00294,
            "22": 0.00202,
            "23": 0.00013,
            "24": 0.00501,
            "25": 3e-05,
            "26": 0.00033,
            "27": 0.00653,
            "28": 0.00148,
            "29": 0.009,
            "30": 0.01152,
            "31": 0.00304,
            "32": 0.02866,
            "33": 0.00035,
            "34": 0.00494,
            "35": 0.00832,
            "36": 1e-05,
            "37": 0.00035,
            "38": 0.00229,
            "39": 1e-05,
            "40": 0.00131,
            "41": 0.00236,
            "42": 0.33639,
            "43": 0.00035,
            "44": 0.1194,
            "45": 3e-05,
            "46": 0.00418,
            "47": 0.00358,
            "48": 0.00011,
            "49": 0.00189,
            "50": 5e-05,
            "51": 0.00407,
            "52": 0.00109,
            "53": 0.00075,
            "54": 0.00275,
            "55": 0.00071,
            "56": 1e-05,
            "57": 0.01134,
            "58": 0.00474,
            "59": 0.02237,
            "60": 9e-05,
            "61": 0.00123,
            "62": 0.00061,
            "63": 0.00073,
            "64": 9e-05,
            "65": 1e-05,
            "66": 0.00313,
            "67": 0.00256,
            "68": 0.00359,
            "69": 3e-05,
            "70": 0.00013,
            "71": 1e-05,
            "72": 0.00235,
            "73": 0.00087,
            "74": 5e-05,
            "75": 0.00351,
            "76": 0.016,
            "77": 1e-05,
            "78": 0.00097,
            "79": 0.00694,
            "80": 3e-05,
            "81": 9e-05,
            "82": 0.00097,
            "83": 0.00502,
            "84": 0.00225,
            "85": 7e-05,
            "86": 0.00198
        },
        "mrca": 0,
        "size": 100000
    },
    "1": {
        "clone_proportion": {
            "3": 0.54105,
            "4": 0.00516,
            "5": 0.19948,
            "6": 0.00081,
            "7": 0.00014,
            "8": 1e-05,
            "9": 0.00591,
            "10": 0.24744
        },
        "mrca": 0,
        "size": 100000
    },
    "2": {
        "clone_proportion": {
            "0": 1.0
        },
        "mrca": 0,
        "size": 29411
    },
    "3": {
        "clone_proportion": {
            "0": 1.0
        },
        "mrca": 0,
        "size": 41666
    },
    "4": {
        "clone_proportion": {
            "0": 1.0
        },
        "mrca": 0,
        "size": 33333
    },
    "5": {
        "clone_proportion": {
            "5": 0.3919127029524354,
            "6": 0.001782021384256611,
            "7": 0.0003080036960443525,
            "8": 2.2000264003168037e-05,
            "9": 0.01300215602587231,
            "10": 0.5929731156773881
        },
        "mrca": 0,
        "size": 45454
    },
    "6": {
        "clone_proportion": {
            "0": 1.0
        },
        "mrca": 0,
        "size": 35714
    },
    "7": {
        "clone_proportion": {
            "19": 0.009984,
            "20": 0.007712,
            "21": 0.009408,
            "22": 0.006464,
            "23": 0.000416,
            "24": 0.016032,
            "25": 9.6e-05,
            "26": 0.001056,
            "27": 0.020896,
            "28": 0.004736,
            "29": 0.0288,
            "30": 0.036864,
            "31": 0.009728,
            "32": 0.091712,
            "33": 0.00112,
            "34": 0.015808,
            "35": 0.026624,
            "36": 3.2e-05,
            "37": 0.00112,
            "38": 0.007328,
            "39": 3.2e-05,
            "40": 0.004192,
            "41": 0.007552,
            "42": 0.692288
        },
        "mrca": 0,
        "size": 31250
    },
    "8": {
        "clone_proportion": {
            "3": 1.0
        },
        "mrca": 3,
        "size": 33333
    },
    "9": {
        "clone_proportion": {
            "3": 1.0
        },
        "mrca": 3,
        "size": 125000
    }
}