{
    "0": {
        "clone_proportion": {
            "4": 1.0
        },
        "mrca": 4,
        "size": 30577
    },
    "1": {
        "clone_proportion": {
            "3": 0.15578197587429912,
            "4": 0.8442180241257009
        },
        "mrca": 0,
        "size": 203849
    },
    "2": {
        "clone_proportion": {
            "4": 1.0
        },
        "mrca": 4,
        "size": 203849
    },
    "3": {
        "clone_proportion": {
            "4": 1.0
        },
        "mrca": 4,
        "size": 32186
    },
    "4": {
        "clone_proportion": {
            "1": 1.0
        },
        "mrca": 1,
        "size": 47042
    },
    "5": {
        "clone_proportion": {
            "4": 1.0
        },
        "mrca": 4,
        "size": 38221
    },
    "6": {
        "clone_proportion": {
            "1": 1.0
        },
        "mrca": 1,
        "size": 47042
    },
    "7": {
        "clone_proportion": {
            "4": 1.0
        },
        "mrca": 4,
        "size": 35973
    },
    "8": {
        "clone_proportion": {
            "1": 0.19372477712297317,
            "2": 0.0013801042600090263,
            "3": 0.23723403559491651,
            "4": 0.5676610830221013
        },
        "mrca": 0,
        "size": 152887
    },
    "9": {
        "clone_proportion": {
            "4": 1.0
        },
        "mrca": 4,
        "size": 67949
    }
}