{
    "0": {
        "clone_proportion": {
            "0": 1.0
        },
        "mrca": 0,
        "size": 48000
    },
    "1": {
        "clone_proportion": {
            "0": 0.8720833333333333,
            "1": 0.12791666666666668
        },
        "mrca": 0,
        "size": 48000
    },
    "2": {
        "clone_proportion": {
            "0": 1.0
        },
        "mrca": 0,
        "size": 60000
    },
    "3": {
        "clone_proportion": {
            "1": 1.0
        },
        "mrca": 1,
        "size": 15000
    },
    "4": {
        "clone_proportion": {
            "0": 1.0
        },
        "mrca": 0,
        "size": 24000
    },
    "5": {
        "clone_proportion": {
            "1": 0.6734043351083777,
            "2": 0.07125178129453236,
            "4": 0.2553438835970899
        },
        "mrca": 0,
        "size": 26666
    },
    "6": {
        "clone_proportion": {
            "0": 1.0
        },
        "mrca": 0,
        "size": 17143
    },
    "7": {
        "clone_proportion": {
            "1": 1.0
        },
        "mrca": 1,
        "size": 40000
    },
    "8": {
        "clone_proportion": {
            "0": 1.0
        },
        "mrca": 0,
        "size": 12000
    },
    "9": {
        "clone_proportion": {
            "0": 1.0
        },
        "mrca": 0,
        "size": 24000
    }
}