{
    "0": {
        "clone_proportion": {
            "0": 1.0
        },
        "mrca": 0,
        "size": 20000
    },
    "1": {
        "clone_proportion": {
            "0": 1.0
        },
        "mrca": 0,
        "size": 5263
    },
    "2": {
        "clone_proportion": {
            "0": 1.0
        },
        "mrca": 0,
        "size": 11111
    },
    "3": {
        "clone_proportion": {
            "0": 1.0
        },
        "mrca": 0,
        "size": 20000
    },
    "4": {
        "clone_proportion": {
            "4": 0.7724186209310465,
            "5": 0.0207910395519776,
            "6": 0.012810640532026601,
            "7": 0.08008400420021002,
            "8": 7.000350017500875e-05,
            "9": 0.04487224361218061,
            "10": 0.012110605530276514,
            "11": 0.0037101855092754638,
            "12": 0.021141057052852644,
            "13": 0.031991599579979
        },
        "mrca": 0,
        "size": 14285
    },
    "5": {
        "clone_proportion": {
            "0": 1.0
        },
        "mrca": 0,
        "size": 12500
    },
    "6": {
        "clone_proportion": {
            "0": 1.0
        },
        "mrca": 0,
        "size": 7142
    },
    "7": {
        "clone_proportion": {
            "0": 1.0
        },
        "mrca": 0,
        "size": 9090
    },
    "8": {
        "clone_proportion": {
            "0": 1.0
        },
        "mrca": 0,
        "size": 12500
    },
    "9": {
        "clone_proportion": {
            "0": 1.0
        },
        "mrca": 0,
        "size": 16666
    }
}