{
    "0": {
        "clone_proportion": {
            "3": 1.0
        },
        "mrca": 3,
        "size": 26315
    },
    "1": {
        "clone_proportion": {
            "0": 1.0
        },
        "mrca": 0,
        "size": 31250
    },
    "2": {
        "clone_proportion": {
            "0": 1.0
        },
        "mrca": 0,
        "size": 55555
    },
    "3": {
        "clone_proportion": {
            "0": 1.0
        },
        "mrca": 0,
        "size": 35714
    },
    "4": {
        "clone_proportion": {
            "3": 0.17847671390685563,
            "4": 0.1497005988023952,
            "5": 0.007356029424117697,
            "6": 0.008124032496129984,
            "7": 0.003456013824055296,
            "8": 0.0912243648974596,
            "9": 0.46482185928743713,
            "10": 0.005808023232092928,
            "11": 0.06070824283297133,
            "12": 0.030324121296485186
        },
        "mrca": 0,
        "size": 83333
    },
    "5": {
        "clone_proportion": {
            "0": 1.0
        },
        "mrca": 0,
        "size": 71428
    },
    "6": {
        "clone_proportion": {
            "1": 0.4335452721770766,
            "2": 0.07677399612389922,
            "3": 0.48968073169902415
        },
        "mrca": 0,
        "size": 29411
    },
    "7": {
        "clone_proportion": {
            "0": 0.7440809763239052,
            "1": 0.0820563282253129,
            "2": 0.013548054192216769,
            "3": 0.16031464125856504
        },
        "mrca": 0,
        "size": 166666
    },
    "8": {
        "clone_proportion": {
            "0": 1.0
        },
        "mrca": 0,
        "size": 27777
    },
    "9": {
        "clone_proportion": {
            "0": 1.0
        },
        "mrca": 0,
        "size": 35714
    }
}