{
    "0": {
        "clone_proportion": {
            "0": 1.0
        },
        "mrca": 0,
        "size": 137954
    },
    "1": {
        "clone_proportion": {
            "1": 1.0
        },
        "mrca": 1,
        "size": 51733
    },
    "2": {
        "clone_proportion": {
            "0": 1.0
        },
        "mrca": 0,
        "size": 63671
    },
    "3": {
        "clone_proportion": {
            "1": 1.0
        },
        "mrca": 1,
        "size": 59123
    },
    "4": {
        "clone_proportion": {
            "1": 1.0
        },
        "mrca": 1,
        "size": 91969
    },
    "5": {
        "clone_proportion": {
            "1": 0.5032238890358778,
            "2": 0.004168040912039839,
            "3": 0.06638420638688843,
            "4": 0.42622386366519394
        },
        "mrca": 0,
        "size": 275909
    },
    "6": {
        "clone_proportion": {
            "0": 0.9101154002280942,
            "1": 0.08988459977190574
        },
        "mrca": 0,
        "size": 206932
    },
    "7": {
        "clone_proportion": {
            "1": 1.0
        },
        "mrca": 1,
        "size": 41386
    },
    "8": {
        "clone_proportion": {
            "0": 0.350762569346452,
            "1": 0.649237430653548
        },
        "mrca": 0,
        "size": 103466
    },
    "9": {
        "clone_proportion": {
            "1": 1.0
        },
        "mrca": 1,
        "size": 82772
    }
}