{
    "0": {
        "clone_proportion": {
            "0": 1.0
        },
        "mrca": 0,
        "size": 33210
    },
    "1": {
        "clone_proportion": {
            "4": 0.9790427726170939,
            "5": 0.020957227382906007
        },
        "mrca": 4,
        "size": 66421
    },
    "2": {
        "clone_proportion": {
            "0": 1.0
        },
        "mrca": 0,
        "size": 53136
    },
    "3": {
        "clone_proportion": {
            "0": 1.0
        },
        "mrca": 0,
        "size": 88561
    },
    "4": {
        "clone_proportion": {
            "0": 0.8446251129177959,
            "1": 0.15537488708220415
        },
        "mrca": 0,
        "size": 44280
    },
    "5": {
        "clone_proportion": {
            "0": 1.0
        },
        "mrca": 0,
        "size": 24153
    },
    "6": {
        "clone_proportion": {
            "4": 1.0
        },
        "mrca": 4,
        "size": 37954
    },
    "7": {
        "clone_proportion": {
            "4": 1.0
        },
        "mrca": 4,
        "size": 37954
    },
    "8": {
        "clone_proportion": {
            "1": 0.014716952725082806,
            "2": 0.050097862089732006,
            "4": 0.9351851851851852
        },
        "mrca": 0,
        "size": 26568
    },
    "9": {
        "clone_proportion": {
            "4": 1.0
        },
        "mrca": 4,
        "size": 14760
    }
}