{
    "0": {
        "clone_proportion": {
            "0": 1.0
        },
        "mrca": 0,
        "size": 29536
    },
    "1": {
        "clone_proportion": {
            "2": 1.0
        },
        "mrca": 2,
        "size": 63996
    },
    "2": {
        "clone_proportion": {
            "2": 1.0
        },
        "mrca": 2,
        "size": 22586
    },
    "3": {
        "clone_proportion": {
            "2": 1.0
        },
        "mrca": 2,
        "size": 20209
    },
    "4": {
        "clone_proportion": {
            "2": 1.0
        },
        "mrca": 2,
        "size": 21332
    },
    "5": {
        "clone_proportion": {
            "0": 0.05220446335790984,
            "1": 0.3787421445890445,
            "2": 0.5690533920530457
        },
        "mrca": 0,
        "size": 20209
    },
    "6": {
        "clone_proportion": {
            "3": 1.0
        },
        "mrca": 3,
        "size": 42664
    },
    "7": {
        "clone_proportion": {
            "0": 0.6576730255876033,
            "1": 0.09966794713197474,
            "2": 0.2426590272804219
        },
        "mrca": 0,
        "size": 76795
    },
    "8": {
        "clone_proportion": {
            "0": 0.9963122695168448,
            "1": 0.003687730483155197
        },
        "mrca": 0,
        "size": 31998
    },
    "9": {
        "clone_proportion": {
            "2": 1.0
        },
        "mrca": 2,
        "size": 29536
    }
}