{
    "0": {
        "clone_proportion": {
            "0": 1.0
        },
        "mrca": 0,
        "size": 46076
    },
    "1": {
        "clone_proportion": {
            "0": 1.0
        },
        "mrca": 0,
        "size": 21265
    },
    "2": {
        "clone_proportion": {
            "0": 1.0
        },
        "mrca": 0,
        "size": 55291
    },
    "3": {
        "clone_proportion": {
            "4": 0.41030927835051545,
            "5": 0.013058419243986255,
            "6": 0.533127147766323,
            "7": 0.04350515463917526
        },
        "mrca": 0,
        "size": 14550
    },
    "4": {
        "clone_proportion": {
            "0": 1.0
        },
        "mrca": 0,
        "size": 21265
    },
    "5": {
        "clone_proportion": {
            "0": 1.0
        },
        "mrca": 0,
        "size": 21265
    },
    "6": {
        "clone_proportion": {
            "0": 1.0
        },
        "mrca": 0,
        "size": 34557
    },
    "7": {
        "clone_proportion": {
            "0": 1.0
        },
        "mrca": 0,
        "size": 69114
    },
    "8": {
        "clone_proportion": {
            "4": 0.727563754747694,
            "5": 0.010309278350515464,
            "6": 0.26212696690179055
        },
        "mrca": 4,
        "size": 18430
    },
    "9": {
        "clone_proportion": {
            "0": 1.0
        },
        "mrca": 0,
        "size": 34557
    }
}