{
    "0": {
        "clone_proportion": {
            "1": 1.0
        },
        "mrca": 1,
        "size": 17846
    },
    "1": {
        "clone_proportion": {
            "4": 0.48154819084213896,
            "5": 0.48487031700288186,
            "6": 0.03358149215497919
        },
        "mrca": 1,
        "size": 24984
    },
    "2": {
        "clone_proportion": {
            "1": 1.0
        },
        "mrca": 1,
        "size": 49969
    },
    "3": {
        "clone_proportion": {
            "1": 1.0
        },
        "mrca": 1,
        "size": 16656
    },
    "4": {
        "clone_proportion": {
            "1": 1.0
        },
        "mrca": 1,
        "size": 16656
    },
    "5": {
        "clone_proportion": {
            "1": 1.0
        },
        "mrca": 1,
        "size": 41640
    },
    "6": {
        "clone_proportion": {
            "1": 1.0
        },
        "mrca": 1,
        "size": 19218
    },
    "7": {
        "clone_proportion": {
            "1": 0.8528681897504042,
            "2": 0.017803109140103423,
            "3": 0.12932870110949232
        },
        "mrca": 0,
        "size": 62461
    },
    "8": {
        "clone_proportion": {
            "1": 1.0
        },
        "mrca": 1,
        "size": 15615
    },
    "9": {
        "clone_proportion": {
            "3": 0.6515129682997118,
            "4": 0.34848703170028816
        },
        "mrca": 1,
        "size": 41640
    }
}