{
    "0": {
        "clone_proportion": {
            "2": 1.0
        },
        "mrca": 2,
        "size": 32010
    },
    "1": {
        "clone_proportion": {
            "2": 1.0
        },
        "mrca": 2,
        "size": 39123
    },
    "2": {
        "clone_proportion": {
            "2": 1.0
        },
        "mrca": 2,
        "size": 39123
    },
    "3": {
        "clone_proportion": {
            "0": 1.0
        },
        "mrca": 0,
        "size": 70422
    },
    "4": {
        "clone_proportion": {
            "2": 1.0
        },
        "mrca": 2,
        "size": 29342
    },
    "5": {
        "clone_proportion": {
            "0": 0.6097502790297433,
            "1": 8.519992161607211e-06,
            "2": 0.3902412009780951
        },
        "mrca": 0,
        "size": 117371
    },
    "6": {
        "clone_proportion": {
            "0": 0.40836670358694727,
            "1": 4.260032376246059e-05,
            "2": 0.5915906960892903
        },
        "mrca": 0,
        "size": 23474
    },
    "7": {
        "clone_proportion": {
            "2": 1.0
        },
        "mrca": 2,
        "size": 18532
    },
    "8": {
        "clone_proportion": {
            "2": 1.0
        },
        "mrca": 2,
        "size": 58685
    },
    "9": {
        "clone_proportion": {
            "2": 1.0
        },
        "mrca": 2,
        "size": 70422
    }
}