{
    "0": {
        "clone_proportion": {
            "2": 0.15878156593286358,
            "3": 0.8412184340671364
        },
        "mrca": 2,
        "size": 22849
    },
    "1": {
        "clone_proportion": {
            "5": 0.8837272165585418,
            "6": 0.11627278344145814
        },
        "mrca": 3,
        "size": 25896
    },
    "2": {
        "clone_proportion": {
            "0": 0.25657046207551687,
            "1": 0.0556452298020559,
            "2": 0.6877843081224272
        },
        "mrca": 0,
        "size": 129481
    },
    "3": {
        "clone_proportion": {
            "0": 0.1297101505240151,
            "1": 0.0556452298020559,
            "2": 0.814644619673929
        },
        "mrca": 0,
        "size": 129481
    },
    "4": {
        "clone_proportion": {
            "3": 1.0
        },
        "mrca": 3,
        "size": 35313
    },
    "5": {
        "clone_proportion": {
            "3": 1.0
        },
        "mrca": 3,
        "size": 20444
    },
    "6": {
        "clone_proportion": {
            "2": 1.0
        },
        "mrca": 2,
        "size": 24277
    },
    "7": {
        "clone_proportion": {
            "2": 1.0
        },
        "mrca": 2,
        "size": 29880
    },
    "8": {
        "clone_proportion": {
            "2": 1.0
        },
        "mrca": 2,
        "size": 38844
    },
    "9": {
        "clone_proportion": {
            "2": 0.7734802789598474,
            "3": 0.2265197210401526
        },
        "mrca": 2,
        "size": 129481
    }
}