{
    "0": {
        "clone_proportion": {
            "0": 1.0
        },
        "mrca": 0,
        "size": 13333
    },
    "1": {
        "clone_proportion": {
            "0": 0.5963883032358603,
            "1": 0.03900449170409753,
            "2": 0.3646072050600422
        },
        "mrca": 0,
        "size": 21818
    },
    "2": {
        "clone_proportion": {
            "0": 1.0
        },
        "mrca": 0,
        "size": 12631
    },
    "3": {
        "clone_proportion": {
            "0": 0.45728297735814466,
            "1": 0.03900449170409753,
            "2": 0.5037125309377578
        },
        "mrca": 0,
        "size": 21818
    },
    "4": {
        "clone_proportion": {
            "0": 1.0
        },
        "mrca": 0,
        "size": 14117
    },
    "5": {
        "clone_proportion": {
            "0": 1.0
        },
        "mrca": 0,
        "size": 26666
    },
    "6": {
        "clone_proportion": {
            "0": 1.0
        },
        "mrca": 0,
        "size": 60000
    },
    "7": {
        "clone_proportion": {
            "2": 1.0
        },
        "mrca": 2,
        "size": 24000
    },
    "8": {
        "clone_proportion": {
            "0": 1.0
        },
        "mrca": 0,
        "size": 13333
    },
    "9": {
        "clone_proportion": {
            "0": 1.0
        },
        "mrca": 0,
        "size": 60000
    }
}