{
    "0": {
        "clone_proportion": {
            "9": 1.0
        },
        "mrca": 9,
        "size": 77688
    },
    "1": {
        "clone_proportion": {
            "0": 1.0
        },
        "mrca": 0,
        "size": 55492
    },
    "2": {
        "clone_proportion": {
            "9": 1.0
        },
        "mrca": 9,
        "size": 64740
    },
    "3": {
        "clone_proportion": {
            "0": 1.0
        },
        "mrca": 0,
        "size": 19422
    },
    "4": {
        "clone_proportion": {
            "9": 1.0
        },
        "mrca": 9,
        "size": 25896
    },
    "5": {
        "clone_proportion": {
            "6": 0.08844351766038513,
            "8": 0.13933940891772217,
            "9": 0.7722170734218927
        },
        "mrca": 3,
        "size": 77688
    },
    "6": {
        "clone_proportion": {
            "3": 0.21759177022111353,
            "4": 0.0008109297889265606,
            "5": 0.00412415721225508,
            "6": 0.6969053374626393,
            "8": 0.08056780531506554
        },
        "mrca": 0,
        "size": 129481
    },
    "7": {
        "clone_proportion": {
            "0": 0.3411774700535214,
            "1": 0.003645322479746063,
            "2": 0.004780624184243248,
            "3": 0.37844162463990855,
            "4": 0.0008109297889265606,
            "5": 0.00412415721225508,
            "6": 0.2670198716413991
        },
        "mrca": 0,
        "size": 129481
    },
    "8": {
        "clone_proportion": {
            "0": 1.0
        },
        "mrca": 0,
        "size": 55492
    },
    "9": {
        "clone_proportion": {
            "8": 0.06535819835034136,
            "9": 0.9346418016496586
        },
        "mrca": 3,
        "size": 97111
    }
}