{
    "0": {
        "clone_proportion": {
            "1": 1.0
        },
        "mrca": 1,
        "size": 52534
    },
    "1": {
        "clone_proportion": {
            "0": 0.14160489112395203,
            "1": 0.858395108876048
        },
        "mrca": 0,
        "size": 280181
    },
    "2": {
        "clone_proportion": {
            "1": 1.0
        },
        "mrca": 1,
        "size": 168108
    },
    "3": {
        "clone_proportion": {
            "1": 1.0
        },
        "mrca": 1,
        "size": 60038
    },
    "4": {
        "clone_proportion": {
            "3": 1.0
        },
        "mrca": 3,
        "size": 93393
    },
    "5": {
        "clone_proportion": {
            "1": 1.0
        },
        "mrca": 1,
        "size": 76413
    },
    "6": {
        "clone_proportion": {
            "3": 0.37778867019454065,
            "4": 0.6222113298054593
        },
        "mrca": 1,
        "size": 210136
    },
    "7": {
        "clone_proportion": {
            "3": 0.6938872629500084,
            "4": 0.30611273704999165
        },
        "mrca": 1,
        "size": 42027
    },
    "8": {
        "clone_proportion": {
            "1": 1.0
        },
        "mrca": 1,
        "size": 93393
    },
    "9": {
        "clone_proportion": {
            "1": 1.0
        },
        "mrca": 1,
        "size": 44239
    }
}