{
    "0": {
        "clone_proportion": {
            "0": 1.0
        },
        "mrca": 0,
        "size": 62500
    },
    "1": {
        "clone_proportion": {
            "4": 1.0
        },
        "mrca": 4,
        "size": 33333
    },
    "2": {
        "clone_proportion": {
            "12": 0.06513704219267508,
            "13": 0.07651322421158739,
            "14": 0.22641962271396343,
            "15": 0.017472279556472903,
            "16": 0.2478039648634378,
            "17": 0.00016800268804300868,
            "18": 0.003432054912878606,
            "19": 0.003144050304804877,
            "20": 2.4000384006144097e-05,
            "21": 0.002616041856669707,
            "22": 0.04668074689195027,
            "23": 0.008328133250132002,
            "24": 0.004296068737099794,
            "25": 0.11263380214083425,
            "26": 0.04044064705035281,
            "27": 2.4000384006144097e-05,
            "28": 0.003024048384774156,
            "29": 0.026664426630826094,
            "30": 0.00012000192003072049,
            "31": 0.06396102337637402,
            "32": 0.019704315269044304,
            "33": 2.4000384006144097e-05,
            "34": 0.002904046464743436,
            "35": 0.0004080065281044497,
            "36": 0.0006960111361781788,
            "37": 0.00439207027312437,
            "38": 0.007224115585849374,
            "39": 7.20011520184323e-05,
            "40": 0.0012720203523256372,
            "41": 7.20011520184323e-05,
            "42": 0.0027840445447127153,
            "43": 0.007944127106033696,
            "44": 0.003600057600921615
        },
        "mrca": 0,
        "size": 41666
    },
    "3": {
        "clone_proportion": {
            "0": 1.0
        },
        "mrca": 0,
        "size": 38461
    },
    "4": {
        "clone_proportion": {
            "0": 1.0
        },
        "mrca": 0,
        "size": 41666
    },
    "5": {
        "clone_proportion": {
            "0": 1.0
        },
        "mrca": 0,
        "size": 27777
    },
    "6": {
        "clone_proportion": {
            "0": 1.0
        },
        "mrca": 0,
        "size": 62500
    },
    "7": {
        "clone_proportion": {
            "0": 1.0
        },
        "mrca": 0,
        "size": 45454
    },
    "8": {
        "clone_proportion": {
            "0": 1.0
        },
        "mrca": 0,
        "size": 55555
    },
    "9": {
        "clone_proportion": {
            "0": 0.16796,
            "1": 0.127984,
            "2": 0.00648,
            "3": 0.025992,
            "4": 0.671584
        },
        "mrca": 0,
        "size": 125000
    }
}