{
    "0": {
        "clone_proportion": {
            "12": 1.0
        },
        "mrca": 12,
        "size": 81400
    },
    "1": {
        "clone_proportion": {
            "1": 0.02010935845718804,
            "2": 0.5478778294490532,
            "3": 0.4320128120937588
        },
        "mrca": 0,
        "size": 149234
    },
    "2": {
        "clone_proportion": {
            "0": 1.0
        },
        "mrca": 0,
        "size": 179081
    },
    "3": {
        "clone_proportion": {
            "7": 1.0
        },
        "mrca": 7,
        "size": 55962
    },
    "4": {
        "clone_proportion": {
            "2": 0.40020124926430106,
            "3": 0.599798750735699
        },
        "mrca": 2,
        "size": 52671
    },
    "5": {
        "clone_proportion": {
            "0": 1.0
        },
        "mrca": 0,
        "size": 55962
    },
    "6": {
        "clone_proportion": {
            "0": 1.0
        },
        "mrca": 0,
        "size": 74617
    },
    "7": {
        "clone_proportion": {
            "3": 0.37727049363413,
            "4": 0.04913111458566004,
            "5": 0.0005450078177350905,
            "6": 0.04797855706946616,
            "7": 0.5250748268930087
        },
        "mrca": 0,
        "size": 111925
    },
    "8": {
        "clone_proportion": {
            "2": 1.0
        },
        "mrca": 2,
        "size": 52671
    },
    "9": {
        "clone_proportion": {
            "0": 1.0
        },
        "mrca": 0,
        "size": 127915
    }
}