{
    "0": {
        "clone_proportion": {
            "11": 1.0
        },
        "mrca": 11,
        "size": 67383
    },
    "1": {
        "clone_proportion": {
            "2": 0.11954257656849744,
            "3": 0.03765856699008131,
            "4": 0.2242118954260837,
            "6": 0.0005024534356048681,
            "7": 0.09228288764441561,
            "9": 0.013092410091045835,
            "10": 0.0002830275681571725,
            "11": 0.4396849171746853,
            "12": 0.05604899875022658,
            "13": 0.002881157042139307,
            "14": 0.009727880123514502,
            "15": 0.0005469746261015019,
            "17": 0.0035362545594469197
        },
        "mrca": 0,
        "size": 314457
    },
    "2": {
        "clone_proportion": {
            "2": 1.0
        },
        "mrca": 2,
        "size": 235843
    },
    "3": {
        "clone_proportion": {
            "2": 0.3490970148541772,
            "3": 0.11297570097024394,
            "4": 0.5379272841755789
        },
        "mrca": 2,
        "size": 104819
    },
    "4": {
        "clone_proportion": {
            "2": 1.0
        },
        "mrca": 2,
        "size": 72567
    },
    "5": {
        "clone_proportion": {
            "2": 1.0
        },
        "mrca": 2,
        "size": 47168
    },
    "6": {
        "clone_proportion": {
            "2": 1.0
        },
        "mrca": 2,
        "size": 94337
    },
    "7": {
        "clone_proportion": {
            "2": 1.0
        },
        "mrca": 2,
        "size": 78614
    },
    "8": {
        "clone_proportion": {
            "2": 1.0
        },
        "mrca": 2,
        "size": 85761
    },
    "9": {
        "clone_proportion": {
            "4": 0.955075998732206,
            "6": 0.002177298220954428,
            "7": 0.042746703046839474
        },
        "mrca": 0,
        "size": 72567
    }
}