{
    "0": {
        "clone_proportion": {
            "0": 0.7003558249868213,
            "1": 0.2996441750131787
        },
        "mrca": 0,
        "size": 75880
    },
    "1": {
        "clone_proportion": {
            "4": 1.0
        },
        "mrca": 4,
        "size": 58026
    },
    "2": {
        "clone_proportion": {
            "4": 1.0
        },
        "mrca": 4,
        "size": 82203
    },
    "3": {
        "clone_proportion": {
            "4": 1.0
        },
        "mrca": 4,
        "size": 197289
    },
    "4": {
        "clone_proportion": {
            "1": 1.0
        },
        "mrca": 1,
        "size": 70460
    },
    "5": {
        "clone_proportion": {
            "4": 1.0
        },
        "mrca": 4,
        "size": 61652
    },
    "6": {
        "clone_proportion": {
            "3": 0.09029641944771095,
            "4": 0.9097035805522891
        },
        "mrca": 1,
        "size": 123305
    },
    "7": {
        "clone_proportion": {
            "4": 1.0
        },
        "mrca": 4,
        "size": 65763
    },
    "8": {
        "clone_proportion": {
            "1": 1.0
        },
        "mrca": 1,
        "size": 89677
    },
    "9": {
        "clone_proportion": {
            "4": 1.0
        },
        "mrca": 4,
        "size": 140921
    }
}