{
    "0": {
        "clone_proportion": {
            "0": 1.0
        },
        "mrca": 0,
        "size": 14482
    },
    "1": {
        "clone_proportion": {
            "0": 1.0
        },
        "mrca": 0,
        "size": 33101
    },
    "2": {
        "clone_proportion": {
            "0": 0.7928355632283125,
            "1": 0.20716443677168753
        },
        "mrca": 0,
        "size": 11585
    },
    "3": {
        "clone_proportion": {
            "0": 1.0
        },
        "mrca": 0,
        "size": 33101
    },
    "4": {
        "clone_proportion": {
            "7": 0.9309832896008838,
            "8": 0.06901671039911614
        },
        "mrca": 3,
        "size": 28964
    },
    "5": {
        "clone_proportion": {
            "7": 0.002952029520295203,
            "8": 0.20850650611769275,
            "10": 0.43899786366284715,
            "11": 0.2624587298504564,
            "12": 0.02478151097300447,
            "13": 0.010526315789473684,
            "14": 0.0060205865216546904,
            "15": 0.045756457564575644
        },
        "mrca": 3,
        "size": 25745
    },
    "6": {
        "clone_proportion": {
            "0": 1.0
        },
        "mrca": 0,
        "size": 14482
    },
    "7": {
        "clone_proportion": {
            "1": 0.9818736594060602,
            "2": 0.01812634059393976
        },
        "mrca": 0,
        "size": 33101
    },
    "8": {
        "clone_proportion": {
            "3": 1.0
        },
        "mrca": 3,
        "size": 12195
    },
    "9": {
        "clone_proportion": {
            "7": 0.7862845798627595,
            "8": 0.2137154201372405
        },
        "mrca": 3,
        "size": 23171
    }
}