{
    "0": {
        "clone_proportion": {
            "4": 1.0
        },
        "mrca": 4,
        "size": 54836
    },
    "1": {
        "clone_proportion": {
            "0": 0.31385585327410803,
            "1": 0.686144146725892
        },
        "mrca": 0,
        "size": 34895
    },
    "2": {
        "clone_proportion": {
            "4": 0.24677608440797186,
            "5": 0.7532239155920282
        },
        "mrca": 4,
        "size": 42650
    },
    "3": {
        "clone_proportion": {
            "1": 1.0
        },
        "mrca": 1,
        "size": 38385
    },
    "4": {
        "clone_proportion": {
            "4": 1.0
        },
        "mrca": 4,
        "size": 29527
    },
    "5": {
        "clone_proportion": {
            "4": 1.0
        },
        "mrca": 4,
        "size": 29527
    },
    "6": {
        "clone_proportion": {
            "4": 0.600354314297624,
            "5": 0.39964568570237596
        },
        "mrca": 4,
        "size": 19192
    },
    "7": {
        "clone_proportion": {
            "1": 1.0
        },
        "mrca": 1,
        "size": 22579
    },
    "8": {
        "clone_proportion": {
            "1": 1.0
        },
        "mrca": 1,
        "size": 22579
    },
    "9": {
        "clone_proportion": {
            "4": 1.0
        },
        "mrca": 4,
        "size": 21325
    }
}