{
    "0": {
        "clone_proportion": {
            "0": 1.0
        },
        "mrca": 0,
        "size": 33333
    },
    "1": {
        "clone_proportion": {
            "2": 1.0
        },
        "mrca": 2,
        "size": 83333
    },
    "2": {
        "clone_proportion": {
            "19": 0.006734094277319883,
            "20": 2.6000364005096073e-05,
            "21": 0.000702009828137594,
            "22": 0.0007800109201528821,
            "23": 0.027170380385325394,
            "24": 0.013156184186578612,
            "25": 0.0006500091001274018,
            "26": 0.0004940069160968253,
            "27": 7.800109201528821e-05,
            "28": 2.6000364005096073e-05,
            "29": 0.005070070980993734,
            "30": 0.010166142325992564,
            "31": 0.010478146694053716,
            "32": 0.006084085177192481,
            "33": 0.03294246119445672,
            "34": 0.009438132133849874,
            "35": 0.007098099373391228,
            "36": 0.00044200618808663323,
            "37": 0.029822417513845192,
            "38": 0.15316814435402096,
            "39": 7.800109201528821e-05,
            "40": 0.0042640596968357555,
            "41": 0.003250045500637009,
            "42": 0.0022620316684433582,
            "43": 0.003562049868698162,
            "44": 0.03975455656379189,
            "45": 0.0022620316684433582,
            "46": 0.00044200618808663323,
            "47": 0.003198044772626817,
            "48": 0.0009620134681885546,
            "49": 0.0007540105561477861,
            "50": 0.027820389485452797,
            "51": 0.016510231143236007,
            "52": 0.00044200618808663323,
            "53": 0.000702009828137594,
            "54": 0.00013000182002548036,
            "55": 0.0019500273003822054,
            "56": 0.0026520371285197993,
            "57": 0.010036140505967083,
            "58": 0.0008060112841579782,
            "59": 0.0011180156522191311,
            "60": 0.0013780192922700919,
            "61": 0.0035100491406879694,
            "62": 0.0008580120121681703,
            "63": 0.00044200618808663323,
            "64": 0.006708093913314787,
            "65": 0.00715010010140142,
            "66": 0.0001820025480356725,
            "67": 2.6000364005096073e-05,
            "68": 0.0004940069160968253,
            "69": 0.02904240659369231,
            "70": 0.00787811029354411,
            "71": 0.0002860040040560568,
            "72": 2.6000364005096073e-05,
            "73": 2.6000364005096073e-05,
            "74": 0.0006500091001274018,
            "75": 0.0034840487766828734,
            "76": 0.0008840123761732665,
            "77": 0.0020280283923974937,
            "78": 0.010166142325992564,
            "79": 0.0013780192922700919,
            "80": 0.008970125581758144,
            "81": 0.0013780192922700919,
            "82": 2.6000364005096073e-05,
            "83": 0.06351888926444971,
            "84": 0.0004940069160968253,
            "85": 0.0002860040040560568,
            "86": 0.03096643353006942,
            "87": 0.003562049868698162,
            "88": 0.0022620316684433582,
            "89": 0.0044980629728816205,
            "90": 0.0010140141961987469,
            "91": 0.0045760640648969085,
            "92": 0.0017420243883414367,
            "93": 0.0005980083721172097,
            "94": 0.009074127037778528,
            "95": 0.0038220535087491224,
            "96": 7.800109201528821e-05,
            "97": 0.0007540105561477861,
            "98": 0.0008840123761732665,
            "99": 0.015782220951093315,
            "100": 0.00787811029354411,
            "101": 0.0015340214763006682,
            "102": 0.006942097189360651,
            "103": 0.008190114661605262,
            "104": 0.017056238787343022,
            "105": 0.00023400327604586465,
            "106": 7.800109201528821e-05,
            "107": 2.6000364005096073e-05,
            "108": 2.6000364005096073e-05,
            "109": 2.6000364005096073e-05,
            "110": 0.007202100829411612,
            "111": 0.0041340578768102754,
            "112": 0.0025740360365045113,
            "113": 0.0105821481500741,
            "114": 0.001846025844361821,
            "115": 0.0012740178362497074,
            "116": 0.0010400145602038429,
            "117": 0.00013000182002548036,
            "118": 0.0004940069160968253,
            "119": 0.0015340214763006682,
            "120": 2.6000364005096073e-05,
            "121": 0.0001820025480356725,
            "122": 0.0005980083721172097,
            "123": 0.004004056056784795,
            "124": 0.0010660149242089389,
            "125": 2.6000364005096073e-05,
            "126": 2.6000364005096073e-05,
            "127": 0.001794025116351629,
            "128": 0.00039000546007644105,
            "129": 0.00041600582408153717,
            "130": 0.0009620134681885546,
            "131": 0.0005980083721172097,
            "132": 0.0001820025480356725,
            "133": 0.042510595148332074,
            "134": 0.0041600582408153714,
            "135": 0.0037960531447440264,
            "136": 2.6000364005096073e-05,
            "137": 2.6000364005096073e-05,
            "138": 0.007566105925482957,
            "139": 0.0004940069160968253,
            "140": 0.0020280283923974937,
            "141": 0.01765424715946023,
            "142": 0.0014820207482904761,
            "143": 0.0039780556927796985,
            "144": 0.012090169262369672,
            "145": 2.6000364005096073e-05,
            "146": 2.6000364005096073e-05,
            "147": 0.0004940069160968253,
            "148": 2.6000364005096073e-05,
            "149": 0.0004940069160968253,
            "150": 0.0021320298484178777,
            "151": 0.0005460076441070176,
            "152": 2.6000364005096073e-05,
            "153": 0.00569407971711604,
            "154": 0.0009100127401783625,
            "155": 0.0005460076441070176,
            "156": 0.0015860222043108604,
            "157": 0.0008060112841579782,
            "158": 2.6000364005096073e-05,
            "159": 0.0023660331244637423,
            "160": 0.002938041132575856,
            "161": 0.0012220171082395154,
            "162": 0.0001820025480356725,
            "163": 0.0004940069160968253,
            "164": 0.00039000546007644105,
            "165": 0.00023400327604586465,
            "166": 0.00044200618808663323,
            "167": 0.0003380047320662489,
            "168": 0.007124099737396324,
            "169": 0.0020540287564025897,
            "170": 2.6000364005096073e-05,
            "171": 2.6000364005096073e-05,
            "172": 2.6000364005096073e-05,
            "173": 0.0008580120121681703,
            "174": 2.6000364005096073e-05,
            "175": 0.0012480174722446114,
            "176": 2.6000364005096073e-05,
            "177": 0.0008060112841579782,
            "178": 0.0001820025480356725,
            "179": 0.0024180338524739347,
            "180": 0.016952237331322638,
            "181": 0.007670107381503341,
            "182": 0.00039000546007644105,
            "183": 0.0011700163802293231,
            "184": 0.001404019656275188,
            "185": 2.6000364005096073e-05,
            "186": 2.6000364005096073e-05,
            "187": 0.0034060476846675854,
            "188": 2.6000364005096073e-05,
            "189": 0.0005980083721172097,
            "190": 2.6000364005096073e-05,
            "191": 0.0027300382205350873,
            "192": 0.0013000182002548036,
            "193": 0.009204128857804009,
            "194": 0.0014820207482904761,
            "195": 0.0009620134681885546,
            "196": 0.0037700527807389304,
            "197": 0.0008060112841579782,
            "198": 2.6000364005096073e-05,
            "199": 2.6000364005096073e-05,
            "200": 0.0003380047320662489,
            "201": 0.009308130313824393,
            "202": 0.00023400327604586465,
            "203": 2.6000364005096073e-05,
            "204": 0.005590078261095656,