{
    "0": {
        "clone_proportion": {
            "0": 1.0
        },
        "mrca": 0,
        "size": 12836
    },
    "1": {
        "clone_proportion": {
            "0": 1.0
        },
        "mrca": 0,
        "size": 34231
    },
    "2": {
        "clone_proportion": {
            "0": 1.0
        },
        "mrca": 0,
        "size": 34231
    },
    "3": {
        "clone_proportion": {
            "0": 1.0
        },
        "mrca": 0,
        "size": 11410
    },
    "4": {
        "clone_proportion": {
            "1": 0.9293824371433579,
            "2": 0.07061756285664206
        },
        "mrca": 0,
        "size": 51347
    },
    "5": {
        "clone_proportion": {
            "0": 1.0
        },
        "mrca": 0,
        "size": 10809
    },
    "6": {
        "clone_proportion": {
            "1": 1.0
        },
        "mrca": 1,
        "size": 11410
    },
    "7": {
        "clone_proportion": {
            "0": 1.0
        },
        "mrca": 0,
        "size": 12081
    },
    "8": {
        "clone_proportion": {
            "0": 1.0
        },
        "mrca": 0,
        "size": 22821
    },
    "9": {
        "clone_proportion": {
            "1": 0.5172967840884193,
            "2": 0.24527107627139275,
            "3": 0.23743213964018794
        },
        "mrca": 0,
        "size": 41077
    }
}