{
    "0": {
        "clone_proportion": {
            "0": 1.0
        },
        "mrca": 0,
        "size": 27426
    },
    "1": {
        "clone_proportion": {
            "0": 1.0
        },
        "mrca": 0,
        "size": 127992
    },
    "2": {
        "clone_proportion": {
            "2": 1.0
        },
        "mrca": 2,
        "size": 27426
    },
    "3": {
        "clone_proportion": {
            "3": 1.0
        },
        "mrca": 3,
        "size": 42664
    },
    "4": {
        "clone_proportion": {
            "9": 0.9176639104108341,
            "11": 0.0008203659092388827,
            "12": 0.060850315775766654,
            "13": 0.020665407904160427
        },
        "mrca": 4,
        "size": 76795
    },
    "5": {
        "clone_proportion": {
            "4": 0.1242544990494049,
            "5": 0.01625126963043988,
            "6": 0.17009141339167122,
            "7": 0.0005208740266166628,
            "8": 0.2554366226528114,
            "9": 0.43344532124905594
        },
        "mrca": 0,
        "size": 38397
    },
    "6": {
        "clone_proportion": {
            "2": 0.6133484039159207,
            "3": 0.3866515960840793
        },
        "mrca": 0,
        "size": 54853
    },
    "7": {
        "clone_proportion": {
            "0": 1.0
        },
        "mrca": 0,
        "size": 42664
    },
    "8": {
        "clone_proportion": {
            "0": 1.0
        },
        "mrca": 0,
        "size": 25598
    },
    "9": {
        "clone_proportion": {
            "2": 0.10580115892961782,
            "3": 0.8941988410703822
        },
        "mrca": 0,
        "size": 76795
    }
}