{
    "0": {
        "clone_proportion": {
            "2": 0.0011776581426648722,
            "3": 0.9988223418573351
        },
        "mrca": 2,
        "size": 17832
    },
    "1": {
        "clone_proportion": {
            "4": 0.022796096904441454,
            "5": 0.22076884253028264,
            "6": 0.7564350605652759
        },
        "mrca": 2,
        "size": 23776
    },
    "2": {
        "clone_proportion": {
            "0": 1.0
        },
        "mrca": 0,
        "size": 21947
    },
    "3": {
        "clone_proportion": {
            "0": 1.0
        },
        "mrca": 0,
        "size": 95104
    },
    "4": {
        "clone_proportion": {
            "3": 0.8869027590847914,
            "4": 0.11309724091520862
        },
        "mrca": 2,
        "size": 23776
    },
    "5": {
        "clone_proportion": {
            "3": 1.0
        },
        "mrca": 3,
        "size": 20379
    },
    "6": {
        "clone_proportion": {
            "0": 0.39789073014804843,
            "2": 0.22583697846567968,
            "3": 0.3762722913862719
        },
        "mrca": 0,
        "size": 95104
    },
    "7": {
        "clone_proportion": {
            "0": 1.0
        },
        "mrca": 0,
        "size": 16783
    },
    "8": {
        "clone_proportion": {
            "0": 1.0
        },
        "mrca": 0,
        "size": 25937
    },
    "9": {
        "clone_proportion": {
            "0": 0.6030983842136624,
            "2": 0.39690161578633765
        },
        "mrca": 0,
        "size": 28531
    }
}