{
    "N_max": 427258,
    "M": 427258,
    "picking": "adjacent",
    "mutation_rate": 41.741951203591256,
    "P_death": 0.012459782437118283,
    "D": 640,
    "new_clone_frequency": 0.027306821937498713,
    "depth_sequencing": 100,
    "min_alt_reads": 2,
    "n_sequencing": 10,
    "max_horizontal": 2
}