{
    "0": {
        "clone_proportion": {
            "5": 1.0
        },
        "mrca": 5,
        "size": 31360
    },
    "1": {
        "clone_proportion": {
            "1": 1.0
        },
        "mrca": 1,
        "size": 33773
    },
    "2": {
        "clone_proportion": {
            "0": 1.0
        },
        "mrca": 0,
        "size": 33773
    },
    "3": {
        "clone_proportion": {
            "1": 0.8920108235165496,
            "2": 0.013939377374477273,
            "3": 0.09404979910897314
        },
        "mrca": 0,
        "size": 36587
    },
    "4": {
        "clone_proportion": {
            "5": 1.0
        },
        "mrca": 5,
        "size": 27440
    },
    "5": {
        "clone_proportion": {
            "5": 1.0
        },
        "mrca": 5,
        "size": 25826
    },
    "6": {
        "clone_proportion": {
            "5": 1.0
        },
        "mrca": 5,
        "size": 87810
    },
    "7": {
        "clone_proportion": {
            "0": 1.0
        },
        "mrca": 0,
        "size": 54881
    },
    "8": {
        "clone_proportion": {
            "5": 0.9587495729415784,
            "6": 0.04125042705842159
        },
        "mrca": 0,
        "size": 146350
    },
    "9": {
        "clone_proportion": {
            "1": 0.10768218074808333,
            "2": 0.019747541237512583,
            "3": 0.5285371331216604,
            "4": 0.3440331448927437
        },
        "mrca": 0,
        "size": 25826
    }
}