{
    "0": {
        "clone_proportion": {
            "0": 1.0
        },
        "mrca": 0,
        "size": 36727
    },
    "1": {
        "clone_proportion": {
            "2": 1.0
        },
        "mrca": 2,
        "size": 171394
    },
    "2": {
        "clone_proportion": {
            "0": 0.9895562271724798,
            "1": 0.010443772827520216
        },
        "mrca": 0,
        "size": 171394
    },
    "3": {
        "clone_proportion": {
            "0": 1.0
        },
        "mrca": 0,
        "size": 46743
    },
    "4": {
        "clone_proportion": {
            "0": 1.0
        },
        "mrca": 0,
        "size": 102836
    },
    "5": {
        "clone_proportion": {
            "0": 1.0
        },
        "mrca": 0,
        "size": 32136
    },
    "6": {
        "clone_proportion": {
            "2": 0.8317709751448908,
            "3": 0.1682290248551091
        },
        "mrca": 2,
        "size": 25709
    },
    "7": {
        "clone_proportion": {
            "2": 1.0
        },
        "mrca": 2,
        "size": 102836
    },
    "8": {
        "clone_proportion": {
            "0": 1.0
        },
        "mrca": 0,
        "size": 64272
    },
    "9": {
        "clone_proportion": {
            "0": 0.2936217137122653,
            "1": 0.012019090516587512,
            "2": 0.6943591957711471
        },
        "mrca": 0,
        "size": 171394
    }
}