{
    "N_max": 121570,
    "M": 121570,
    "picking": "adjacent",
    "mutation_rate": 9.496930764946738,
    "P_death": 0.2672029146999248,
    "D": 640,
    "new_clone_frequency": 0.037560114528833295,
    "depth_sequencing": 100,
    "min_alt_reads": 2,
    "n_sequencing": 10,
    "max_horizontal": 2
}