{
    "0": {
        "clone_proportion": {
            "0": 1.0
        },
        "mrca": 0,
        "size": 62500
    },
    "1": {
        "clone_proportion": {
            "0": 1.0
        },
        "mrca": 0,
        "size": 166666
    },
    "2": {
        "clone_proportion": {
            "4": 0.7279918239345915,
            "5": 0.2447359578876631,
            "6": 0.0007140057120456964,
            "7": 9.800078400627205e-05,
            "8": 0.013062104496835975,
            "9": 0.0023100184801478412,
            "10": 1.4000112000896008e-05,
            "11": 0.011074088592708742
        },
        "mrca": 0,
        "size": 71428
    },
    "3": {
        "clone_proportion": {
            "0": 1.0
        },
        "mrca": 0,
        "size": 45454
    },
    "4": {
        "clone_proportion": {
            "0": 1.0
        },
        "mrca": 0,
        "size": 33333
    },
    "5": {
        "clone_proportion": {
            "0": 1.0
        },
        "mrca": 0,
        "size": 41666
    },
    "6": {
        "clone_proportion": {
            "0": 0.568502274009096,
            "1": 0.027396109584438336,
            "2": 0.0028440113760455042,
            "3": 0.01854007416029664,
            "4": 0.3827175308701235
        },
        "mrca": 0,
        "size": 83333
    },
    "7": {
        "clone_proportion": {
            "0": 1.0
        },
        "mrca": 0,
        "size": 71428
    },
    "8": {
        "clone_proportion": {
            "0": 1.0
        },
        "mrca": 0,
        "size": 29411
    },
    "9": {
        "clone_proportion": {
            "1": 0.0052800844813517015,
            "2": 0.005688091009456151,
            "3": 0.03708059328949263,
            "4": 0.9519512312196995
        },
        "mrca": 0,
        "size": 41666
    }
}