{
    "N_max": 481239,
    "M": 481239,
    "picking": "adjacent",
    "mutation_rate": 10.724743826321868,
    "P_death": 0.21820510151729558,
    "D": 640,
    "new_clone_frequency": 0.013525319888746747,
    "depth_sequencing": 100,
    "min_alt_reads": 2,
    "n_sequencing": 10,
    "max_horizontal": 2
}