{
    "0": {
        "clone_proportion": {
            "11": 1.0
        },
        "mrca": 11,
        "size": 31250
    },
    "1": {
        "clone_proportion": {
            "6": 0.062592,
            "7": 0.049984,
            "8": 0.000224,
            "9": 0.019488,
            "10": 0.038656,
            "11": 0.829056
        },
        "mrca": 0,
        "size": 31250
    },
    "2": {
        "clone_proportion": {
            "2": 0.5404166466663467,
            "3": 0.04159266548264772,
            "4": 0.0024240387846205537,
            "5": 0.0107761724187587,
            "6": 0.40479047664762635
        },
        "mrca": 0,
        "size": 41666
    },
    "3": {
        "clone_proportion": {
            "11": 1.0
        },
        "mrca": 11,
        "size": 125000
    },
    "4": {
        "clone_proportion": {
            "0": 0.53934,
            "1": 0.46066
        },
        "mrca": 0,
        "size": 100000
    },
    "5": {
        "clone_proportion": {
            "0": 0.9966939008170245,
            "1": 0.003306099182975489
        },
        "mrca": 0,
        "size": 26315
    },
    "6": {
        "clone_proportion": {
            "11": 1.0
        },
        "mrca": 11,
        "size": 33333
    },
    "7": {
        "clone_proportion": {
            "1": 0.019464311428982865,
            "2": 0.9805356885710171
        },
        "mrca": 1,
        "size": 41666
    },
    "8": {
        "clone_proportion": {
            "30": 0.0018620558616758503,
            "31": 0.01257837735132054,
            "32": 0.0030780923427702832,
            "33": 0.002926087782633479,
            "34": 3.800114003420103e-05,
            "35": 0.0009500285008550256,
            "36": 0.004180125403762113,
            "37": 0.001672050161504845,
            "38": 0.0009500285008550256,
            "39": 0.00034201026030780923,
            "40": 0.0002660079802394072,
            "41": 0.003420102603078092,
            "42": 0.08744062321869656,
            "43": 0.007258217746532396,
            "44": 0.00011400342010260308,
            "45": 0.007372221166634999,
            "46": 0.00019000570017100514,
            "47": 0.002470074102223067,
            "48": 0.0004180125403762113,
            "49": 0.007676230286908607,
            "50": 0.00019000570017100514,
            "51": 0.001406042181265438,
            "52": 0.0014820444613338401,
            "53": 0.00019000570017100514,
            "54": 0.00019000570017100514,
            "55": 0.09131673950218507,
            "56": 0.0004940148204446134,
            "57": 0.003382101463043891,
            "58": 0.00011400342010260308,
            "59": 0.00011400342010260308,
            "60": 0.10655519665589967,
            "61": 0.0005700171005130154,
            "62": 0.00011400342010260308,
            "63": 3.800114003420103e-05,
            "64": 0.0002660079802394072,
            "65": 0.00011400342010260308,
            "66": 3.800114003420103e-05,
            "67": 0.12015960478814365,
            "68": 0.0038381151434543036,
            "69": 0.0008740262207866235,
            "70": 3.800114003420103e-05,
            "71": 0.006422192665779973,
            "72": 0.04047121413642409,
            "73": 0.00034201026030780923,
            "74": 0.004864145924377732,
            "75": 0.001710051301539046,
            "76": 0.003496104883146494,
            "77": 0.001406042181265438,
            "78": 0.0004940148204446134,
            "79": 0.024700741022230667,
            "80": 0.0004180125403762113,
            "81": 0.0002660079802394072,
            "82": 0.0004940148204446134,
            "83": 0.00011400342010260308,
            "84": 0.0002660079802394072,
            "85": 0.0041421242637279115,
            "86": 0.00011400342010260308,
            "87": 3.800114003420103e-05,
            "88": 3.800114003420103e-05,
            "89": 0.00034201026030780923,
            "90": 3.800114003420103e-05,
            "91": 3.800114003420103e-05,
            "92": 7.600228006840206e-05,
            "93": 0.001406042181265438,
            "94": 0.03104693140794224,
            "95": 0.00011400342010260308,
            "96": 3.800114003420103e-05,
            "97": 3.800114003420103e-05,
            "98": 0.00011400342010260308,
            "99": 0.0036101083032490976,
            "100": 0.0004180125403762113,
            "101": 0.00011400342010260308,
            "102": 3.800114003420103e-05,
            "103": 0.0023940718221546644,
            "104": 0.011248337450123503,
            "105": 0.0021660649819494585,
            "106": 3.800114003420103e-05,
            "107": 0.0002660079802394072,
            "108": 0.006118183545506365,
            "109": 0.0007220216606498195,
            "110": 0.003306099182975489,
            "111": 0.008968269048071442,
            "112": 0.0006460193805814175,
            "113": 0.002546076382291469,
            "114": 0.0006460193805814175,
            "115": 3.800114003420103e-05,
            "116": 0.0005700171005130154,
            "117": 0.0004180125403762113,
            "118": 0.0002660079802394072,
            "119": 0.00011400342010260308,
            "120": 0.0009500285008550256,
            "121": 0.0023940718221546644,
            "122": 0.002622078662359871,
            "123": 0.00034201026030780923,
            "124": 0.00011400342010260308,
            "125": 0.0004940148204446134,
            "126": 0.0007220216606498195,
            "127": 0.00019000570017100514,
            "128": 0.006118183545506365,
            "129": 0.0020140604218126545,
            "130": 0.00019000570017100514,
            "131": 0.00011400342010260308,
            "132": 0.00022800684020520616,
            "133": 0.0014820444613338401,
            "134": 0.004978149344480334,
            "135": 0.010184305529165875,
            "136": 0.00011400342010260308,
            "137": 0.00034201026030780923,
            "138": 0.016530495914877447,
            "139": 0.002774083222496675,
            "140": 0.0042941288238647155,
            "141": 3.800114003420103e-05,
            "142": 0.005624168725061752,
            "143": 0.00011400342010260308,
            "144": 0.0005700171005130154,
            "145": 3.800114003420103e-05,
            "146": 0.011590347710431314,
            "147": 0.0002660079802394072,
            "148": 0.005510165304959149,
            "149": 0.0010260307809234277,
            "150": 0.00011400342010260308,
            "151": 0.00034201026030780923,
            "152": 3.800114003420103e-05,
            "153": 0.009690290708721261,
            "154": 0.028386851605548165,
            "155": 0.0009500285008550256,
            "156": 0.00034201026030780923,
            "157": 0.005130153904617138,
            "158": 0.0037621128633859016,
            "159": 0.00019000570017100514,
            "160": 0.0020140604218126545,
            "161": 0.001672050161504845,
            "162": 0.005130153904617138,
            "163": 0.001406042181265438,
            "164": 0.00019000570017100514,
            "165": 0.0017860535816074483,
            "166": 0.00011400342010260308,
            "167": 0.005624168725061752,
            "168": 0.0004940148204446134,
            "169": 0.0004180125403762113,
            "170": 0.0010260307809234277,
            "171": 0.001330039901197036,
            "172": 0.002926087782633479,
            "173": 0.00019000570017100514,
            "174": 0.0022420672620178605,
            "175": 3.800114003420103e-05,
            "176": 0.0006460193805814175,
            "177": 3.800114003420103e-05,
            "178": 0.0002660079802394072,
            "179": 0.0004180125403762113,
            "180": 0.00011400342010260308,
            "181": 0.00011400342010260308,
            "182": 3.800114003420103e-05,
            "183": 0.0017860535816074483,
            "184": 0.0002660079802394072,
            "185": 0.00034201026030780923,
            "186": 0.010070302109063272,