{
    "0": {
        "clone_proportion": {
            "1": 1.0
        },
        "mrca": 1,
        "size": 428614
    },
    "1": {
        "clone_proportion": {
            "1": 0.4949872571341521,
            "6": 0.0724264145816264,
            "7": 0.003536711393645448,
            "8": 0.002976766400006588,
            "9": 0.0021327316669480117,
            "10": 0.4239401188236214
        },
        "mrca": 0,
        "size": 485762
    },
    "2": {
        "clone_proportion": {
            "0": 0.020377863745732482,
            "1": 0.9796221362542675
        },
        "mrca": 0,
        "size": 809604
    },
    "3": {
        "clone_proportion": {
            "10": 1.0
        },
        "mrca": 10,
        "size": 662403
    },
    "4": {
        "clone_proportion": {
            "0": 1.0
        },
        "mrca": 0,
        "size": 455402
    },
    "5": {
        "clone_proportion": {
            "10": 1.0
        },
        "mrca": 10,
        "size": 520460
    },
    "6": {
        "clone_proportion": {
            "1": 1.0
        },
        "mrca": 1,
        "size": 383496
    },
    "7": {
        "clone_proportion": {
            "1": 1.0
        },
        "mrca": 1,
        "size": 1040920
    },
    "8": {
        "clone_proportion": {
            "1": 1.0
        },
        "mrca": 1,
        "size": 428614
    },
    "9": {
        "clone_proportion": {
            "1": 1.0
        },
        "mrca": 1,
        "size": 728644
    },
    "10": {
        "clone_proportion": {
            "1": 0.42772186566930664,
            "6": 0.028970541976900643,
            "7": 0.0014146833925392332,
            "8": 0.0011907055795178877,
            "9": 0.0008530919643018891,
            "10": 0.5398491114174337
        },
        "mrca": 0,
        "size": 1214406
    },
    "11": {
        "clone_proportion": {
            "1": 1.0
        },
        "mrca": 1,
        "size": 2428813
    },
    "12": {
        "clone_proportion": {
            "1": 1.0
        },
        "mrca": 1,
        "size": 455402
    },
    "13": {
        "clone_proportion": {
            "1": 1.0
        },
        "mrca": 1,
        "size": 728644
    },
    "14": {
        "clone_proportion": {
            "1": 1.0
        },
        "mrca": 1,
        "size": 428614
    },
    "15": {
        "clone_proportion": {
            "1": 1.0
        },
        "mrca": 1,
        "size": 428614
    },
    "16": {
        "clone_proportion": {
            "1": 1.0
        },
        "mrca": 1,
        "size": 809604
    },
    "17": {
        "clone_proportion": {
            "0": 0.05004502886046653,
            "1": 0.9499549711395334
        },
        "mrca": 0,
        "size": 428614
    },
    "18": {
        "clone_proportion": {
            "10": 0.8303170438881231,
            "11": 0.0006752272304319972,
            "12": 0.1510203342210101,
            "13": 3.293791367960962e-06,
            "14": 2.3056539575726734e-05,
            "15": 0.002570804162693531,
            "17": 0.00017127715113397,
            "20": 2.6350330943687697e-05,
            "21": 2.6350330943687697e-05,
            "22": 0.00023221229144124782,
            "23": 0.005706493544992366,
            "24": 0.0005632383239213245,
            "25": 0.00011857648924659464,
            "26": 0.0008432105901980063,
            "27": 1.646895683980481e-06,
            "28": 0.0012252903888814778,
            "29": 5.599445325533635e-05,
            "30": 0.00011857648924659464,
            "32": 8.069788851504357e-05,
            "33": 1.482206115582433e-05,
            "34": 0.00045454320877861274,
            "35": 1.646895683980481e-06,
            "36": 2.6350330943687697e-05,
            "37": 0.0003721984245795887,
            "38": 0.0012483469284572046,
            "39": 3.293791367960962e-06,
            "40": 0.00031455707564027185,
            "41": 0.00012351717629853606,
            "42": 0.0003969018598392959,
            "44": 0.00033267292816405717,
            "46": 0.00011857648924659464,
            "47": 0.0003112632842723109,
            "48": 5.928824462329732e-05,
            "49": 4.611307915145347e-05,
            "50": 0.0012615220939290485,
            "51": 1.646895683980481e-06,
            "52": 1.9762748207765772e-05,
            "53": 0.00013504544608639943,
            "54": 2.6350330943687697e-05,
            "55": 0.0001646895683980481,
            "56": 1.9762748207765772e-05,
            "57": 0.00020092127344561867,
            "58": 1.8115852523785292e-05,
            "59": 1.646895683980481e-06,
            "60": 1.646895683980481e-06,
            "63": 0.00011528269787863366,
            "64": 0.00022233091733736494,
            "66": 6.752272304319972e-05,
            "67": 2.3056539575726734e-05,
            "68": 1.482206115582433e-05,
            "69": 3.6231705047570584e-05,
            "70": 1.646895683980481e-06,
            "71": 4.940687051941443e-06,
            "72": 4.940687051941443e-05,
            "73": 9.881374103882886e-06
        },
        "mrca": 0,
        "size": 607203
    },
    "19": {
        "clone_proportion": {
            "0": 0.3242177657225014,
            "1": 0.6757822342774986
        },
        "mrca": 0,
        "size": 404802
    },
    "20": {
        "clone_proportion": {
            "1": 1.0
        },
        "mrca": 1,
        "size": 485762
    },
    "21": {
        "clone_proportion": {
            "0": 1.0
        },
        "mrca": 0,
        "size": 560495
    },
    "22": {
        "clone_proportion": {
            "1": 1.0
        },
        "mrca": 1,
        "size": 364322
    },
    "23": {
        "clone_proportion": {
            "1": 1.0
        },
        "mrca": 1,
        "size": 1040920
    },
    "24": {
        "clone_proportion": {
            "1": 1.0
        },
        "mrca": 1,
        "size": 404802
    },
    "25": {
        "clone_proportion": {
            "1": 1.0
        },
        "mrca": 1,
        "size": 1040920
    },
    "26": {
        "clone_proportion": {
            "1": 1.0
        },
        "mrca": 1,
        "size": 1214406
    },
    "27": {
        "clone_proportion": {
            "1": 1.0
        },
        "mrca": 1,
        "size": 560495
    },
    "28": {
        "clone_proportion": {
            "1": 1.0
        },
        "mrca": 1,
        "size": 809604
    },
    "29": {
        "clone_proportion": {
            "1": 1.0
        },
        "mrca": 1,
        "size": 428614
    },
    "30": {
        "clone_proportion": {
            "1": 0.8629338129093566,
            "6": 0.028970541976900643,
            "7": 0.0014146833925392332,
            "8": 0.0011907055795178877,
            "9": 0.0008530919643018891,
            "10": 0.10463716417738383
        },
        "mrca": 0,
        "size": 1214406
    },
    "31": {
        "clone_proportion": {
            "1": 1.0
        },
        "mrca": 1,
        "size": 728644
    },
    "32": {
        "clone_proportion": {
            "1": 1.0
        },
        "mrca": 1,
        "size": 404802
    },
    "33": {
        "clone_proportion": {
            "1": 1.0
        },
        "mrca": 1,
        "size": 1040920
    },
    "34": {
        "clone_proportion": {
            "1": 1.0
        },
        "mrca": 1,
        "size": 910805
    },
    "35": {
        "clone_proportion": {
            "1": 1.0
        },
        "mrca": 1,
        "size": 485762
    },
    "36": {
        "clone_proportion": {
            "0": 0.022120691103304824,
            "1": 0.9778793088966952
        },
        "mrca": 0,
        "size": 809604
    },
    "37": {
        "clone_proportion": {
            "1": 1.0
        },
        "mrca": 1,
        "size": 383496
    },
    "38": {
        "clone_proportion": {
            "1": 1.0
        },
        "mrca": 1,
        "size": 1040920
    },
    "39": {
        "clone_proportion": {
            "0": 1.0
        },
        "mrca": 0,