{
    "0": {
        "clone_proportion": {
            "0": 1.0
        },
        "mrca": 0,
        "size": 61283
    },
    "1": {
        "clone_proportion": {
            "0": 1.0
        },
        "mrca": 0,
        "size": 24513
    },
    "2": {
        "clone_proportion": {
            "0": 0.8791594766922446,
            "1": 0.12084052330775538
        },
        "mrca": 0,
        "size": 163422
    },
    "3": {
        "clone_proportion": {
            "0": 1.0
        },
        "mrca": 0,
        "size": 163422
    },
    "4": {
        "clone_proportion": {
            "1": 0.9920246399869457,
            "3": 0.007975360013054298
        },
        "mrca": 1,
        "size": 49026
    },
    "5": {
        "clone_proportion": {
            "0": 1.0
        },
        "mrca": 0,
        "size": 81711
    },
    "6": {
        "clone_proportion": {
            "0": 0.01811298586860742,
            "1": 0.9818870141313926
        },
        "mrca": 0,
        "size": 30641
    },
    "7": {
        "clone_proportion": {
            "0": 1.0
        },
        "mrca": 0,
        "size": 37712
    },
    "8": {
        "clone_proportion": {
            "0": 0.23316607514380125,
            "1": 0.7668339248561987
        },
        "mrca": 0,
        "size": 40855
    },
    "9": {
        "clone_proportion": {
            "0": 1.0
        },
        "mrca": 0,
        "size": 81711
    }
}