{
    "0": {
        "clone_proportion": {
            "0": 1.0
        },
        "mrca": 0,
        "size": 104201
    },
    "1": {
        "clone_proportion": {
            "4": 1.0
        },
        "mrca": 4,
        "size": 38390
    },
    "2": {
        "clone_proportion": {
            "0": 1.0
        },
        "mrca": 0,
        "size": 48627
    },
    "3": {
        "clone_proportion": {
            "4": 1.0
        },
        "mrca": 4,
        "size": 52100
    },
    "4": {
        "clone_proportion": {
            "6": 0.41146131805157593,
            "7": 0.5885386819484241
        },
        "mrca": 6,
        "size": 38390
    },
    "5": {
        "clone_proportion": {
            "4": 0.6804751250329034,
            "5": 0.0758313591295955,
            "6": 0.2436935158375011
        },
        "mrca": 4,
        "size": 91176
    },
    "6": {
        "clone_proportion": {
            "2": 0.7114701237167675,
            "3": 0.0042116346406949196,
            "4": 0.2843182416425375
        },
        "mrca": 2,
        "size": 91176
    },
    "7": {
        "clone_proportion": {
            "4": 1.0
        },
        "mrca": 4,
        "size": 60784
    },
    "8": {
        "clone_proportion": {
            "2": 1.0
        },
        "mrca": 2,
        "size": 38390
    },
    "9": {
        "clone_proportion": {
            "2": 0.337193998420637,
            "3": 0.0031587259805211897,
            "4": 0.6596472755988418
        },
        "mrca": 2,
        "size": 121568
    }
}