{
    "0": {
        "clone_proportion": {
            "0": 1.0
        },
        "mrca": 0,
        "size": 46864
    },
    "1": {
        "clone_proportion": {
            "0": 0.9391032382554939,
            "1": 0.021847479172191788,
            "2": 0.03904928257231433
        },
        "mrca": 0,
        "size": 109349
    },
    "2": {
        "clone_proportion": {
            "0": 1.0
        },
        "mrca": 0,
        "size": 164024
    },
    "3": {
        "clone_proportion": {
            "2": 0.8890921145888109,
            "3": 0.03308260362605455,
            "4": 0.07782528178513455
        },
        "mrca": 2,
        "size": 43739
    },
    "4": {
        "clone_proportion": {
            "0": 1.0
        },
        "mrca": 0,
        "size": 218699
    },
    "5": {
        "clone_proportion": {
            "2": 1.0
        },
        "mrca": 2,
        "size": 109349
    },
    "6": {
        "clone_proportion": {
            "2": 1.0
        },
        "mrca": 2,
        "size": 50469
    },
    "7": {
        "clone_proportion": {
            "0": 1.0
        },
        "mrca": 0,
        "size": 54674
    },
    "8": {
        "clone_proportion": {
            "2": 1.0
        },
        "mrca": 2,
        "size": 54674
    },
    "9": {
        "clone_proportion": {
            "0": 1.0
        },
        "mrca": 0,
        "size": 72899
    }
}