{
    "N_max": 465665,
    "M": 465665,
    "picking": "adjacent",
    "mutation_rate": 34.50741479026465,
    "P_death": 0.18235770823084732,
    "D": 640,
    "new_clone_frequency": 0.02157641030527981,
    "depth_sequencing": 100,
    "min_alt_reads": 2,
    "n_sequencing": 10,
    "max_horizontal": 2
}