{
    "0": {
        "clone_proportion": {
            "2": 0.9264335839962135,
            "3": 0.07356641600378651
        },
        "mrca": 2,
        "size": 207051
    },
    "1": {
        "clone_proportion": {
            "0": 0.851388243248954,
            "2": 0.14861175675104593
        },
        "mrca": 0,
        "size": 118315
    },
    "2": {
        "clone_proportion": {
            "2": 1.0
        },
        "mrca": 2,
        "size": 69017
    },
    "3": {
        "clone_proportion": {
            "2": 0.9921142712251194,
            "3": 0.007885728774880616
        },
        "mrca": 2,
        "size": 118315
    },
    "4": {
        "clone_proportion": {
            "2": 1.0
        },
        "mrca": 2,
        "size": 138034
    },
    "5": {
        "clone_proportion": {
            "2": 1.0
        },
        "mrca": 2,
        "size": 46011
    },
    "6": {
        "clone_proportion": {
            "2": 0.9118767839807583,
            "3": 0.08812321601924164
        },
        "mrca": 2,
        "size": 138034
    },
    "7": {
        "clone_proportion": {
            "2": 1.0
        },
        "mrca": 2,
        "size": 43589
    },
    "8": {
        "clone_proportion": {
            "2": 1.0
        },
        "mrca": 2,
        "size": 75291
    },
    "9": {
        "clone_proportion": {
            "0": 0.45499462087102044,
            "2": 0.5450053791289795
        },
        "mrca": 0,
        "size": 75291
    }
}