{
    "0": {
        "clone_proportion": {
            "3": 1.0
        },
        "mrca": 3,
        "size": 18430
    },
    "1": {
        "clone_proportion": {
            "3": 0.6701392656899982,
            "4": 0.3298607343100018
        },
        "mrca": 3,
        "size": 27645
    },
    "2": {
        "clone_proportion": {
            "4": 1.0
        },
        "mrca": 4,
        "size": 15358
    },
    "3": {
        "clone_proportion": {
            "0": 1.0
        },
        "mrca": 0,
        "size": 23038
    },
    "4": {
        "clone_proportion": {
            "3": 1.0
        },
        "mrca": 3,
        "size": 18430
    },
    "5": {
        "clone_proportion": {
            "0": 0.7958590155395434,
            "1": 0.20414098446045664
        },
        "mrca": 0,
        "size": 92152
    },
    "6": {
        "clone_proportion": {
            "0": 1.0
        },
        "mrca": 0,
        "size": 21265
    },
    "7": {
        "clone_proportion": {
            "3": 0.7161771089567356,
            "4": 0.28382289104326436
        },
        "mrca": 3,
        "size": 13822
    },
    "8": {
        "clone_proportion": {
            "5": 0.15422457262329356,
            "6": 0.8457754273767064
        },
        "mrca": 1,
        "size": 16262
    },
    "9": {
        "clone_proportion": {
            "3": 1.0
        },
        "mrca": 3,
        "size": 30717
    }
}