{
    "0": {
        "clone_proportion": {
            "4": 0.38515431658392824,
            "5": 0.016816645428558777,
            "6": 0.00018204092476789782,
            "7": 0.010474733211644716,
            "8": 0.5873722638511004
        },
        "mrca": 0,
        "size": 203251
    },
    "1": {
        "clone_proportion": {
            "0": 1.0
        },
        "mrca": 0,
        "size": 73909
    },
    "2": {
        "clone_proportion": {
            "8": 1.0
        },
        "mrca": 8,
        "size": 135501
    },
    "3": {
        "clone_proportion": {
            "8": 1.0
        },
        "mrca": 8,
        "size": 58071
    },
    "4": {
        "clone_proportion": {
            "3": 1.0
        },
        "mrca": 3,
        "size": 203251
    },
    "5": {
        "clone_proportion": {
            "3": 1.0
        },
        "mrca": 3,
        "size": 40650
    },
    "6": {
        "clone_proportion": {
            "4": 1.0
        },
        "mrca": 4,
        "size": 42789
    },
    "7": {
        "clone_proportion": {
            "3": 1.0
        },
        "mrca": 3,
        "size": 90334
    },
    "8": {
        "clone_proportion": {
            "3": 1.0
        },
        "mrca": 3,
        "size": 42789
    },
    "9": {
        "clone_proportion": {
            "3": 1.0
        },
        "mrca": 3,
        "size": 116143
    }
}