{
    "0": {
        "clone_proportion": {
            "3": 1.0
        },
        "mrca": 3,
        "size": 176357
    },
    "1": {
        "clone_proportion": {
            "2": 1.0
        },
        "mrca": 2,
        "size": 50387
    },
    "2": {
        "clone_proportion": {
            "2": 0.3619971081058093,
            "3": 0.6380028918941907
        },
        "mrca": 2,
        "size": 35271
    },
    "3": {
        "clone_proportion": {
            "0": 1.0
        },
        "mrca": 0,
        "size": 50387
    },
    "4": {
        "clone_proportion": {
            "3": 1.0
        },
        "mrca": 3,
        "size": 141086
    },
    "5": {
        "clone_proportion": {
            "3": 0.4438366068200988,
            "4": 0.006555006627304494,
            "5": 0.33076274249909626,
            "6": 0.21884564405350043
        },
        "mrca": 0,
        "size": 41495
    },
    "6": {
        "clone_proportion": {
            "3": 1.0
        },
        "mrca": 3,
        "size": 70543
    },
    "7": {
        "clone_proportion": {
            "2": 1.0
        },
        "mrca": 2,
        "size": 64130
    },
    "8": {
        "clone_proportion": {
            "2": 0.6599166465843528,
            "3": 0.3400833534156472
        },
        "mrca": 2,
        "size": 141086
    },
    "9": {
        "clone_proportion": {
            "3": 1.0
        },
        "mrca": 3,
        "size": 88178
    }
}