{
    "0": {
        "clone_proportion": {
            "1": 1.0
        },
        "mrca": 1,
        "size": 423464
    },
    "1": {
        "clone_proportion": {
            "1": 1.0
        },
        "mrca": 1,
        "size": 445751
    },
    "2": {
        "clone_proportion": {
            "1": 1.0
        },
        "mrca": 1,
        "size": 705773
    },
    "3": {
        "clone_proportion": {
            "0": 1.0
        },
        "mrca": 0,
        "size": 846928
    },
    "4": {
        "clone_proportion": {
            "1": 1.0
        },
        "mrca": 1,
        "size": 1058660
    },
    "5": {
        "clone_proportion": {
            "1": 1.0
        },
        "mrca": 1,
        "size": 705773
    },
    "6": {
        "clone_proportion": {
            "1": 1.0
        },
        "mrca": 1,
        "size": 941031
    },
    "7": {
        "clone_proportion": {
            "1": 1.0
        },
        "mrca": 1,
        "size": 564618
    },
    "8": {
        "clone_proportion": {
            "1": 1.0
        },
        "mrca": 1,
        "size": 445751
    },
    "9": {
        "clone_proportion": {
            "1": 1.0
        },
        "mrca": 1,
        "size": 423464
    },
    "10": {
        "clone_proportion": {
            "1": 1.0
        },
        "mrca": 1,
        "size": 498192
    },
    "11": {
        "clone_proportion": {
            "1": 1.0
        },
        "mrca": 1,
        "size": 2823093
    },
    "12": {
        "clone_proportion": {
            "1": 1.0
        },
        "mrca": 1,
        "size": 470515
    },
    "13": {
        "clone_proportion": {
            "1": 0.31726781969659756,
            "2": 0.6827321803034024
        },
        "mrca": 0,
        "size": 846928
    },
    "14": {
        "clone_proportion": {
            "1": 1.0
        },
        "mrca": 1,
        "size": 2823093
    },
    "15": {
        "clone_proportion": {
            "1": 1.0
        },
        "mrca": 1,
        "size": 941031
    },
    "16": {
        "clone_proportion": {
            "1": 1.0
        },
        "mrca": 1,
        "size": 1411546
    },
    "17": {
        "clone_proportion": {
            "1": 0.2255632386180689,
            "2": 0.7528625518181654,
            "3": 0.0215742095637657
        },
        "mrca": 0,
        "size": 941031
    },
    "18": {
        "clone_proportion": {
            "0": 1.0
        },
        "mrca": 0,
        "size": 529330
    },
    "19": {
        "clone_proportion": {
            "1": 1.0
        },
        "mrca": 1,
        "size": 1693856
    },
    "20": {
        "clone_proportion": {
            "1": 1.0
        },
        "mrca": 1,
        "size": 423464
    },
    "21": {
        "clone_proportion": {
            "1": 1.0
        },
        "mrca": 1,
        "size": 498192
    },
    "22": {
        "clone_proportion": {
            "1": 1.0
        },
        "mrca": 1,
        "size": 705773
    },
    "23": {
        "clone_proportion": {
            "1": 1.0
        },
        "mrca": 1,
        "size": 651483
    },
    "24": {
        "clone_proportion": {
            "1": 1.0
        },
        "mrca": 1,
        "size": 1209897
    },
    "25": {
        "clone_proportion": {
            "1": 1.0
        },
        "mrca": 1,
        "size": 769934
    },
    "26": {
        "clone_proportion": {
            "0": 1.0
        },
        "mrca": 0,
        "size": 2823093
    },
    "27": {
        "clone_proportion": {
            "1": 1.0
        },
        "mrca": 1,
        "size": 651483
    },
    "28": {
        "clone_proportion": {
            "1": 1.0
        },
        "mrca": 1,
        "size": 769934
    },
    "29": {
        "clone_proportion": {
            "1": 0.7103372423629871,
            "2": 0.2896627576370128
        },
        "mrca": 0,
        "size": 1693856
    },
    "30": {
        "clone_proportion": {
            "1": 1.0
        },
        "mrca": 1,
        "size": 1209897
    },
    "31": {
        "clone_proportion": {
            "1": 1.0
        },
        "mrca": 1,
        "size": 564618
    },
    "32": {
        "clone_proportion": {
            "1": 1.0
        },
        "mrca": 1,
        "size": 2823093
    },
    "33": {
        "clone_proportion": {
            "1": 1.0
        },
        "mrca": 1,
        "size": 604948
    },
    "34": {
        "clone_proportion": {
            "1": 1.0
        },
        "mrca": 1,
        "size": 470515
    },
    "35": {
        "clone_proportion": {
            "1": 1.0
        },
        "mrca": 1,
        "size": 564618
    },
    "36": {
        "clone_proportion": {
            "1": 1.0
        },
        "mrca": 1,
        "size": 651483
    },
    "37": {
        "clone_proportion": {
            "1": 1.0
        },
        "mrca": 1,
        "size": 2117320
    },
    "38": {
        "clone_proportion": {
            "1": 1.0
        },
        "mrca": 1,
        "size": 769934
    },
    "39": {
        "clone_proportion": {
            "1": 1.0
        },
        "mrca": 1,
        "size": 1058660
    },
    "40": {
        "clone_proportion": {
            "0": 0.04624478113842027,
            "1": 0.9537552188615798
        },
        "mrca": 0,
        "size": 2117320
    },
    "41": {
        "clone_proportion": {
            "1": 1.0
        },
        "mrca": 1,
        "size": 846928
    },
    "42": {
        "clone_proportion": {
            "1": 1.0
        },
        "mrca": 1,
        "size": 769934
    },
    "43": {
        "clone_proportion": {
            "0": 0.36348607715013287,
            "1": 0.6365139228498672
        },
        "mrca": 0,
        "size": 2823093
    },
    "44": {
        "clone_proportion": {
            "0": 1.0
        },
        "mrca": 0,
        "size": 651483
    },
    "45": {
        "clone_proportion": {
            "1": 1.0
        },
        "mrca": 1,
        "size": 769934
    },
    "46": {
        "clone_proportion": {
            "0": 1.0
        },
        "mrca": 0,
        "size": 604948
    },
    "47": {
        "clone_proportion": {
            "1": 1.0
        },
        "mrca": 1,
        "size": 564618
    },
    "48": {
        "clone_proportion": {
            "1": 1.0
        },
        "mrca": 1,
        "size": 564618
    },
    "49": {
        "clone_proportion": {
            "0": 1.0
        },
        "mrca": 0,
        "size": 769934
    },
    "50": {
        "clone_proportion": {
            "1": 0.9995253433025408,
            "2": 0.00047465669745913434
        },
        "mrca": 0,
        "size": 2823093
    },
    "51": {
        "clone_proportion": {
            "0": 1.0
        },
        "mrca": 0,
        "size": 941031
    },
    "52": {
        "clone_proportion": {
            "1": 1.0
        },
        "mrca": 1,
        "size": 564618
    },
    "53": {
        "clone_proportion": {
            "1": 1.0
        },
        "mrca": 1,
        "size": 445751
    },
    "54": {
        "clone_proportion": {
            "1": 1.0
        },
        "mrca": 1,
        "size": 498192
    },
    "55": {
        "clone_proportion": {
            "0": 0.4614057646054501,
            "1": 0.53859423539455
        },
        "mrca": 0,
        "size": 564618
    },
    "56": {
        "clone_proportion": {
            "1": 1.0
        },
        "mrca": 1,
        "size": 1411546
    },
    "57": {
        "clone_proportion": {
            "1": 1.0
        },
        "mrca": 1,
        "size": 846928
    },
    "58": {
        "clone_proportion": {
            "1": 1.0
        },
        "mrca": 1,
        "size": 529330
    },
    "59": {
        "clone_proportion": {
            "1": 1.0
        },
        "mrca": 1,
        "size": 498192
    },
    "60": {
        "clone_proportion": {
            "1": 1.0
        },
        "mrca": 1,
        "size": 1693856
    },
    "61": {
        "clone_proportion": {
            "1": 1.0
        },