{
    "0": {
        "clone_proportion": {
            "6": 1.0
        },
        "mrca": 6,
        "size": 18250
    },
    "1": {
        "clone_proportion": {
            "0": 1.0
        },
        "mrca": 0,
        "size": 19653
    },
    "2": {
        "clone_proportion": {
            "3": 0.968437862040893,
            "4": 0.03156213795910699
        },
        "mrca": 1,
        "size": 31937
    },
    "3": {
        "clone_proportion": {
            "0": 1.0
        },
        "mrca": 0,
        "size": 14194
    },
    "4": {
        "clone_proportion": {
            "6": 0.43275835750267133,
            "7": 0.5672416424973287
        },
        "mrca": 3,
        "size": 19653
    },
    "5": {
        "clone_proportion": {
            "3": 1.0
        },
        "mrca": 3,
        "size": 12775
    },
    "6": {
        "clone_proportion": {
            "6": 1.0
        },
        "mrca": 6,
        "size": 31937
    },
    "7": {
        "clone_proportion": {
            "6": 1.0
        },
        "mrca": 6,
        "size": 36500
    },
    "8": {
        "clone_proportion": {
            "3": 1.0
        },
        "mrca": 3,
        "size": 12775
    },
    "9": {
        "clone_proportion": {
            "3": 0.9098864970645792,
            "4": 0.09011350293542074
        },
        "mrca": 1,
        "size": 63875
    }
}