{
    "0": {
        "clone_proportion": {
            "0": 1.0
        },
        "mrca": 0,
        "size": 29645
    },
    "1": {
        "clone_proportion": {
            "0": 1.0
        },
        "mrca": 0,
        "size": 20381
    },
    "2": {
        "clone_proportion": {
            "0": 1.0
        },
        "mrca": 0,
        "size": 108699
    },
    "3": {
        "clone_proportion": {
            "1": 0.6416710365320748,
            "2": 0.1476431859232069,
            "3": 0.2106857775447183
        },
        "mrca": 0,
        "size": 17163
    },
    "4": {
        "clone_proportion": {
            "0": 1.0
        },
        "mrca": 0,
        "size": 19182
    },
    "5": {
        "clone_proportion": {
            "0": 0.9454993744020019,
            "1": 0.054500625597998086
        },
        "mrca": 0,
        "size": 27174
    },
    "6": {
        "clone_proportion": {
            "0": 1.0
        },
        "mrca": 0,
        "size": 40762
    },
    "7": {
        "clone_proportion": {
            "0": 1.0
        },
        "mrca": 0,
        "size": 40762
    },
    "8": {
        "clone_proportion": {
            "0": 1.0
        },
        "mrca": 0,
        "size": 23292
    },
    "9": {
        "clone_proportion": {
            "0": 1.0
        },
        "mrca": 0,
        "size": 25084
    }
}