{
    "0": {
        "clone_proportion": {
            "3": 0.9442785578560324,
            "4": 0.055721442143967626
        },
        "mrca": 1,
        "size": 40523
    },
    "1": {
        "clone_proportion": {
            "0": 0.7961404634405153,
            "1": 0.20385953655948474
        },
        "mrca": 0,
        "size": 40523
    },
    "2": {
        "clone_proportion": {
            "3": 1.0
        },
        "mrca": 3,
        "size": 9351
    },
    "3": {
        "clone_proportion": {
            "0": 1.0
        },
        "mrca": 0,
        "size": 7151
    },
    "4": {
        "clone_proportion": {
            "6": 1.0
        },
        "mrca": 6,
        "size": 10130
    },
    "5": {
        "clone_proportion": {
            "3": 1.0
        },
        "mrca": 3,
        "size": 9351
    },
    "6": {
        "clone_proportion": {
            "3": 0.8098512766517505,
            "4": 0.14362332192682284,
            "6": 0.04652540142142669
        },
        "mrca": 1,
        "size": 30392
    },
    "7": {
        "clone_proportion": {
            "0": 1.0
        },
        "mrca": 0,
        "size": 17367
    },
    "8": {
        "clone_proportion": {
            "0": 0.11556400069096562,
            "1": 0.6500834916796223,
            "2": 0.03921229918811539,
            "3": 0.1951402084412967
        },
        "mrca": 0,
        "size": 17367
    },
    "9": {
        "clone_proportion": {
            "0": 1.0
        },
        "mrca": 0,
        "size": 6078
    }
}