{
    "0": {
        "clone_proportion": {
            "7": 1.0
        },
        "mrca": 7,
        "size": 35714
    },
    "1": {
        "clone_proportion": {
            "11": 0.35379741518966074,
            "12": 0.07960831843327373,
            "13": 0.024504098016392067,
            "14": 0.0010920043680174721,
            "15": 0.03759615038460154,
            "16": 0.000132000528002112,
            "17": 0.0006600026400105601,
            "18": 0.009000036000144,
            "19": 1.2000048000192e-05,
            "20": 0.11935247740990965,
            "21": 0.004116016464065856,
            "22": 0.0005520022080088321,
            "23": 0.00022800091200364802,
            "24": 0.0018480073920295681,
            "25": 0.0012840051360205442,
            "26": 8.400033600134401e-05,
            "27": 0.0018360073440293761,
            "28": 0.06220824883299533,
            "29": 0.0072480289921159685,
            "30": 8.400033600134401e-05,
            "31": 0.030624122496489985,
            "32": 0.0012720050880203522,
            "33": 0.00018000072000288,
            "34": 1.2000048000192e-05,
            "35": 0.2626690506762027
        },
        "mrca": 0,
        "size": 83333
    },
    "2": {
        "clone_proportion": {
            "7": 1.0
        },
        "mrca": 7,
        "size": 38461
    },
    "3": {
        "clone_proportion": {
            "9": 0.3991727900734809,
            "10": 0.038038456461477535,
            "11": 0.5627887534650415
        },
        "mrca": 0,
        "size": 45454
    },
    "4": {
        "clone_proportion": {
            "7": 1.0
        },
        "mrca": 7,
        "size": 29411
    },
    "5": {
        "clone_proportion": {
            "9": 1.0
        },
        "mrca": 9,
        "size": 33333
    },
    "6": {
        "clone_proportion": {
            "0": 0.48888,
            "1": 0.006624,
            "2": 0.226176,
            "3": 0.27832
        },
        "mrca": 0,
        "size": 62500
    },
    "7": {
        "clone_proportion": {
            "0": 1.0
        },
        "mrca": 0,
        "size": 125000
    },
    "8": {
        "clone_proportion": {
            "7": 0.8277873111492446,
            "8": 6.0000240000960005e-05,
            "9": 0.17215268861075445
        },
        "mrca": 0,
        "size": 83333
    },
    "9": {
        "clone_proportion": {
            "3": 0.69206,
            "4": 0.0214,
            "5": 0.01218,
            "6": 0.27436
        },
        "mrca": 0,
        "size": 50000
    }
}