{
    "0": {
        "clone_proportion": {
            "0": 1.0
        },
        "mrca": 0,
        "size": 31937
    },
    "1": {
        "clone_proportion": {
            "6": 1.0
        },
        "mrca": 6,
        "size": 36500
    },
    "2": {
        "clone_proportion": {
            "7": 1.0
        },
        "mrca": 7,
        "size": 15029
    },
    "3": {
        "clone_proportion": {
            "2": 0.05150684931506849,
            "4": 0.19749510763209394,
            "6": 0.7509980430528376
        },
        "mrca": 2,
        "size": 25550
    },
    "4": {
        "clone_proportion": {
            "7": 1.0
        },
        "mrca": 7,
        "size": 14194
    },
    "5": {
        "clone_proportion": {
            "0": 1.0
        },
        "mrca": 0,
        "size": 25550
    },
    "6": {
        "clone_proportion": {
            "0": 0.30172845691382766,
            "1": 0.6982715430861723
        },
        "mrca": 0,
        "size": 15968
    },
    "7": {
        "clone_proportion": {
            "1": 1.0
        },
        "mrca": 1,
        "size": 12775
    },
    "8": {
        "clone_proportion": {
            "2": 0.369123103658823,
            "4": 0.2370015499506834,
            "6": 0.39387534639049365
        },
        "mrca": 2,
        "size": 21291
    },
    "9": {
        "clone_proportion": {
            "7": 1.0
        },
        "mrca": 7,
        "size": 28389
    }
}