{
    "0": {
        "clone_proportion": {
            "0": 0.84401290533366,
            "1": 0.15598709466633995
        },
        "mrca": 0,
        "size": 48972
    },
    "1": {
        "clone_proportion": {
            "3": 0.45309751551164357,
            "4": 0.5469024844883564
        },
        "mrca": 1,
        "size": 114269
    },
    "2": {
        "clone_proportion": {
            "4": 0.8075822415920607,
            "6": 0.1924177584079393
        },
        "mrca": 4,
        "size": 38089
    },
    "3": {
        "clone_proportion": {
            "1": 1.0
        },
        "mrca": 1,
        "size": 28567
    },
    "4": {
        "clone_proportion": {
            "0": 1.0
        },
        "mrca": 0,
        "size": 19044
    },
    "5": {
        "clone_proportion": {
            "3": 1.0
        },
        "mrca": 3,
        "size": 31164
    },
    "6": {
        "clone_proportion": {
            "4": 1.0
        },
        "mrca": 4,
        "size": 28567
    },
    "7": {
        "clone_proportion": {
            "3": 0.20003675537547366,
            "4": 0.7999632446245263
        },
        "mrca": 1,
        "size": 114269
    },
    "8": {
        "clone_proportion": {
            "1": 0.46535704804884526,
            "3": 0.5346429519511547
        },
        "mrca": 1,
        "size": 26369
    },
    "9": {
        "clone_proportion": {
            "4": 1.0
        },
        "mrca": 4,
        "size": 38089
    }
}