{
    "0": {
        "clone_proportion": {
            "2": 1.0
        },
        "mrca": 2,
        "size": 41386
    },
    "1": {
        "clone_proportion": {
            "2": 0.725089522594488,
            "4": 0.274910477405512
        },
        "mrca": 2,
        "size": 137954
    },
    "2": {
        "clone_proportion": {
            "2": 1.0
        },
        "mrca": 2,
        "size": 43564
    },
    "3": {
        "clone_proportion": {
            "2": 0.7566350298648832,
            "4": 0.24336497013511685
        },
        "mrca": 2,
        "size": 206932
    },
    "4": {
        "clone_proportion": {
            "0": 0.24036997839859664,
            "2": 0.7596300216014034
        },
        "mrca": 0,
        "size": 68977
    },
    "5": {
        "clone_proportion": {
            "2": 0.3942563257495216,
            "4": 0.6057436742504784
        },
        "mrca": 2,
        "size": 75248
    },
    "6": {
        "clone_proportion": {
            "2": 1.0
        },
        "mrca": 2,
        "size": 82772
    },
    "7": {
        "clone_proportion": {
            "2": 1.0
        },
        "mrca": 2,
        "size": 82772
    },
    "8": {
        "clone_proportion": {
            "2": 1.0
        },
        "mrca": 2,
        "size": 68977
    },
    "9": {
        "clone_proportion": {
            "0": 0.8723942256463166,
            "2": 0.1276057743536834
        },
        "mrca": 0,
        "size": 118247
    }
}