{
    "0": {
        "clone_proportion": {
            "1": 1.0
        },
        "mrca": 1,
        "size": 55297
    },
    "1": {
        "clone_proportion": {
            "1": 1.0
        },
        "mrca": 1,
        "size": 52044
    },
    "2": {
        "clone_proportion": {
            "1": 1.0
        },
        "mrca": 1,
        "size": 44238
    },
    "3": {
        "clone_proportion": {
            "0": 0.1430544535543213,
            "1": 0.8569455464456787
        },
        "mrca": 0,
        "size": 68058
    },
    "4": {
        "clone_proportion": {
            "1": 1.0
        },
        "mrca": 1,
        "size": 49153
    },
    "5": {
        "clone_proportion": {
            "0": 0.37503390750033905,
            "1": 0.624966092499661
        },
        "mrca": 0,
        "size": 294920
    },
    "6": {
        "clone_proportion": {
            "0": 0.08244853394939633,
            "1": 0.9175514660506037
        },
        "mrca": 0,
        "size": 126394
    },
    "7": {
        "clone_proportion": {
            "1": 1.0
        },
        "mrca": 1,
        "size": 126394
    },
    "8": {
        "clone_proportion": {
            "1": 1.0
        },
        "mrca": 1,
        "size": 98306
    },
    "9": {
        "clone_proportion": {
            "1": 1.0
        },
        "mrca": 1,
        "size": 73730
    }
}