{
    "0": {
        "clone_proportion": {
            "2": 1.0
        },
        "mrca": 2,
        "size": 58673
    },
    "1": {
        "clone_proportion": {
            "2": 1.0
        },
        "mrca": 2,
        "size": 27792
    },
    "2": {
        "clone_proportion": {
            "4": 0.49857685818008285,
            "5": 0.0639987728597481,
            "6": 0.0029258205080133393,
            "7": 0.22328271379794226,
            "8": 0.00046017759446423395,
            "9": 0.21075565705974922
        },
        "mrca": 0,
        "size": 176019
    },
    "3": {
        "clone_proportion": {
            "5": 0.06540557021090446,
            "6": 0.006826888662062383,
            "7": 0.5209910256240307,
            "8": 0.0010737436536447631,
            "9": 0.40570277184935777
        },
        "mrca": 0,
        "size": 75437
    },
    "4": {
        "clone_proportion": {
            "7": 0.6360785383146986,
            "8": 0.0018407417507499317,
            "9": 0.36208071993455143
        },
        "mrca": 4,
        "size": 44004
    },
    "5": {
        "clone_proportion": {
            "4": 1.0
        },
        "mrca": 4,
        "size": 37718
    },
    "6": {
        "clone_proportion": {
            "2": 1.0
        },
        "mrca": 2,
        "size": 176019
    },
    "7": {
        "clone_proportion": {
            "2": 0.1774660263305407,
            "3": 0.000318148075204145,
            "4": 0.8222158255942551
        },
        "mrca": 0,
        "size": 66007
    },
    "8": {
        "clone_proportion": {
            "0": 0.9372396030603742,
            "1": 0.06276039693962579
        },
        "mrca": 0,
        "size": 26402
    },
    "9": {
        "clone_proportion": {
            "2": 1.0
        },
        "mrca": 2,
        "size": 29336
    }
}