{
    "N_max": 813007,
    "M": 813007,
    "picking": "adjacent",
    "mutation_rate": 47.136261062592645,
    "P_death": 0.15079554265836778,
    "D": 640,
    "new_clone_frequency": 0.011026721881576652,
    "depth_sequencing": 100,
    "min_alt_reads": 2,
    "n_sequencing": 10,
    "max_horizontal": 2
}