{
    "0": {
        "clone_proportion": {
            "3": 1.0
        },
        "mrca": 3,
        "size": 23450
    },
    "1": {
        "clone_proportion": {
            "0": 1.0
        },
        "mrca": 0,
        "size": 15242
    },
    "2": {
        "clone_proportion": {
            "0": 1.0
        },
        "mrca": 0,
        "size": 16044
    },
    "3": {
        "clone_proportion": {
            "3": 0.24476460399937017,
            "4": 0.1552314596126594,
            "5": 0.035466855613289244,
            "6": 0.5645370807746811
        },
        "mrca": 1,
        "size": 50808
    },
    "4": {
        "clone_proportion": {
            "0": 1.0
        },
        "mrca": 0,
        "size": 15242
    },
    "5": {
        "clone_proportion": {
            "1": 0.5785965464756206,
            "2": 0.01010339579068913,
            "3": 0.4113000577336902
        },
        "mrca": 0,
        "size": 38106
    },
    "6": {
        "clone_proportion": {
            "0": 1.0
        },
        "mrca": 0,
        "size": 15242
    },
    "7": {
        "clone_proportion": {
            "3": 0.8529365454259171,
            "4": 0.10348763974177295,
            "5": 0.0236445704088595,
            "6": 0.019931244423450376
        },
        "mrca": 1,
        "size": 76212
    },
    "8": {
        "clone_proportion": {
            "3": 1.0
        },
        "mrca": 3,
        "size": 23450
    },
    "9": {
        "clone_proportion": {
            "6": 0.9258627476709094,
            "7": 0.07413725232909067
        },
        "mrca": 6,
        "size": 15242
    }
}