{
    "N_max": 632911,
    "M": 632911,
    "picking": "adjacent",
    "mutation_rate": 29.89670786508917,
    "P_death": 0.06125371877062149,
    "D": 640,
    "new_clone_frequency": 0.031233169231068475,
    "depth_sequencing": 100,
    "min_alt_reads": 2,
    "n_sequencing": 10,
    "max_horizontal": 2
}