{
    "0": {
        "clone_proportion": {
            "6": 0.8237762875781215,
            "7": 0.010431397594391984,
            "8": 0.16579231482748658
        },
        "mrca": 3,
        "size": 65763
    },
    "1": {
        "clone_proportion": {
            "4": 1.0
        },
        "mrca": 4,
        "size": 98644
    },
    "2": {
        "clone_proportion": {
            "4": 1.0
        },
        "mrca": 4,
        "size": 98644
    },
    "3": {
        "clone_proportion": {
            "4": 1.0
        },
        "mrca": 4,
        "size": 123305
    },
    "4": {
        "clone_proportion": {
            "4": 1.0
        },
        "mrca": 4,
        "size": 123305
    },
    "5": {
        "clone_proportion": {
            "4": 1.0
        },
        "mrca": 4,
        "size": 75880
    },
    "6": {
        "clone_proportion": {
            "4": 0.36185328310578196,
            "5": 2.0274845809797617e-05,
            "6": 0.3380506141250796,
            "7": 0.002781708845104233,
            "8": 0.2851657063148035,
            "9": 0.0007298944491527142,
            "10": 0.001240820563559614,
            "11": 0.010157697750708607
        },
        "mrca": 1,
        "size": 246611
    },
    "7": {
        "clone_proportion": {
            "4": 1.0
        },
        "mrca": 4,
        "size": 70460
    },
    "8": {
        "clone_proportion": {
            "4": 1.0
        },
        "mrca": 4,
        "size": 197289
    },
    "9": {
        "clone_proportion": {
            "4": 1.0
        },
        "mrca": 4,
        "size": 65763
    }
}