{
    "0": {
        "clone_proportion": {
            "0": 0.2088920889208892,
            "1": 0.44931449314493144,
            "2": 0.000990009900099001,
            "3": 0.05358053580535806,
            "4": 0.04032040320403204,
            "5": 0.02985029850298503,
            "6": 0.002910029100291003,
            "7": 0.04131041310413104,
            "8": 0.022860228602286023,
            "9": 0.003030030300303003,
            "10": 0.0036900369003690036,
            "11": 0.0054900549005490054,
            "12": 0.02739027390273903,
            "13": 0.021180211802118022,
            "14": 0.00966009660096601,
            "15": 0.0036600366003660036,
            "16": 0.011190111901119012,
            "17": 0.0017100171001710018,
            "18": 0.0026700267002670026,
            "19": 0.03990039900399004,
            "20": 0.02040020400204002
        },
        "mrca": 0,
        "size": 33333
    },
    "1": {
        "clone_proportion": {
            "0": 1.0
        },
        "mrca": 0,
        "size": 6666
    },
    "2": {
        "clone_proportion": {
            "0": 1.0
        },
        "mrca": 0,
        "size": 10000
    },
    "3": {
        "clone_proportion": {
            "0": 1.0
        },
        "mrca": 0,
        "size": 10000
    },
    "4": {
        "clone_proportion": {
            "0": 1.0
        },
        "mrca": 0,
        "size": 14285
    },
    "5": {
        "clone_proportion": {
            "1": 0.53872,
            "2": 0.00132,
            "3": 0.07144,
            "4": 0.05376,
            "5": 0.0398,
            "6": 0.00388,
            "7": 0.05508,
            "8": 0.03048,
            "9": 0.00404,
            "10": 0.00492,
            "11": 0.00732,
            "12": 0.03652,
            "13": 0.02824,
            "14": 0.01288,
            "15": 0.00488,
            "16": 0.01492,
            "17": 0.00228,
            "18": 0.00356,
            "19": 0.0532,
            "20": 0.03276
        },
        "mrca": 0,
        "size": 25000
    },
    "6": {
        "clone_proportion": {
            "1": 0.49887986558387004,
            "2": 0.004620554466535984,
            "3": 0.2500700084010081,
            "4": 0.18818258190982917,
            "5": 0.05824698963875665
        },
        "mrca": 0,
        "size": 7142
    },
    "7": {
        "clone_proportion": {
            "0": 1.0
        },
        "mrca": 0,
        "size": 14285
    },
    "8": {
        "clone_proportion": {
            "0": 1.0
        },
        "mrca": 0,
        "size": 9090
    },
    "9": {
        "clone_proportion": {
            "0": 1.0
        },
        "mrca": 0,
        "size": 10000
    }
}