{
    "0": {
        "clone_proportion": {
            "0": 1.0
        },
        "mrca": 0,
        "size": 38461
    },
    "1": {
        "clone_proportion": {
            "3": 0.042371271138134145,
            "4": 0.0009500285008550256,
            "5": 0.18787763632908988,
            "6": 0.04370131103933118,
            "7": 0.21957058711761354,
            "8": 0.01520045601368041,
            "9": 0.1740072202166065,
            "10": 0.00019000570017100514,
            "11": 0.07372221166634998,
            "12": 0.24240927227816836
        },
        "mrca": 0,
        "size": 26315
    },
    "2": {
        "clone_proportion": {
            "0": 1.0
        },
        "mrca": 0,
        "size": 71428
    },
    "3": {
        "clone_proportion": {
            "1": 1.0
        },
        "mrca": 1,
        "size": 25000
    },
    "4": {
        "clone_proportion": {
            "15": 0.017728,
            "16": 4e-05,
            "17": 0.002048,
            "18": 0.398784,
            "19": 0.004832,
            "20": 0.008376,
            "21": 4e-05,
            "22": 0.003264,
            "23": 0.011136,
            "24": 0.00464,
            "25": 0.007184,
            "26": 0.074048,
            "27": 0.37064,
            "28": 0.006232,
            "29": 0.016392,
            "30": 0.000424,
            "31": 0.001744,
            "32": 0.002856,
            "33": 0.006896,
            "34": 0.000216,
            "35": 0.000664,
            "36": 0.005224,
            "37": 0.000984,
            "38": 0.002456,
            "39": 0.001288,
            "40": 2.4e-05,
            "41": 0.005976,
            "42": 8e-06,
            "43": 4e-05,
            "44": 0.0092,
            "45": 0.0008,
            "46": 0.00124,
            "47": 0.018032,
            "48": 0.004024,
            "49": 0.001216,
            "50": 0.000104,
            "51": 0.000296,
            "52": 0.003024,
            "53": 0.000872,
            "54": 0.00376,
            "55": 0.000224,
            "56": 0.000112,
            "57": 0.000832,
            "58": 0.00208
        },
        "mrca": 0,
        "size": 125000
    },
    "5": {
        "clone_proportion": {
            "2": 0.2805699279789917,
            "3": 0.37073919034866487,
            "4": 0.0006500091001274018,
            "5": 0.12854579964119497,
            "6": 0.02990041860586048,
            "7": 0.1502301032214451,
            "8": 0.010400145602038429,
            "9": 0.028964405501677025
        },
        "mrca": 0,
        "size": 38461
    },
    "6": {
        "clone_proportion": {
            "0": 0.46936,
            "1": 0.53064
        },
        "mrca": 0,
        "size": 125000
    },
    "7": {
        "clone_proportion": {
            "2": 1.0
        },
        "mrca": 2,
        "size": 83333
    },
    "8": {
        "clone_proportion": {
            "0": 1.0
        },
        "mrca": 0,
        "size": 27777
    },
    "9": {
        "clone_proportion": {
            "0": 1.0
        },
        "mrca": 0,
        "size": 35714
    }
}