{
    "0": {
        "clone_proportion": {
            "1": 0.8120297443569323,
            "2": 0.1879702556430677
        },
        "mrca": 0,
        "size": 45454
    },
    "1": {
        "clone_proportion": {
            "5": 0.5833590003080037,
            "6": 0.4074228890746689,
            "7": 0.009218110617327408
        },
        "mrca": 0,
        "size": 45454
    },
    "2": {
        "clone_proportion": {
            "5": 1.0
        },
        "mrca": 5,
        "size": 29411
    },
    "3": {
        "clone_proportion": {
            "0": 1.0
        },
        "mrca": 0,
        "size": 25000
    },
    "4": {
        "clone_proportion": {
            "5": 1.0
        },
        "mrca": 5,
        "size": 25000
    },
    "5": {
        "clone_proportion": {
            "5": 1.0
        },
        "mrca": 5,
        "size": 125000
    },
    "6": {
        "clone_proportion": {
            "10": 0.663226611625786,
            "11": 0.014976239619833917,
            "12": 0.02313637018192291,
            "13": 2.4000384006144097e-05,
            "14": 0.004248067969087505,
            "15": 0.0002640042240675851,
            "16": 0.0011760188163010608,
            "17": 0.08289732635722172,
            "18": 0.10300964815437047,
            "19": 0.0011280180482887727,
            "20": 0.010200163202611242,
            "21": 2.4000384006144097e-05,
            "22": 0.013224211587385399,
            "23": 0.08246531944511112
        },
        "mrca": 0,
        "size": 41666
    },
    "7": {
        "clone_proportion": {
            "8": 0.17052170521705218,
            "9": 0.017850178501785018,
            "10": 0.8116281162811628
        },
        "mrca": 0,
        "size": 33333
    },
    "8": {
        "clone_proportion": {
            "2": 0.94562356498852,
            "3": 0.03393627149017192,
            "4": 0.02044016352130817
        },
        "mrca": 0,
        "size": 35714
    },
    "9": {
        "clone_proportion": {
            "0": 0.315256,
            "1": 0.684744
        },
        "mrca": 0,
        "size": 125000
    }
}