{
    "0": {
        "clone_proportion": {
            "3": 0.4326584507042254,
            "4": 0.5673415492957746
        },
        "mrca": 3,
        "size": 29536
    },
    "1": {
        "clone_proportion": {
            "4": 1.0
        },
        "mrca": 4,
        "size": 63996
    },
    "2": {
        "clone_proportion": {
            "4": 1.0
        },
        "mrca": 4,
        "size": 27426
    },
    "3": {
        "clone_proportion": {
            "0": 0.4242973519178282,
            "1": 0.05158655749317666,
            "2": 0.0035627226701668855,
            "3": 0.5205533679188282
        },
        "mrca": 0,
        "size": 95994
    },
    "4": {
        "clone_proportion": {
            "0": 1.0
        },
        "mrca": 0,
        "size": 20209
    },
    "5": {
        "clone_proportion": {
            "0": 1.0
        },
        "mrca": 0,
        "size": 21332
    },
    "6": {
        "clone_proportion": {
            "0": 1.0
        },
        "mrca": 0,
        "size": 23998
    },
    "7": {
        "clone_proportion": {
            "4": 1.0
        },
        "mrca": 4,
        "size": 19198
    },
    "8": {
        "clone_proportion": {
            "0": 1.0
        },
        "mrca": 0,
        "size": 47997
    },
    "9": {
        "clone_proportion": {
            "4": 1.0
        },
        "mrca": 4,
        "size": 21332
    }
}