{
    "n_event": 120625,
    "clone_proportion": {
        "0": 0.9993731488960689,
        "1": 0.00032394318793753363,
        "2": 0.00030290791599353796
    },
    "clones": [
        {
            "id": 0,
            "fitness": 0,
            "ancestor": null,
            "dead_lineage": false,
            "size": 238731,
            "tmb": 100
        },
        {
            "id": 1,
            "fitness": 0.5925318011844036,
            "ancestor": 0,
            "dead_lineage": false,
            "size": 77,
            "tmb": 344
        },
        {
            "id": 2,
            "fitness": 1.1488168203424658,
            "ancestor": 0,
            "dead_lineage": false,
            "size": 73,
            "tmb": 396
        }
    ]
}