{
    "0": {
        "clone_proportion": {
            "3": 1.0
        },
        "mrca": 3,
        "size": 70038
    },
    "1": {
        "clone_proportion": {
            "3": 1.0
        },
        "mrca": 3,
        "size": 44569
    },
    "2": {
        "clone_proportion": {
            "6": 1.0
        },
        "mrca": 6,
        "size": 49026
    },
    "3": {
        "clone_proportion": {
            "3": 1.0
        },
        "mrca": 3,
        "size": 54474
    },
    "4": {
        "clone_proportion": {
            "3": 0.16223029947008358,
            "5": 0.6368726364871314,
            "6": 0.20089706404278493
        },
        "mrca": 3,
        "size": 163422
    },
    "5": {
        "clone_proportion": {
            "6": 1.0
        },
        "mrca": 6,
        "size": 37712
    },
    "6": {
        "clone_proportion": {
            "6": 1.0
        },
        "mrca": 6,
        "size": 70038
    },
    "7": {
        "clone_proportion": {
            "6": 1.0
        },
        "mrca": 6,
        "size": 44569
    },
    "8": {
        "clone_proportion": {
            "3": 1.0
        },
        "mrca": 3,
        "size": 40855
    },
    "9": {
        "clone_proportion": {
            "0": 0.7711418431036593,
            "2": 0.05375107086035981,
            "3": 0.1751070860359809
        },
        "mrca": 0,
        "size": 40855
    }
}