{
    "0": {
        "clone_proportion": {
            "5": 1.0
        },
        "mrca": 5,
        "size": 31432
    },
    "1": {
        "clone_proportion": {
            "2": 1.0
        },
        "mrca": 2,
        "size": 31432
    },
    "2": {
        "clone_proportion": {
            "0": 1.0
        },
        "mrca": 0,
        "size": 33087
    },
    "3": {
        "clone_proportion": {
            "2": 1.0
        },
        "mrca": 2,
        "size": 31432
    },
    "4": {
        "clone_proportion": {
            "4": 1.0
        },
        "mrca": 4,
        "size": 69850
    },
    "5": {
        "clone_proportion": {
            "1": 1.0
        },
        "mrca": 1,
        "size": 62865
    },
    "6": {
        "clone_proportion": {
            "2": 1.0
        },
        "mrca": 2,
        "size": 69850
    },
    "7": {
        "clone_proportion": {
            "1": 0.5518946184595855,
            "2": 0.44810538154041446
        },
        "mrca": 0,
        "size": 89807
    },
    "8": {
        "clone_proportion": {
            "7": 0.738415652588881,
            "8": 0.25845860176568836,
            "9": 0.0031257456454306847
        },
        "mrca": 0,
        "size": 41910
    },
    "9": {
        "clone_proportion": {
            "2": 1.0
        },
        "mrca": 2,
        "size": 41910
    }
}