{
    "n_event": 352113,
    "clone_proportion": {
        "0": 0.9997952571026062,
        "2": 0.0002047428973937544
    },
    "clones": [
        {
            "id": 0,
            "fitness": 0,
            "ancestor": null,
            "dead_lineage": false,
            "size": 589531,
            "tmb": 100
        },
        {
            "id": 1,
            "fitness": 1.5814010337530833,
            "ancestor": 0,
            "dead_lineage": true,
            "size": 1,
            "tmb": 489
        },
        {
            "id": 2,
            "fitness": 0.6113654493351156,
            "ancestor": 0,
            "dead_lineage": false,
            "size": 127,
            "tmb": 408
        }
    ]
}