{
    "0": {
        "clone_proportion": {
            "0": 1.0
        },
        "mrca": 0,
        "size": 166666
    },
    "1": {
        "clone_proportion": {
            "4": 1.0
        },
        "mrca": 4,
        "size": 125000
    },
    "2": {
        "clone_proportion": {
            "4": 0.515078120624965,
            "5": 0.027258218065744525,
            "6": 0.4576636613092905
        },
        "mrca": 0,
        "size": 71428
    },
    "3": {
        "clone_proportion": {
            "10": 0.81281,
            "11": 0.00457,
            "12": 0.13507,
            "13": 0.0281,
            "14": 0.01945
        },
        "mrca": 0,
        "size": 100000
    },
    "4": {
        "clone_proportion": {
            "0": 1.0
        },
        "mrca": 0,
        "size": 100000
    },
    "5": {
        "clone_proportion": {
            "0": 0.773359733597336,
            "1": 0.11764917649176491,
            "2": 0.1089910899108991
        },
        "mrca": 0,
        "size": 55555
    },
    "6": {
        "clone_proportion": {
            "4": 1.0
        },
        "mrca": 4,
        "size": 41666
    },
    "7": {
        "clone_proportion": {
            "0": 1.0
        },
        "mrca": 0,
        "size": 100000
    },
    "8": {
        "clone_proportion": {
            "4": 1.0
        },
        "mrca": 4,
        "size": 31250
    },
    "9": {
        "clone_proportion": {
            "0": 1.0
        },
        "mrca": 0,
        "size": 166666
    }
}