{
    "0": {
        "clone_proportion": {
            "0": 1.0
        },
        "mrca": 0,
        "size": 470515
    },
    "1": {
        "clone_proportion": {
            "0": 1.0
        },
        "mrca": 0,
        "size": 445751
    },
    "2": {
        "clone_proportion": {
            "3": 0.48194619866248195,
            "4": 0.11355218496425135,
            "5": 0.19737028071726143,
            "6": 0.002227701115645282,
            "7": 0.0006012325266796934,
            "8": 0.03998196302419961,
            "9": 0.16432043898948068
        },
        "mrca": 0,
        "size": 445751
    },
    "3": {
        "clone_proportion": {
            "1": 1.0
        },
        "mrca": 1,
        "size": 445751
    },
    "4": {
        "clone_proportion": {
            "0": 1.0
        },
        "mrca": 0,
        "size": 423464
    },
    "5": {
        "clone_proportion": {
            "1": 1.0
        },
        "mrca": 1,
        "size": 423464
    },
    "6": {
        "clone_proportion": {
            "1": 1.0
        },
        "mrca": 1,
        "size": 564618
    },
    "7": {
        "clone_proportion": {
            "0": 0.1994715017097085,
            "1": 0.8005284982902915
        },
        "mrca": 0,
        "size": 1693856
    },
    "8": {
        "clone_proportion": {
            "0": 1.0
        },
        "mrca": 0,
        "size": 1209897
    },
    "9": {
        "clone_proportion": {
            "0": 0.02690760017380462,
            "1": 0.9730923998261953
        },
        "mrca": 0,
        "size": 529330
    },
    "10": {
        "clone_proportion": {
            "0": 1.0
        },
        "mrca": 0,
        "size": 1411546
    },
    "11": {
        "clone_proportion": {
            "1": 0.8802646742107948,
            "2": 0.0029726257722025957,
            "3": 0.11676270001700263
        },
        "mrca": 0,
        "size": 2117320
    },
    "12": {
        "clone_proportion": {
            "1": 0.8976643702492266,
            "2": 0.0022294695923938744,
            "3": 0.10010616015837948
        },
        "mrca": 0,
        "size": 2823093
    },
    "13": {
        "clone_proportion": {
            "0": 1.0
        },
        "mrca": 0,
        "size": 564618
    },
    "14": {
        "clone_proportion": {
            "1": 1.0
        },
        "mrca": 1,
        "size": 529330
    },
    "15": {
        "clone_proportion": {
            "9": 1.0
        },
        "mrca": 9,
        "size": 423464
    },
    "16": {
        "clone_proportion": {
            "1": 1.0
        },
        "mrca": 1,
        "size": 1411546
    },
    "17": {
        "clone_proportion": {
            "0": 1.0
        },
        "mrca": 0,
        "size": 846928
    },
    "18": {
        "clone_proportion": {
            "1": 1.0
        },
        "mrca": 1,
        "size": 564618
    },
    "19": {
        "clone_proportion": {
            "1": 1.0
        },
        "mrca": 1,
        "size": 1411546
    },
    "20": {
        "clone_proportion": {
            "1": 1.0
        },
        "mrca": 1,
        "size": 705773
    },
    "21": {
        "clone_proportion": {
            "9": 1.0
        },
        "mrca": 9,
        "size": 705773
    },
    "22": {
        "clone_proportion": {
            "1": 1.0
        },
        "mrca": 1,
        "size": 423464
    },
    "23": {
        "clone_proportion": {
            "0": 1.0
        },
        "mrca": 0,
        "size": 470515
    },
    "24": {
        "clone_proportion": {
            "9": 1.0
        },
        "mrca": 9,
        "size": 498192
    },
    "25": {
        "clone_proportion": {
            "9": 1.0
        },
        "mrca": 9,
        "size": 941031
    },
    "26": {
        "clone_proportion": {
            "0": 1.0
        },
        "mrca": 0,
        "size": 1693856
    },
    "27": {
        "clone_proportion": {
            "1": 1.0
        },
        "mrca": 1,
        "size": 2823093
    },
    "28": {
        "clone_proportion": {
            "9": 1.0
        },
        "mrca": 9,
        "size": 941031
    },
    "29": {
        "clone_proportion": {
            "0": 0.5863747567679897,
            "1": 0.4136252432320103
        },
        "mrca": 0,
        "size": 2117320
    },
    "30": {
        "clone_proportion": {
            "1": 1.0
        },
        "mrca": 1,
        "size": 1411546
    },
    "31": {
        "clone_proportion": {
            "1": 1.0
        },
        "mrca": 1,
        "size": 1058660
    },
    "32": {
        "clone_proportion": {
            "1": 1.0
        },
        "mrca": 1,
        "size": 445751
    },
    "33": {
        "clone_proportion": {
            "1": 0.33736508149040784,
            "2": 0.006688408777181623,
            "3": 0.30122918373571117,
            "4": 0.05378781357893629,
            "5": 0.09349107521431281,
            "6": 0.0010552255983065383,
            "7": 0.00028479401847548064,
            "8": 0.01893880222861946,
            "9": 0.1871596153580488
        },
        "mrca": 0,
        "size": 941031
    },
    "34": {
        "clone_proportion": {
            "3": 0.021339722545350985,
            "4": 0.03585855508782569,
            "5": 0.06232740555391039,
            "6": 0.0007034839813934509,
            "7": 0.00018986274623710456,
            "8": 0.012625872624767453,
            "9": 0.8669550974605149
        },
        "mrca": 0,
        "size": 1411546
    },
    "35": {
        "clone_proportion": {
            "1": 1.0
        },
        "mrca": 1,
        "size": 846928
    },
    "36": {
        "clone_proportion": {
            "1": 1.0
        },
        "mrca": 1,
        "size": 564618
    },
    "37": {
        "clone_proportion": {
            "1": 1.0
        },
        "mrca": 1,
        "size": 423464
    },
    "38": {
        "clone_proportion": {
            "1": 1.0
        },
        "mrca": 1,
        "size": 1058660
    },
    "39": {
        "clone_proportion": {
            "0": 0.08835981334895056,
            "1": 0.9116401866510494
        },
        "mrca": 0,
        "size": 2117320
    },
    "40": {
        "clone_proportion": {
            "1": 1.0
        },
        "mrca": 1,
        "size": 705773
    },
    "41": {
        "clone_proportion": {
            "1": 1.0
        },
        "mrca": 1,
        "size": 1411546
    },
    "42": {
        "clone_proportion": {
            "9": 1.0
        },
        "mrca": 9,
        "size": 2117320
    },
    "43": {
        "clone_proportion": {
            "1": 1.0
        },
        "mrca": 1,
        "size": 846928
    },
    "44": {
        "clone_proportion": {
            "0": 0.5114443626192974,
            "1": 0.4885556373807027
        },
        "mrca": 0,
        "size": 2823093
    },
    "45": {
        "clone_proportion": {
            "0": 1.0
        },
        "mrca": 0,
        "size": 1058660
    },
    "46": {
        "clone_proportion": {
            "0": 0.7041748181870027,
            "1": 0.29582518181299733
        },
        "mrca": 0,
        "size": 2823093
    },
    "47": {
        "clone_proportion": {
            "5": 0.09627123663211075,
            "6": 0.002227701115645282,
            "7": 0.0006012325266796934,
            "8": 0.03998196302419961,
            "9": 0.8609178667013646
        },
        "mrca": 0,
        "size": 445751
    },
    "48": {
        "clone_proportion": {
            "9": 1.0
        },
        "mrca": 9,
        "size": 445751
    },
    "49": {
        "clone_proportion": {
            "9": 1.0
        },
        "mrca": 9,
        "size": 1693856
    },
    "50": {
        "clone_proportion": {
            "0": 1.0
        },
        "mrca": 0,
        "size": 846928
    },
    "51": {
        "clone_proportion": {
            "1": 1.0
        },
        "mrca": 1,
        "size": 705773
    },
    "52": {
        "clone_proportion": {
            "1": 1.0
        },
        "mrca": 1,