{
    "0": {
        "clone_proportion": {
            "0": 1.0
        },
        "mrca": 0,
        "size": 27062
    },
    "1": {
        "clone_proportion": {
            "2": 1.0
        },
        "mrca": 2,
        "size": 42848
    },
    "2": {
        "clone_proportion": {
            "0": 1.0
        },
        "mrca": 0,
        "size": 128545
    },
    "3": {
        "clone_proportion": {
            "0": 0.3473505284162294,
            "1": 0.6526494715837706
        },
        "mrca": 0,
        "size": 27062
    },
    "4": {
        "clone_proportion": {
            "2": 1.0
        },
        "mrca": 2,
        "size": 73454
    },
    "5": {
        "clone_proportion": {
            "2": 1.0
        },
        "mrca": 2,
        "size": 32136
    },
    "6": {
        "clone_proportion": {
            "1": 0.3334565072795802,
            "2": 0.6665434927204198
        },
        "mrca": 0,
        "size": 27062
    },
    "7": {
        "clone_proportion": {
            "1": 0.5526071659869423,
            "2": 0.4473928340130577
        },
        "mrca": 0,
        "size": 57131
    },
    "8": {
        "clone_proportion": {
            "0": 1.0
        },
        "mrca": 0,
        "size": 30246
    },
    "9": {
        "clone_proportion": {
            "0": 1.0
        },
        "mrca": 0,
        "size": 30246
    }
}