{
    "0": {
        "clone_proportion": {
            "2": 1.0
        },
        "mrca": 2,
        "size": 14662
    },
    "1": {
        "clone_proportion": {
            "3": 1.0
        },
        "mrca": 3,
        "size": 14662
    },
    "2": {
        "clone_proportion": {
            "2": 0.5736622766871629,
            "3": 0.4263377233128372
        },
        "mrca": 2,
        "size": 92863
    },
    "3": {
        "clone_proportion": {
            "3": 1.0
        },
        "mrca": 3,
        "size": 39798
    },
    "4": {
        "clone_proportion": {
            "0": 0.3814774930002154,
            "1": 0.03015291837174241,
            "2": 0.5883695886280422
        },
        "mrca": 0,
        "size": 23215
    },
    "5": {
        "clone_proportion": {
            "2": 0.04439873792576161,
            "3": 0.9556012620742383
        },
        "mrca": 2,
        "size": 92863
    },
    "6": {
        "clone_proportion": {
            "5": 1.0
        },
        "mrca": 5,
        "size": 19899
    },
    "7": {
        "clone_proportion": {
            "3": 0.4282514349713006,
            "4": 0.16962994073451865,
            "5": 0.40211862429418077
        },
        "mrca": 2,
        "size": 21429
    },
    "8": {
        "clone_proportion": {
            "0": 1.0
        },
        "mrca": 0,
        "size": 15477
    },
    "9": {
        "clone_proportion": {
            "0": 0.028457794305569516,
            "1": 0.010050684164429193,
            "2": 0.9614915215300013
        },
        "mrca": 0,
        "size": 69647
    }
}