{
    "n_event": 120625,
    "config": {
        "N_max": 120625,
        "M": 120625,
        "picking": "adjacent",
        "mutation_rate": 38.0572486843578,
        "P_death": 0.010000002503527084,
        "D": 640,
        "new_clone_frequency": 0.01176907109184553,
        "depth_sequencing": 100,
        "min_alt_reads": 2,
        "n_sequencing": 10,
        "max_horizontal": 2
    },
    "clone_proportion": {
        "0": 0.9993731488960689,
        "1": 0.00032394318793753363,
        "2": 0.00030290791599353796
    },
    "clones": [
        {
            "id": 0,
            "fitness": 0,
            "ancestor": null,
            "dead_lineage": false,
            "size": 238731,
            "tmb": 100
        },
        {
            "id": 1,
            "fitness": 0.5925318011844036,
            "ancestor": 0,
            "dead_lineage": false,
            "size": 77,
            "tmb": 344
        },
        {
            "id": 2,
            "fitness": 1.1488168203424658,
            "ancestor": 0,
            "dead_lineage": false,
            "size": 73,
            "tmb": 396
        }
    ]
}