{
    "0": {
        "clone_proportion": {
            "0": 0.7686239554317549,
            "1": 2.2284122562674096e-05,
            "2": 0.16592757660167132,
            "3": 0.000690807799442897,
            "4": 0.06473537604456825
        },
        "mrca": 0,
        "size": 44875
    },
    "1": {
        "clone_proportion": {
            "0": 1.0
        },
        "mrca": 0,
        "size": 59833
    },
    "2": {
        "clone_proportion": {
            "0": 1.0
        },
        "mrca": 0,
        "size": 11218
    },
    "3": {
        "clone_proportion": {
            "0": 1.0
        },
        "mrca": 0,
        "size": 13807
    },
    "4": {
        "clone_proportion": {
            "0": 1.0
        },
        "mrca": 0,
        "size": 35900
    },
    "5": {
        "clone_proportion": {
            "0": 1.0
        },
        "mrca": 0,
        "size": 11218
    },
    "6": {
        "clone_proportion": {
            "0": 1.0
        },
        "mrca": 0,
        "size": 17950
    },
    "7": {
        "clone_proportion": {
            "0": 1.0
        },
        "mrca": 0,
        "size": 19944
    },
    "8": {
        "clone_proportion": {
            "0": 1.0
        },
        "mrca": 0,
        "size": 16318
    },
    "9": {
        "clone_proportion": {
            "0": 0.8580223527183178,
            "1": 9.471490812653911e-05,
            "2": 0.1418829323735556
        },
        "mrca": 0,
        "size": 10558
    }
}