{
    "0": {
        "clone_proportion": {
            "0": 0.6189218209397849,
            "1": 0.2574949295246536,
            "3": 0.1235832495355615
        },
        "mrca": 0,
        "size": 58673
    },
    "1": {
        "clone_proportion": {
            "5": 0.3829593830957323,
            "6": 0.0017725392761373793,
            "7": 0.031481509536867305,
            "8": 0.16284636477949307,
            "9": 0.42094020331176996
        },
        "mrca": 1,
        "size": 66007
    },
    "2": {
        "clone_proportion": {
            "4": 1.0
        },
        "mrca": 4,
        "size": 132014
    },
    "3": {
        "clone_proportion": {
            "4": 1.0
        },
        "mrca": 4,
        "size": 37718
    },
    "4": {
        "clone_proportion": {
            "0": 0.8420909106403286,
            "1": 0.08583164317488452,
            "3": 0.07207744618478687
        },
        "mrca": 0,
        "size": 176019
    },
    "5": {
        "clone_proportion": {
            "4": 1.0
        },
        "mrca": 4,
        "size": 48005
    },
    "6": {
        "clone_proportion": {
            "3": 0.017225445786052996,
            "4": 0.982774554213947
        },
        "mrca": 1,
        "size": 132014
    },
    "7": {
        "clone_proportion": {
            "0": 1.0
        },
        "mrca": 0,
        "size": 29336
    },
    "8": {
        "clone_proportion": {
            "4": 1.0
        },
        "mrca": 4,
        "size": 105611
    },
    "9": {
        "clone_proportion": {
            "0": 1.0
        },
        "mrca": 0,
        "size": 58673
    }
}