{
    "0": {
        "clone_proportion": {
            "5": 1.0
        },
        "mrca": 5,
        "size": 63869
    },
    "1": {
        "clone_proportion": {
            "5": 0.9516892244528722,
            "6": 0.048310775547127795
        },
        "mrca": 1,
        "size": 57482
    },
    "2": {
        "clone_proportion": {
            "3": 1.0
        },
        "mrca": 3,
        "size": 35926
    },
    "3": {
        "clone_proportion": {
            "0": 0.26370863922619253,
            "1": 0.11992449810375422,
            "2": 0.03490657945095856,
            "3": 0.5814602832190947
        },
        "mrca": 0,
        "size": 114964
    },
    "4": {
        "clone_proportion": {
            "3": 1.0
        },
        "mrca": 3,
        "size": 47901
    },
    "5": {
        "clone_proportion": {
            "3": 1.0
        },
        "mrca": 3,
        "size": 57482
    },
    "6": {
        "clone_proportion": {
            "3": 1.0
        },
        "mrca": 3,
        "size": 41058
    },
    "7": {
        "clone_proportion": {
            "3": 1.0
        },
        "mrca": 3,
        "size": 38321
    },
    "8": {
        "clone_proportion": {
            "3": 1.0
        },
        "mrca": 3,
        "size": 63869
    },
    "9": {
        "clone_proportion": {
            "3": 1.0
        },
        "mrca": 3,
        "size": 41058
    }
}