{
    "0": {
        "clone_proportion": {
            "0": 1.0
        },
        "mrca": 0,
        "size": 55532
    },
    "1": {
        "clone_proportion": {
            "0": 1.0
        },
        "mrca": 0,
        "size": 111065
    },
    "2": {
        "clone_proportion": {
            "0": 0.7492058690062018,
            "1": 0.2507941309937982
        },
        "mrca": 0,
        "size": 39666
    },
    "3": {
        "clone_proportion": {
            "0": 1.0
        },
        "mrca": 0,
        "size": 27766
    },
    "4": {
        "clone_proportion": {
            "0": 1.0
        },
        "mrca": 0,
        "size": 55532
    },
    "5": {
        "clone_proportion": {
            "0": 0.09490675713637445,
            "1": 0.7820947771030966,
            "3": 0.12299846576052899
        },
        "mrca": 0,
        "size": 92554
    },
    "6": {
        "clone_proportion": {
            "1": 0.2789536805938219,
            "3": 0.3581083271206768,
            "4": 0.3629379922855013
        },
        "mrca": 1,
        "size": 61702
    },
    "7": {
        "clone_proportion": {
            "3": 0.4189815565135652,
            "4": 0.5810184434864348
        },
        "mrca": 1,
        "size": 30851
    },
    "8": {
        "clone_proportion": {
            "0": 1.0
        },
        "mrca": 0,
        "size": 30851
    },
    "9": {
        "clone_proportion": {
            "0": 1.0
        },
        "mrca": 0,
        "size": 111065
    }
}