{
    "0": {
        "clone_proportion": {
            "0": 1.0
        },
        "mrca": 0,
        "size": 59157
    },
    "1": {
        "clone_proportion": {
            "0": 1.0
        },
        "mrca": 0,
        "size": 46011
    },
    "2": {
        "clone_proportion": {
            "0": 1.0
        },
        "mrca": 0,
        "size": 276068
    },
    "3": {
        "clone_proportion": {
            "0": 0.23615558485590507,
            "1": 0.763844415144095
        },
        "mrca": 0,
        "size": 63708
    },
    "4": {
        "clone_proportion": {
            "1": 1.0
        },
        "mrca": 1,
        "size": 43589
    },
    "5": {
        "clone_proportion": {
            "0": 0.20606517234884159,
            "1": 0.7939348276511584
        },
        "mrca": 0,
        "size": 276068
    },
    "6": {
        "clone_proportion": {
            "1": 0.9144691404533183,
            "2": 0.06142085766308784,
            "4": 0.0241100018835939
        },
        "mrca": 0,
        "size": 63708
    },
    "7": {
        "clone_proportion": {
            "0": 1.0
        },
        "mrca": 0,
        "size": 82820
    },
    "8": {
        "clone_proportion": {
            "0": 1.0
        },
        "mrca": 0,
        "size": 63708
    },
    "9": {
        "clone_proportion": {
            "0": 1.0
        },
        "mrca": 0,
        "size": 103525
    }
}