{
    "0": {
        "clone_proportion": {
            "0": 1.0
        },
        "mrca": 0,
        "size": 15850
    },
    "1": {
        "clone_proportion": {
            "0": 1.0
        },
        "mrca": 0,
        "size": 14265
    },
    "2": {
        "clone_proportion": {
            "1": 0.29396549004763256,
            "2": 0.08652723888836314,
            "3": 0.6195072710640043
        },
        "mrca": 0,
        "size": 31701
    },
    "3": {
        "clone_proportion": {
            "3": 1.0
        },
        "mrca": 3,
        "size": 15850
    },
    "4": {
        "clone_proportion": {
            "0": 0.7282254389961796,
            "1": 0.2717745610038204
        },
        "mrca": 0,
        "size": 28531
    },
    "5": {
        "clone_proportion": {
            "5": 0.09674027339642481,
            "6": 0.19824745881528216,
            "9": 0.3505082369435682,
            "10": 0.35450403084472487
        },
        "mrca": 0,
        "size": 14265
    },
    "6": {
        "clone_proportion": {
            "0": 0.6008201605271459,
            "1": 0.2085801408993726,
            "2": 0.04807051978549648,
            "3": 0.142529178787985
        },
        "mrca": 0,
        "size": 57062
    },
    "7": {
        "clone_proportion": {
            "0": 1.0
        },
        "mrca": 0,
        "size": 40759
    },
    "8": {
        "clone_proportion": {
            "0": 1.0
        },
        "mrca": 0,
        "size": 31701
    },
    "9": {
        "clone_proportion": {
            "0": 1.0
        },
        "mrca": 0,
        "size": 21947
    }
}