{
    "0": {
        "clone_proportion": {
            "0": 0.6134989079912639,
            "1": 0.19020552164417315,
            "2": 0.1962955703645629
        },
        "mrca": 0,
        "size": 71428
    },
    "1": {
        "clone_proportion": {
            "0": 1.0
        },
        "mrca": 0,
        "size": 71428
    },
    "2": {
        "clone_proportion": {
            "4": 0.9041231236937108,
            "5": 0.05149154474634239,
            "6": 0.0443853315599468
        },
        "mrca": 0,
        "size": 26315
    },
    "3": {
        "clone_proportion": {
            "0": 1.0
        },
        "mrca": 0,
        "size": 38461
    },
    "4": {
        "clone_proportion": {
            "40": 0.45472,
            "41": 0.00768,
            "42": 0.00044,
            "43": 0.04776,
            "44": 0.00084,
            "45": 0.02788,
            "46": 0.03164,
            "47": 0.01132,
            "48": 0.01772,
            "49": 0.04076,
            "50": 0.0016,
            "51": 0.1564,
            "52": 0.00284,
            "53": 0.00124,
            "54": 0.00852,
            "55": 0.13368,
            "56": 0.00716,
            "57": 0.00444,
            "58": 0.03216,
            "59": 0.0112
        },
        "mrca": 0,
        "size": 25000
    },
    "5": {
        "clone_proportion": {
            "0": 1.0
        },
        "mrca": 0,
        "size": 100000
    },
    "6": {
        "clone_proportion": {
            "0": 1.0
        },
        "mrca": 0,
        "size": 83333
    },
    "7": {
        "clone_proportion": {
            "4": 0.4004872038976312,
            "5": 0.01897015176121409,
            "6": 0.11562692501540012,
            "7": 0.06356050848406787,
            "8": 0.00029400235201881614,
            "9": 0.27991823934591475,
            "10": 4.200033600268802e-05,
            "11": 0.009002072016576133,
            "12": 0.013062104496835975,
            "13": 0.010318082544660358,
            "14": 0.0028000224001792015,
            "15": 0.0013300106400851207,
            "16": 0.0007280058240465923,
            "17": 0.005922047376379011,
            "18": 0.07205857646861175,
            "19": 0.005880047040376323
        },
        "mrca": 0,
        "size": 71428
    },
    "8": {
        "clone_proportion": {
            "40": 0.3863330906647253,
            "41": 0.002688021504172033,
            "42": 0.0001540012320098561,
            "43": 0.016716133729069833,
            "44": 0.00029400235201881614,
            "45": 0.009758078064624517,
            "46": 0.011074088592708742,
            "47": 0.00396203169625357,
            "48": 0.006202049616396931,
            "49": 0.014266114128913031,
            "50": 0.0005600044800358403,
            "51": 0.05474043792350339,
            "52": 0.0009940079520636164,
            "53": 0.0004340034720277762,
            "54": 0.0029820238561908494,
            "55": 0.04678837430699446,
            "56": 0.0025060200481603853,
            "57": 0.0015540124320994567,
            "58": 0.01125609004872039,
            "59": 0.0501344010752086,
            "60": 0.0017360138881111048,
            "61": 0.0017360138881111048,
            "62": 7.000056000448004e-05,
            "63": 0.025200201601612814,
            "64": 0.0004900039200313603,
            "65": 0.021238169905359244,
            "66": 0.00012600100800806406,
            "67": 0.0005460043680349443,
            "68": 0.005236041888335106,
            "69": 0.0007700061600492804,
            "70": 0.011858094864758919,
            "71": 0.0011900095200761606,
            "72": 0.00029400235201881614,
            "73": 0.0013580108640869127,
            "74": 0.0002100016800134401,
            "75": 0.002030016240129921,
            "76": 0.0005880047040376323,
            "77": 0.0002660021280170241,
            "78": 0.0007560060480483844,
            "79": 0.002338018704149633,
            "80": 0.0013580108640869127,
            "81": 0.0009660077280618245,
            "82": 0.0004060032480259842,
            "83": 0.002030016240129921,
            "84": 0.0006860054880439044,
            "85": 0.0009660077280618245,
            "86": 0.0008260066080528645,
            "87": 0.016170129361034888,
            "88": 0.0025340202721621775,
            "89": 0.010164081312650501,
            "90": 0.00032200257602060816,
            "91": 0.0002380019040152321,
            "92": 1.4000112000896008e-05,
            "93": 0.0002100016800134401,
            "94": 0.016394131153049225,
            "95": 0.0003500028000224002,
            "96": 0.0007280058240465923,
            "97": 0.0004340034720277762,
            "98": 0.001904015232121857,
            "99": 0.012376099008792071,
            "100": 0.00029400235201881614,
            "101": 0.010094080752646022,
            "102": 0.0065100520804166435,
            "103": 0.0030100240801926416,
            "104": 1.4000112000896008e-05,
            "105": 0.0002660021280170241,
            "106": 0.02913423307386459,
            "107": 0.0002520020160161281,
            "108": 0.0013020104160833287,
            "109": 0.00032200257602060816,
            "110": 0.0011060088480707845,
            "111": 1.4000112000896008e-05,
            "112": 0.012012096096768773,
            "113": 0.03547628381027048,
            "114": 0.010304082432659461,
            "115": 0.0006860054880439044,
            "116": 0.0002660021280170241,
            "117": 0.0006860054880439044,
            "118": 0.0002520020160161281,
            "119": 0.0003500028000224002,
            "120": 0.0003780030240241922,
            "121": 0.0011760094080752645,
            "122": 0.0010220081760654086,
            "123": 0.0018340146721173769,
            "124": 0.0017360138881111048,
            "125": 0.02307218457747662,
            "126": 0.0005180041440331522,
            "127": 1.4000112000896008e-05,
            "128": 4.200033600268802e-05,
            "129": 0.0004340034720277762,
            "130": 0.002198017584140673,
            "131": 0.0002100016800134401,
            "132": 0.0008540068320546564,
            "133": 4.200033600268802e-05,
            "134": 0.0005180041440331522,
            "135": 0.0030240241921935377,
            "136": 4.200033600268802e-05,
            "137": 7.000056000448004e-05,
            "138": 1.4000112000896008e-05,
            "139": 0.0016660133281066248,
            "140": 0.0002100016800134401,
            "141": 0.00046200369602956824,
            "142": 0.0005740045920367363,
            "143": 0.0014140113120904966,
            "144": 0.012040096320770566,
            "145": 0.0005460043680349443,
            "146": 0.0007700061600492804,
            "147": 0.00029400235201881614,
            "148": 0.0011060088480707845,
            "149": 0.0009660077280618245,
            "150": 9.800078400627205e-05,
            "151": 1.4000112000896008e-05,
            "152": 0.04566836534692278,
            "153": 1.4000112000896008e-05,
            "154": 0.0011340090720725765,
            "155": 0.0007980063840510724,
            "156": 1.4000112000896008e-05,
            "157": 0.0012880103040824327,
            "158": 0.0008260066080528645,
            "159": 0.0006300050400403203,
            "160": 0.009408075264602116
        },
        "mrca": 0,
        "size": 71428
    },
    "9": {
        "clone_proportion": {
            "0": 1.0
        },
        "mrca": 0,
        "size": 166666
    }
}