{
    "0": {
        "clone_proportion": {
            "0": 0.021060626985223034,
            "1": 0.978939373014777
        },
        "mrca": 0,
        "size": 14482
    },
    "1": {
        "clone_proportion": {
            "0": 1.0
        },
        "mrca": 0,
        "size": 14482
    },
    "2": {
        "clone_proportion": {
            "1": 1.0
        },
        "mrca": 1,
        "size": 17824
    },
    "3": {
        "clone_proportion": {
            "1": 0.477451932414061,
            "2": 0.522548067585939
        },
        "mrca": 0,
        "size": 25745
    },
    "4": {
        "clone_proportion": {
            "1": 0.5830035346364159,
            "2": 0.4169964653635842
        },
        "mrca": 0,
        "size": 33101
    },
    "5": {
        "clone_proportion": {
            "0": 1.0
        },
        "mrca": 0,
        "size": 38618
    },
    "6": {
        "clone_proportion": {
            "1": 1.0
        },
        "mrca": 1,
        "size": 21064
    },
    "7": {
        "clone_proportion": {
            "7": 0.4320578994614004,
            "8": 0.5679421005385996
        },
        "mrca": 3,
        "size": 17824
    },
    "8": {
        "clone_proportion": {
            "1": 1.0
        },
        "mrca": 1,
        "size": 46342
    },
    "9": {
        "clone_proportion": {
            "0": 0.3822101378908526,
            "1": 0.6177898621091474
        },
        "mrca": 0,
        "size": 25745
    }
}