{
    "0": {
        "clone_proportion": {
            "6": 1.0
        },
        "mrca": 6,
        "size": 138886
    },
    "1": {
        "clone_proportion": {
            "6": 1.0
        },
        "mrca": 6,
        "size": 42734
    },
    "2": {
        "clone_proportion": {
            "6": 1.0
        },
        "mrca": 6,
        "size": 37036
    },
    "3": {
        "clone_proportion": {
            "0": 1.0
        },
        "mrca": 0,
        "size": 29239
    },
    "4": {
        "clone_proportion": {
            "0": 0.32548511358318033,
            "1": 0.4404993339813515,
            "2": 0.23112647154120317,
            "4": 0.0028890808942650392
        },
        "mrca": 0,
        "size": 111108
    },
    "5": {
        "clone_proportion": {
            "6": 1.0
        },
        "mrca": 6,
        "size": 30863
    },
    "6": {
        "clone_proportion": {
            "2": 0.16741548763365374,
            "4": 0.033232530510854306,
            "5": 3.2400907225402314e-05,
            "6": 0.7993195809482666
        },
        "mrca": 0,
        "size": 92590
    },
    "7": {
        "clone_proportion": {
            "2": 0.45901285235986605,
            "4": 0.06646506102170861,
            "5": 6.480181445080463e-05,
            "6": 0.47445728480397453
        },
        "mrca": 0,
        "size": 46295
    },
    "8": {
        "clone_proportion": {
            "0": 1.0
        },
        "mrca": 0,
        "size": 27777
    },
    "9": {
        "clone_proportion": {
            "6": 0.024570953352990095,
            "7": 0.023915727930243692,
            "8": 0.10944784657644717,
            "9": 0.6643985786648522,
            "10": 0.17766689347546685
        },
        "mrca": 2,
        "size": 39681
    }
}